samAccountName,distinguishedName,displayName,userPrincipalName,enabled,lastLogonTimestamp,memberOf,description
joseph.bowers,"CN=Joseph Bowers,OU=Manufacturing,DC=northwind,DC=local",Joseph Bowers,joseph.bowers@northwindmaterials.com,TRUE,134325707235091936,All-Employees;Manufacturing-All,"Manager, Manufacturing - Manufacturing"
johnny.miller,"CN=Johnny Miller,OU=QualityAssurance,DC=northwind,DC=local",Johnny Miller,johnny.miller@northwindmaterials.com,TRUE,134277616050519696,All-Employees;Quality-Assurance-All,QA Analyst - Quality Assurance
vincent.dillon,"CN=Vincent Dillon,OU=Manufacturing,DC=northwind,DC=local",Vincent Dillon,vincent.dillon@northwindmaterials.com,TRUE,134294369053610016,All-Employees;Manufacturing-All,Machine Operator - Manufacturing
lisa.pearson,"CN=Lisa Pearson,OU=Legal,DC=northwind,DC=local",Lisa Pearson,lisa.pearson@northwindmaterials.com,TRUE,134304692064709056,All-Employees;Legal-All,Paralegal - Legal
alexander.waters,"CN=Alexander Waters,OU=CustomerSuccess,DC=northwind,DC=local",Alexander Waters,alexander.waters@northwindmaterials.com,TRUE,134291222586774528,All-Employees;Customer-Success-All,Customer Success Associate - Customer Success
donna.espinoza,"CN=Donna Espinoza,OU=Legal,DC=northwind,DC=local",Donna Espinoza,donna.espinoza@northwindmaterials.com,TRUE,134309393391692848,All-Employees;Legal-All,Compliance Analyst - Legal
ctr.andre.grant,"CN=Andre Grant,OU=Contractors,DC=northwind,DC=local",Andre Grant,andre.grant@contractor.northwindmaterials.com,TRUE,134323972202383664,Contractors-All;All-Employees,Contractor - Staffing Partner A - vendor engagement
david.harris,"CN=David Harris,OU=InformationTechnology,DC=northwind,DC=local",David Harris,david.harris@northwindmaterials.com,FALSE,134287842081324576,All-Employees;Information-Technology-All,Systems Administrator - Information Technology
daniel.elliott,"CN=Daniel Elliott,OU=QualityAssurance,DC=northwind,DC=local",Daniel Elliott,daniel.elliott@northwindmaterials.com,TRUE,134257776916332240,All-Employees;Quality-Assurance-All,QA Analyst - Quality Assurance
andrew.deleon,"CN=Andrew Deleon,OU=Engineering,DC=northwind,DC=local",Andrew Deleon,andrew.deleon@northwindmaterials.com,TRUE,134250742410152688,All-Employees;Engineering-All,QA Engineer - Engineering
tina.herrera,"CN=Tina Herrera,OU=InformationTechnology,DC=northwind,DC=local",Tina Herrera,tina.herrera@northwindmaterials.com,TRUE,134321562911975728,All-Employees;Information-Technology-All,"Manager, Information Technology - Information Technology"
kenneth.rodriguez,"CN=Kenneth Rodriguez,OU=Manufacturing,DC=northwind,DC=local",Kenneth Rodriguez,kenneth.rodriguez@northwindmaterials.com,FALSE,134254591755909904,All-Employees;Manufacturing-All;Plant-Ops-Leads,Machine Operator - Manufacturing
erica.le,"CN=Erica Le,OU=Finance,DC=northwind,DC=local",Erica Le,erica.le@northwindmaterials.com,TRUE,134311276167228864,All-Employees;Finance-All,Accountant - Finance
john.charles,"CN=John Charles,OU=SupplyChain,DC=northwind,DC=local",John Charles,john.charles@northwindmaterials.com,TRUE,134252687538674656,All-Employees;Supply-Chain-All,Supply Chain Analyst - Supply Chain
jacob.garcia,"CN=Jacob Garcia,OU=Manufacturing,DC=northwind,DC=local",Jacob Garcia,jacob.garcia@northwindmaterials.com,TRUE,134305958456116288,All-Employees;Manufacturing-All,Plant Technician - Manufacturing
jose.huffman,"CN=Jose Huffman,OU=QualityAssurance,DC=northwind,DC=local",Jose Huffman,jose.huffman@northwindmaterials.com,TRUE,134273230428116448,All-Employees;Quality-Assurance-All,QA Analyst - Quality Assurance
renee.murphy,"CN=Renee Murphy,OU=SupplyChain,DC=northwind,DC=local",Renee Murphy,renee.murphy@northwindmaterials.com,TRUE,134278510836778448,All-Employees;Supply-Chain-All,Procurement Specialist - Supply Chain
sean.myers,"CN=Sean Myers,OU=Manufacturing,DC=northwind,DC=local",Sean Myers,sean.myers@northwindmaterials.com,FALSE,134282464263174384,All-Employees;Manufacturing-All;Plant-Ops-Leads,Production Associate - Manufacturing
holly.wang,"CN=Holly Wang,OU=SupplyChain,DC=northwind,DC=local",Holly Wang,holly.wang@northwindmaterials.com,TRUE,134279917066241872,All-Employees;Supply-Chain-All,Procurement Specialist - Supply Chain
ann.foster,"CN=Ann Foster,OU=SupplyChain,DC=northwind,DC=local",Ann Foster,ann.foster@northwindmaterials.com,FALSE,134276049048626144,All-Employees;Supply-Chain-All,Procurement Specialist - Supply Chain
james.collins,"CN=James Collins,OU=InformationTechnology,DC=northwind,DC=local",James Collins,james.collins@northwindmaterials.com,TRUE,134268348751038544,All-Employees;Information-Technology-All,"Manager, Information Technology - Information Technology"
jose.moore,"CN=Jose Moore,OU=Engineering,DC=northwind,DC=local",Jose Moore,jose.moore@northwindmaterials.com,TRUE,134255349515806176,All-Employees;Engineering-All,QA Engineer - Engineering
sean.williams,"CN=Sean Williams,OU=Finance,DC=northwind,DC=local",Sean Williams,sean.williams@northwindmaterials.com,FALSE,134306471235286544,All-Employees;Finance-All,Financial Analyst - Finance
cynthia.powell,"CN=Cynthia Powell,OU=Engineering,DC=northwind,DC=local",Cynthia Powell,cynthia.powell@northwindmaterials.com,TRUE,134323581260686304,All-Employees;Engineering-All,Senior Software Engineer - Engineering
ctr.michael.miller,"CN=Michael Miller,OU=Contractors,DC=northwind,DC=local",Michael Miller,michael.miller@contractor.northwindmaterials.com,TRUE,134255500597460816,Contractors-All;All-Employees,Contractor - Staffing Partner A - vendor engagement
kelly.brooks,"CN=Kelly Brooks,OU=Legal,DC=northwind,DC=local",Kelly Brooks,kelly.brooks@northwindmaterials.com,TRUE,134319259488277856,All-Employees;Legal-All,Compliance Analyst - Legal
tracy.kelly,"CN=Tracy Kelly,OU=SupplyChain,DC=northwind,DC=local",Tracy Kelly,tracy.kelly@northwindmaterials.com,TRUE,134319225302118912,All-Employees;Supply-Chain-All,Procurement Specialist - Supply Chain
stacey.vega,"CN=Stacey Vega,OU=QualityAssurance,DC=northwind,DC=local",Stacey Vega,stacey.vega@northwindmaterials.com,TRUE,134285038041607728,All-Employees;Quality-Assurance-All,QA Analyst - Quality Assurance
wendy.garrett,"CN=Wendy Garrett,OU=Engineering,DC=northwind,DC=local",Wendy Garrett,wendy.garrett@northwindmaterials.com,TRUE,134288940707772400,All-Employees;Engineering-All,DevOps Engineer - Engineering
svc-student20,"CN=svc-student20,OU=ServiceAccounts,DC=northwind,DC=local",svc-student20,svc-student20@northwindmaterials.com,TRUE,134321214354638560,Service-Accounts,Non-interactive service/CI account
jessica.flores,"CN=Jessica Flores,OU=Engineering,DC=northwind,DC=local",Jessica Flores,jessica.flores@northwindmaterials.com,FALSE,134312342673606960,All-Employees;Engineering-All,DevOps Engineer - Engineering
mary.stephenson,"CN=Mary Stephenson,OU=QualityAssurance,DC=northwind,DC=local",Mary Stephenson,mary.stephenson@northwindmaterials.com,TRUE,134264426376350368,All-Employees;Quality-Assurance-All,Quality Inspector - Quality Assurance
timothy.mendoza,"CN=Timothy Mendoza,OU=Operations,DC=northwind,DC=local",Timothy Mendoza,timothy.mendoza@northwindmaterials.com,FALSE,134326783340223248,All-Employees;Operations-All,Logistics Coordinator - Operations
kari.wilson,"CN=Kari Wilson,OU=Engineering,DC=northwind,DC=local",Kari Wilson,kari.wilson@northwindmaterials.com,FALSE,134304958097265056,All-Employees;Engineering-All,Senior Software Engineer - Engineering
marilyn.jimenez,"CN=Marilyn Jimenez,OU=SupplyChain,DC=northwind,DC=local",Marilyn Jimenez,marilyn.jimenez@northwindmaterials.com,TRUE,134298836374753136,All-Employees;Supply-Chain-All,Supply Chain Analyst - Supply Chain
mary.richardson,"CN=Mary Richardson,OU=CustomerSuccess,DC=northwind,DC=local",Mary Richardson,mary.richardson@northwindmaterials.com,FALSE,134268524179923552,All-Employees;Customer-Success-All,Support Specialist - Customer Success
andrew.clark,"CN=Andrew Clark,OU=Legal,DC=northwind,DC=local",Andrew Clark,andrew.clark@northwindmaterials.com,TRUE,134272572761433808,All-Employees;Legal-All,Paralegal - Legal
amanda.glover,"CN=Amanda Glover,OU=Finance,DC=northwind,DC=local",Amanda Glover,amanda.glover@northwindmaterials.com,FALSE,134287983027890496,All-Employees;Finance-All,Accountant - Finance
troy.khan,"CN=Troy Khan,OU=Finance,DC=northwind,DC=local",Troy Khan,troy.khan@northwindmaterials.com,TRUE,134315918322273312,All-Employees;Finance-All,AP Specialist - Finance
joshua.pineda,"CN=Joshua Pineda,OU=CustomerSuccess,DC=northwind,DC=local",Joshua Pineda,joshua.pineda@northwindmaterials.com,TRUE,134252484760513040,All-Employees;Customer-Success-All,Customer Success Associate - Customer Success
jacqueline.farrell,"CN=Jacqueline Farrell,OU=Operations,DC=northwind,DC=local",Jacqueline Farrell,jacqueline.farrell@northwindmaterials.com,TRUE,134309810542861424,All-Employees;Operations-All,Operations Analyst - Operations
jacob.smith,"CN=Jacob Smith,OU=Legal,DC=northwind,DC=local",Jacob Smith,jacob.smith@northwindmaterials.com,TRUE,134307980670695536,All-Employees;Legal-All,Paralegal - Legal
ctr.robert.smith,"CN=Robert Smith,OU=Contractors,DC=northwind,DC=local",Robert Smith,robert.smith@contractor.northwindmaterials.com,TRUE,134261434467089888,Contractors-All;All-Employees,Contractor - Staffing Partner B - vendor engagement
christopher.fletcher,"CN=Christopher Fletcher,OU=InformationTechnology,DC=northwind,DC=local",Christopher Fletcher,christopher.fletcher@northwindmaterials.com,TRUE,134292610719883344,All-Employees;Information-Technology-All,Network Engineer - Information Technology
derrick.cook,"CN=Derrick Cook,OU=SupplyChain,DC=northwind,DC=local",Derrick Cook,derrickc@northwindmaterials.com,TRUE,134317684495793264,All-Employees;Supply-Chain-All,Procurement Specialist - Supply Chain
crystal.thompson,"CN=Crystal Thompson,OU=CustomerSuccess,DC=northwind,DC=local",Crystal Thompson,crystal.thompson@northwindmaterials.com,TRUE,134303559092207520,All-Employees;Customer-Success-All,Support Specialist - Customer Success
leslie.walton,"CN=Leslie Walton,OU=SupplyChain,DC=northwind,DC=local",Leslie Walton,leslie.walton@northwindmaterials.com,TRUE,134313551931330864,All-Employees;Supply-Chain-All,"Manager, Supply Chain - Supply Chain"
amy.morrison,"CN=Amy Morrison,OU=SupplyChain,DC=northwind,DC=local",Amy Morrison,amy.morrison@northwindmaterials.com,TRUE,134251316950192000,All-Employees;Supply-Chain-All,Supply Chain Analyst - Supply Chain
leonard.smith7,"CN=Leonard Smith,OU=Users,DC=northwind,DC=local",Leonard Smith,leonard.smith7@northwindmaterials.com,FALSE,134100604929144592,All-Employees,
daniel.bird,"CN=Daniel Bird,OU=SupplyChain,DC=northwind,DC=local",Daniel Bird,daniel.bird@northwindmaterials.com,TRUE,134314383081029376,All-Employees;Supply-Chain-All,Supply Chain Analyst - Supply Chain
john.jones,"CN=John Jones,OU=CustomerSuccess,DC=northwind,DC=local",John Jones,john.jones@northwindmaterials.com,TRUE,134289584527547456,All-Employees;Customer-Success-All,Support Specialist - Customer Success
edward.murphy,"CN=Edward Murphy,OU=CustomerSuccess,DC=northwind,DC=local",Edward Murphy,edward.murphy@northwindmaterials.com,TRUE,134326573075598336,All-Employees;Customer-Success-All,Customer Success Associate - Customer Success
mary.dunn,"CN=Mary Dunn,OU=SupplyChain,DC=northwind,DC=local",Mary Dunn,mary.dunn@northwindmaterials.com,TRUE,134273174776607280,All-Employees;Supply-Chain-All,Supply Chain Analyst - Supply Chain
kathryn.hill,"CN=Kathryn Hill,OU=InformationTechnology,DC=northwind,DC=local",Kathryn Hill,kathryn.hill@northwindmaterials.com,TRUE,134296396103636208,All-Employees;Information-Technology-All,Systems Administrator - Information Technology
judy.fox,"CN=Judy Fox,OU=Engineering,DC=northwind,DC=local",Judy Fox,judy.fox@northwindmaterials.com,TRUE,134303653482855856,All-Employees;Engineering-All,Software Engineer - Engineering
renee.rodriguez,"CN=Renee Rodriguez,OU=QualityAssurance,DC=northwind,DC=local",Renee Rodriguez,renee.rodriguez@northwindmaterials.com,TRUE,134261460541417616,All-Employees;Quality-Assurance-All,Quality Inspector - Quality Assurance
michael.taylor,"CN=Michael Taylor,OU=Legal,DC=northwind,DC=local",Michael Taylor,michael.taylor@northwindmaterials.com,TRUE,134293850203239872,All-Employees;Legal-All,Compliance Analyst - Legal
janet.gregory,"CN=Janet Gregory,OU=QualityAssurance,DC=northwind,DC=local",Janet Gregory,janet.gregory@northwindmaterials.com,FALSE,134297544138251168,All-Employees;Quality-Assurance-All,Quality Inspector - Quality Assurance
dawn.coleman,"CN=Dawn Coleman,OU=Engineering,DC=northwind,DC=local",Dawn Coleman,dawn.coleman@northwindmaterials.com,TRUE,134278580809371200,All-Employees;Engineering-All,QA Engineer - Engineering
brenda.bailey,"CN=Brenda Bailey,OU=QualityAssurance,DC=northwind,DC=local",Brenda Bailey,brenda.bailey@northwindmaterials.com,TRUE,134286171000087184,All-Employees;Quality-Assurance-All,Quality Inspector - Quality Assurance
billy.avila,"CN=Billy Avila,OU=InformationTechnology,DC=northwind,DC=local",Billy Avila,billy.avila@northwindmaterials.com,FALSE,134286770221677072,All-Employees;Information-Technology-All,Systems Administrator - Information Technology
ctr.wendy.tucker,"CN=Wendy Tucker,OU=Contractors,DC=northwind,DC=local",Wendy Tucker,wendy.tucker@contractor.northwindmaterials.com,TRUE,134304118135603280,Contractors-All;All-Employees,Contractor - Staffing Partner A - vendor engagement
samantha.rodriguez,"CN=Samantha Rodriguez,OU=SupplyChain,DC=northwind,DC=local",Samantha Rodriguez,samantha.rodriguez@northwindmaterials.com,TRUE,134292626305313040,All-Employees;Supply-Chain-All,Supply Chain Analyst - Supply Chain
svc-describe22,"CN=svc-describe22,OU=ServiceAccounts,DC=northwind,DC=local",svc-describe22,svc-describe22@northwindmaterials.com,TRUE,134326069512976864,Service-Accounts,Non-interactive service/CI account
john.grant,"CN=John Grant,OU=Finance,DC=northwind,DC=local",John Grant,john.grant@northwindmaterials.com,TRUE,134255056073145232,All-Employees;Finance-All,Financial Analyst - Finance
ctr.chad.sullivan,"CN=Chad Sullivan,OU=Contractors,DC=northwind,DC=local",Chad Sullivan,chad.sullivan@contractor.northwindmaterials.com,TRUE,134272706669799152,Contractors-All;All-Employees,Contractor - Staffing Partner A - vendor engagement
terri.garcia,"CN=Terri Garcia,OU=Finance,DC=northwind,DC=local",Terri Garcia,terri.garcia@northwindmaterials.com,TRUE,134324772799229120,All-Employees;Finance-All,Financial Analyst - Finance
william.armstrong,"CN=William Armstrong,OU=Finance,DC=northwind,DC=local",William Armstrong,william.armstrong@northwindmaterials.com,TRUE,134275821199954544,All-Employees;Finance-All,Accountant - Finance
travis.allen,"CN=Travis Allen,OU=Manufacturing,DC=northwind,DC=local",Travis Allen,travis.allen@northwindmaterials.com,TRUE,134326364496012768,All-Employees;Manufacturing-All,Machine Operator - Manufacturing
nicole.davis,"CN=Nicole Davis,OU=Operations,DC=northwind,DC=local",Nicole Davis,nicole.davis@northwindmaterials.com,TRUE,134286865881478304,All-Employees;Operations-All,Logistics Coordinator - Operations
sandra.romero,"CN=Sandra Romero,OU=Finance,DC=northwind,DC=local",Sandra Romero,sandra.romero@northwindmaterials.com,TRUE,134323044649221440,All-Employees;Finance-All,AP Specialist - Finance
hannah.abbott,"CN=Hannah Abbott,OU=InformationTechnology,DC=northwind,DC=local",Hannah Abbott,hannah.abbott@northwindmaterials.com,TRUE,134276171746050016,All-Employees;Information-Technology-All,Network Engineer - Information Technology
ctr.diana.perez,"CN=Diana Perez,OU=Contractors,DC=northwind,DC=local",Diana Perez,diana.perez@contractor.northwindmaterials.com,TRUE,134317858270481856,Contractors-All;All-Employees,Contractor - Staffing Partner A - vendor engagement
natalie.ford,"CN=Natalie Ford,OU=Engineering,DC=northwind,DC=local",Natalie Ford,natalie.ford@northwindmaterials.com,TRUE,134272000037607904,All-Employees;Engineering-All,QA Engineer - Engineering
ctr.robert.allen,"CN=Robert Allen,OU=Contractors,DC=northwind,DC=local",Robert Allen,robert.allen@contractor.northwindmaterials.com,TRUE,134319506560814624,Contractors-All;All-Employees,Contractor - Staffing Partner A - vendor engagement
julie.obrien,"CN=Julie Obrien,OU=Legal,DC=northwind,DC=local",Julie Obrien,julie.obrien@northwindmaterials.com,TRUE,134323518276365312,All-Employees;Legal-All,Compliance Analyst - Legal
debra.thompson,"CN=Debra Thompson,OU=InformationTechnology,DC=northwind,DC=local",Debra Thompson,debra.thompson@northwindmaterials.com,FALSE,134259157186191808,All-Employees;Information-Technology-All,Network Engineer - Information Technology
ctr.alexandra.hubbard,"CN=Alexandra Hubbard,OU=Contractors,DC=northwind,DC=local",Alexandra Hubbard,alexandra.hubbard@contractor.northwindmaterials.com,TRUE,134258324428756960,Contractors-All;All-Employees,Contractor - Staffing Partner B - vendor engagement
daniel.buchanan,"CN=Daniel Buchanan,OU=Finance,DC=northwind,DC=local",Daniel Buchanan,daniel.buchanan@northwindmaterials.com,TRUE,134278824322672768,All-Employees;Finance-All,Financial Analyst - Finance
steven.bishop,"CN=Steven Bishop,OU=CustomerSuccess,DC=northwind,DC=local",Steven Bishop,steven.bishop@northwindmaterials.com,TRUE,134259078352061152,All-Employees;Customer-Success-All,Customer Success Associate - Customer Success
ctr.anthony.zimmerman,"CN=Anthony Zimmerman,OU=Contractors,DC=northwind,DC=local",Anthony Zimmerman,anthony.zimmerman@contractor.northwindmaterials.com,TRUE,134321093420077552,Contractors-All;All-Employees,Contractor - Staffing Partner B - vendor engagement
matthew.klein,"CN=Matthew Klein,OU=SupplyChain,DC=northwind,DC=local",Matthew Klein,matthew.klein@northwindmaterials.com,TRUE,134303458147264512,All-Employees;Supply-Chain-All,Procurement Specialist - Supply Chain
mitchell.hoffman,"CN=Mitchell Hoffman,OU=Engineering,DC=northwind,DC=local",Mitchell Hoffman,mitchell.hoffman@northwindmaterials.com,TRUE,134300126837730272,All-Employees;Engineering-All,QA Engineer - Engineering
gregory.anderson,"CN=Gregory Anderson,OU=QualityAssurance,DC=northwind,DC=local",Gregory Anderson,gregory.anderson@northwindmaterials.com,TRUE,134267634787877312,All-Employees;Quality-Assurance-All,Quality Inspector - Quality Assurance
edward.jenkins,"CN=Edward Jenkins,OU=CustomerSuccess,DC=northwind,DC=local",Edward Jenkins,edward.jenkins@northwindmaterials.com,TRUE,134292413497308304,All-Employees;Customer-Success-All,Customer Success Associate - Customer Success
tracey.garcia,"CN=Tracey Garcia,OU=SupplyChain,DC=northwind,DC=local",Tracey Garcia,tracey.garcia@northwindmaterials.com,TRUE,134256477517096240,All-Employees;Supply-Chain-All,"Manager, Supply Chain - Supply Chain"
deborah.kerr,"CN=Deborah Kerr,OU=Engineering,DC=northwind,DC=local",Deborah Kerr,deborah.kerr@northwindmaterials.com,TRUE,134293723523076576,All-Employees;Engineering-All,QA Engineer - Engineering
hannah.johnston,"CN=Hannah Johnston,OU=Finance,DC=northwind,DC=local",Hannah Johnston,hannah.johnston@northwindmaterials.com,TRUE,134309128738551504,All-Employees;Finance-All,Financial Analyst - Finance
johnny.ortiz2,"CN=Johnny Ortiz,OU=Users,DC=northwind,DC=local",Johnny Ortiz,johnny.ortiz2@northwindmaterials.com,TRUE,134086018826087968,All-Employees,
jessica.sheppard,"CN=Jessica Sheppard,OU=InformationTechnology,DC=northwind,DC=local",Jessica Sheppard,jessica.sheppard@northwindmaterials.com,FALSE,134310261026840512,All-Employees;Information-Technology-All,IT Support Specialist - Information Technology
john.thompson,"CN=John Thompson,OU=CustomerSuccess,DC=northwind,DC=local",John Thompson,john.thompson@northwindmaterials.com,TRUE,134268182058780256,All-Employees;Customer-Success-All,Customer Success Associate - Customer Success
ctr.courtney.little,"CN=Courtney Little,OU=Contractors,DC=northwind,DC=local",Courtney Little,courtney.little@contractor.northwindmaterials.com,TRUE,134294558611812272,Contractors-All;All-Employees,Contractor - Staffing Partner A - vendor engagement
kristen.stevens,"CN=Kristen Stevens,OU=CustomerSuccess,DC=northwind,DC=local",Kristen Stevens,kristen.stevens@northwindmaterials.com,TRUE,134311696953385200,All-Employees;Customer-Success-All,Customer Success Associate - Customer Success
charles.lewis,"CN=Charles Lewis,OU=Legal,DC=northwind,DC=local",Charles Lewis,charles.lewis@northwindmaterials.com,TRUE,134289155000746192,All-Employees;Legal-All,"Manager, Legal - Legal"
lisa.stark,"CN=Lisa Stark,OU=HumanResources,DC=northwind,DC=local",Lisa Stark,lisa.stark@northwindmaterials.com,TRUE,134303625501698096,All-Employees;Human-Resources-All,Recruiter - Human Resources
lorraine.levy,"CN=Lorraine Levy,OU=Finance,DC=northwind,DC=local",Lorraine Levy,lorraine.levy@northwindmaterials.com,FALSE,134250281611958944,All-Employees;Finance-All,AP Specialist - Finance
andrea.reyes,"CN=Andrea Reyes,OU=InformationTechnology,DC=northwind,DC=local",Andrea Reyes,andrea.reyes@northwindmaterials.com,TRUE,134278071040830672,All-Employees;Information-Technology-All,Systems Administrator - Information Technology
bryan.garcia,"CN=Bryan Garcia,OU=QualityAssurance,DC=northwind,DC=local",Bryan Garcia,bryan.garcia@northwindmaterials.com,TRUE,134300047722851776,All-Employees;Quality-Assurance-All,Quality Inspector - Quality Assurance
elizabeth.williams,"CN=Elizabeth Williams,OU=InformationTechnology,DC=northwind,DC=local",Elizabeth Williams,elizabeth.williams@northwindmaterials.com,FALSE,134288778567347088,All-Employees;Information-Technology-All,Systems Administrator - Information Technology
lisa.keith,"CN=Lisa Keith,OU=CustomerSuccess,DC=northwind,DC=local",Lisa Keith,lisa.keith@northwindmaterials.com,TRUE,134262126891760064,All-Employees;Customer-Success-All,"Manager, Customer Success - Customer Success"
ctr.ian.manning,"CN=Ian Manning,OU=Contractors,DC=northwind,DC=local",Ian Manning,ian.manning@contractor.northwindmaterials.com,TRUE,134307680809987472,Contractors-All;All-Employees,Contractor - Staffing Partner B - vendor engagement
dana.gray,"CN=Dana Gray,OU=CustomerSuccess,DC=northwind,DC=local",Dana Gray,dana.gray@northwindmaterials.com,TRUE,134283905982816768,All-Employees;Customer-Success-All,Customer Success Associate - Customer Success
ctr.holly.banks,"CN=Holly Banks,OU=Contractors,DC=northwind,DC=local",Holly Banks,holly.banks@contractor.northwindmaterials.com,TRUE,134284966364435712,Contractors-All;All-Employees,Contractor - Staffing Partner A - vendor engagement
george.campbell,"CN=George Campbell,OU=QualityAssurance,DC=northwind,DC=local",George Campbell,george.campbell@northwindmaterials.com,TRUE,134279829711945520,All-Employees;Quality-Assurance-All,QA Analyst - Quality Assurance
christopher.cortez,"CN=Christopher Cortez,OU=Legal,DC=northwind,DC=local",Christopher Cortez,christopher.cortez@northwindmaterials.com,TRUE,134320978443656400,All-Employees;Legal-All,Compliance Analyst - Legal
justin.lewis10,"CN=Justin Lewis,OU=Users,DC=northwind,DC=local",Justin Lewis,justin.lewis10@northwindmaterials.com,TRUE,134019245678908288,All-Employees,
richard.cunningham,"CN=Richard Cunningham,OU=SupplyChain,DC=northwind,DC=local",Richard Cunningham,richard.cunningham@northwindmaterials.com,FALSE,134282142820107552,All-Employees;Supply-Chain-All,Supply Chain Analyst - Supply Chain
tammie.vincent,"CN=Tammie Vincent,OU=SupplyChain,DC=northwind,DC=local",Tammie Vincent,tammie.vincent@northwindmaterials.com,TRUE,134306896880153600,All-Employees;Supply-Chain-All,Procurement Specialist - Supply Chain
keith.landry,"CN=Keith Landry,OU=QualityAssurance,DC=northwind,DC=local",Keith Landry,keith.landry@northwindmaterials.com,TRUE,134307596999866656,All-Employees;Quality-Assurance-All,QA Analyst - Quality Assurance
douglas.lawson,"CN=Douglas Lawson,OU=SupplyChain,DC=northwind,DC=local",Douglas Lawson,douglas.lawson@northwindmaterials.com,FALSE,134278210006196656,All-Employees;Supply-Chain-All,Supply Chain Analyst - Supply Chain
brent.randolph,"CN=Brent Randolph,OU=Legal,DC=northwind,DC=local",Brent Randolph,brent.randolph@northwindmaterials.com,TRUE,134253470289217536,All-Employees;Legal-All,Compliance Analyst - Legal
michele.taylor,"CN=Michele Taylor,OU=HumanResources,DC=northwind,DC=local",Michele Taylor,michele.taylor@northwindmaterials.com,TRUE,134319083277497840,All-Employees;Human-Resources-All,HR Generalist - Human Resources
brenda.duarte,"CN=Brenda Duarte,OU=Finance,DC=northwind,DC=local",Brenda Duarte,brenda.duarte@northwindmaterials.com,TRUE,134300031768872624,All-Employees;Finance-All,Financial Analyst - Finance
candice.carr,"CN=Candice Carr,OU=Engineering,DC=northwind,DC=local",Candice Carr,candice.carr@northwindmaterials.com,TRUE,134325258585174928,All-Employees;Engineering-All,Software Engineer - Engineering
chloe.green,"CN=Chloe Green,OU=CustomerSuccess,DC=northwind,DC=local",Chloe Green,chloe.green@northwindmaterials.com,TRUE,134305916602650944,All-Employees;Customer-Success-All,Customer Success Associate - Customer Success
martin.galvan,"CN=Martin Galvan,OU=Finance,DC=northwind,DC=local",Martin Galvan,martin.galvan@northwindmaterials.com,TRUE,134284497817708176,All-Employees;Finance-All,"Manager, Finance - Finance"
elizabeth.mcmillan,"CN=Elizabeth Mcmillan,OU=SupplyChain,DC=northwind,DC=local",Elizabeth Mcmillan,elizabeth.mcmillan@northwindmaterials.com,TRUE,134253583810321248,All-Employees;Supply-Chain-All,"Manager, Supply Chain - Supply Chain"
amber.taylor,"CN=Amber Taylor,OU=CustomerSuccess,DC=northwind,DC=local",Amber Taylor,amber.taylor@northwindmaterials.com,TRUE,134262583809989792,All-Employees;Customer-Success-All,Support Specialist - Customer Success
albert.dominguez,"CN=Albert Dominguez,OU=QualityAssurance,DC=northwind,DC=local",Albert Dominguez,albert.dominguez@northwindmaterials.com,TRUE,134287503234521136,All-Employees;Quality-Assurance-All,QA Analyst - Quality Assurance
elizabeth.duran,"CN=Elizabeth Duran,OU=Engineering,DC=northwind,DC=local",Elizabeth Duran,elizabeth.duran@northwindmaterials.com,FALSE,134314786565233328,All-Employees;Engineering-All,Senior Software Engineer - Engineering
ctr.joseph.reid,"CN=Joseph Reid,OU=Contractors,DC=northwind,DC=local",Joseph Reid,joseph.reid@contractor.northwindmaterials.com,TRUE,134256008058199024,Contractors-All;All-Employees,Contractor - Staffing Partner B - vendor engagement
joseph.anderson,"CN=Joseph Anderson,OU=QualityAssurance,DC=northwind,DC=local",Joseph Anderson,joseph.anderson@northwindmaterials.com,TRUE,134299616341102416,All-Employees;Quality-Assurance-All,Quality Inspector - Quality Assurance
ctr.julian.weaver,"CN=Julian Weaver,OU=Contractors,DC=northwind,DC=local",Julian Weaver,julian.weaver@contractor.northwindmaterials.com,TRUE,134254587218438848,Contractors-All;All-Employees,Contractor - Staffing Partner B - vendor engagement
ctr.karen.martin,"CN=Karen Martin,OU=Contractors,DC=northwind,DC=local",Karen Martin,karen.martin@contractor.northwindmaterials.com,TRUE,134276667721908304,Contractors-All;All-Employees,Contractor - Staffing Partner A - vendor engagement
martha.warner,"CN=Martha Warner,OU=CustomerSuccess,DC=northwind,DC=local",Martha Warner,martha.warner@northwindmaterials.com,TRUE,134271263750712752,All-Employees;Customer-Success-All,"Manager, Customer Success - Customer Success"
daniel.mora,"CN=Daniel Mora,OU=Finance,DC=northwind,DC=local",Daniel Mora,daniel.mora@northwindmaterials.com,TRUE,134270792840992864,All-Employees;Finance-All,Accountant - Finance
christopher.hall,"CN=Christopher Hall,OU=QualityAssurance,DC=northwind,DC=local",Christopher Hall,christopher.hall@northwindmaterials.com,TRUE,134255241334758208,All-Employees;Quality-Assurance-All,Quality Inspector - Quality Assurance
kimberly.bradley,"CN=Kimberly Bradley,OU=CustomerSuccess,DC=northwind,DC=local",Kimberly Bradley,kimberly.bradley@northwindmaterials.com,TRUE,134322505925449584,All-Employees;Customer-Success-All,Support Specialist - Customer Success
michael.vega,"CN=Michael Vega,OU=InformationTechnology,DC=northwind,DC=local",Michael Vega,michael.vega@northwindmaterials.com,TRUE,134308695843375696,All-Employees;Information-Technology-All,IT Support Specialist - Information Technology
richard.oliver,"CN=Richard Oliver,OU=Engineering,DC=northwind,DC=local",Richard Oliver,richard.oliver@northwindmaterials.com,TRUE,134260603728994160,All-Employees;Engineering-All,"Manager, Engineering - Engineering"
james.wright,"CN=James Wright,OU=QualityAssurance,DC=northwind,DC=local",James Wright,james.wright@northwindmaterials.com,TRUE,134275257868984320,All-Employees;Quality-Assurance-All,Quality Inspector - Quality Assurance
timothy.freeman,"CN=Timothy Freeman,OU=QualityAssurance,DC=northwind,DC=local",Timothy Freeman,timothy.freeman@northwindmaterials.com,TRUE,134279900457287152,All-Employees;Quality-Assurance-All,QA Analyst - Quality Assurance
amber.mata,"CN=Amber Mata,OU=InformationTechnology,DC=northwind,DC=local",Amber Mata,amber.mata@northwindmaterials.com,TRUE,134324564087634480,All-Employees;Information-Technology-All,Systems Administrator - Information Technology
travis.brown,"CN=Travis Brown,OU=CustomerSuccess,DC=northwind,DC=local",Travis Brown,travis.brown@northwindmaterials.com,TRUE,134293134809050496,All-Employees;Customer-Success-All,Support Specialist - Customer Success
robert.bauer,"CN=Robert Bauer,OU=Engineering,DC=northwind,DC=local",Robert Bauer,robert.bauer@northwindmaterials.com,TRUE,134291359169696032,All-Employees;Engineering-All,Software Engineer - Engineering
anne.robinson,"CN=Anne Robinson,OU=Finance,DC=northwind,DC=local",Anne Robinson,anne.robinson@northwindmaterials.com,TRUE,134304447171549008,All-Employees;Finance-All,AP Specialist - Finance
denise.guzman,"CN=Denise Guzman,OU=Engineering,DC=northwind,DC=local",Denise Guzman,denise.guzman@northwindmaterials.com,TRUE,134315064572162224,All-Employees;Engineering-All,QA Engineer - Engineering
brian.silva,"CN=Brian Silva,OU=CustomerSuccess,DC=northwind,DC=local",Brian Silva,brian.silva@northwindmaterials.com,TRUE,134300809779160688,All-Employees;Customer-Success-All,"Manager, Customer Success - Customer Success"
aaron.schroeder,"CN=Aaron Schroeder,OU=QualityAssurance,DC=northwind,DC=local",Aaron Schroeder,aaron.schroeder@northwindmaterials.com,TRUE,134313026037653504,All-Employees;Quality-Assurance-All,Quality Inspector - Quality Assurance
tammy.reyes,"CN=Tammy Reyes,OU=HumanResources,DC=northwind,DC=local",Tammy Reyes,tammy.reyes@northwindmaterials.com,TRUE,134323776324495728,All-Employees;Human-Resources-All,Recruiter - Human Resources
carla.warner,"CN=Carla Warner,OU=Legal,DC=northwind,DC=local",Carla Warner,carla.warner@northwindmaterials.com,TRUE,134273172158266384,All-Employees;Legal-All,Paralegal - Legal
kim.johnson,"CN=Kim Johnson,OU=InformationTechnology,DC=northwind,DC=local",Kim Johnson,kim.johnson@northwindmaterials.com,TRUE,134249667214649040,All-Employees;Information-Technology-All,IT Support Specialist - Information Technology
tara.white,"CN=Tara White,OU=QualityAssurance,DC=northwind,DC=local",Tara White,tara.white@northwindmaterials.com,TRUE,134299862597767680,All-Employees;Quality-Assurance-All,"Manager, Quality Assurance - Quality Assurance"
jonathan.bartlett,"CN=Jonathan Bartlett,OU=SupplyChain,DC=northwind,DC=local",Jonathan Bartlett,jonathan.bartlett@northwindmaterials.com,TRUE,134322878259603792,All-Employees;Supply-Chain-All,Procurement Specialist - Supply Chain
kristina.holland,"CN=Kristina Holland,OU=Legal,DC=northwind,DC=local",Kristina Holland,kristina.holland@northwindmaterials.com,TRUE,134253649417901424,All-Employees;Legal-All,Paralegal - Legal
john.reed,"CN=John Reed,OU=HumanResources,DC=northwind,DC=local",John Reed,john.reed@northwindmaterials.com,TRUE,134266559181129232,All-Employees;Human-Resources-All,HR Coordinator - Human Resources
diana.thompson,"CN=Diana Thompson,OU=SupplyChain,DC=northwind,DC=local",Diana Thompson,diana.thompson@northwindmaterials.com,TRUE,134290976525929968,All-Employees;Supply-Chain-All,Supply Chain Analyst - Supply Chain
crystal.cain,"CN=Crystal Cain,OU=Engineering,DC=northwind,DC=local",Crystal Cain,crystal.cain@northwindmaterials.com,FALSE,134252547690919936,All-Employees;Engineering-All,Senior Software Engineer - Engineering
antonio.mcfarland,"CN=Antonio Mcfarland,OU=Legal,DC=northwind,DC=local",Antonio Mcfarland,antonio.mcfarland@northwindmaterials.com,TRUE,134277235375103424,All-Employees;Legal-All,Compliance Analyst - Legal
tonya.byrd,"CN=Tonya Byrd,OU=Manufacturing,DC=northwind,DC=local",Tonya Byrd,tonya.byrd@northwindmaterials.com,TRUE,134317263773067072,All-Employees;Manufacturing-All,Production Associate - Manufacturing
holly.blair,"CN=Holly Blair,OU=Finance,DC=northwind,DC=local",Holly Blair,holly.blair@northwindmaterials.com,TRUE,134268236917544800,All-Employees;Finance-All,Accountant - Finance
nicole.snyder,"CN=Nicole Snyder,OU=CustomerSuccess,DC=northwind,DC=local",Nicole Snyder,nicole.snyder@northwindmaterials.com,TRUE,134288859581101056,All-Employees;Customer-Success-All,Support Specialist - Customer Success
martin.campos,"CN=Martin Campos,OU=CustomerSuccess,DC=northwind,DC=local",Martin Campos,martin.campos@northwindmaterials.com,TRUE,134262194111790416,All-Employees;Customer-Success-All,Customer Success Associate - Customer Success
troy.sanchez,"CN=Troy Sanchez,OU=HumanResources,DC=northwind,DC=local",Troy Sanchez,troy.sanchez@northwindmaterials.com,TRUE,134287498679284416,All-Employees;Human-Resources-All,HR Generalist - Human Resources
colin.roberts,"CN=Colin Roberts,OU=QualityAssurance,DC=northwind,DC=local",Colin Roberts,colin.roberts@northwindmaterials.com,TRUE,134283434528231088,All-Employees;Quality-Assurance-All,Quality Inspector - Quality Assurance
melissa.hayes,"CN=Melissa Hayes,OU=InformationTechnology,DC=northwind,DC=local",Melissa Hayes,melissa.hayes@northwindmaterials.com,TRUE,134260513529165264,All-Employees;Information-Technology-All,Network Engineer - Information Technology
brad.clark,"CN=Brad Clark,OU=SupplyChain,DC=northwind,DC=local",Brad Clark,brad.clark@northwindmaterials.com,TRUE,134307802179989936,All-Employees;Supply-Chain-All,Supply Chain Analyst - Supply Chain
andre.li,"CN=Andre Li,OU=HumanResources,DC=northwind,DC=local",Andre Li,andre.li@northwindmaterials.com,TRUE,134305690404920800,All-Employees;Human-Resources-All,HR Generalist - Human Resources
karen.martin,"CN=Karen Martin,OU=Engineering,DC=northwind,DC=local",Karen Martin,karen.martin@northwindmaterials.com,TRUE,134254211794379296,All-Employees;Engineering-All,Senior Software Engineer - Engineering
christopher.herrera,"CN=Christopher Herrera,OU=Engineering,DC=northwind,DC=local",Christopher Herrera,christopher.herrera@northwindmaterials.com,TRUE,134268906537309936,All-Employees;Engineering-All,DevOps Engineer - Engineering
erin.cisneros,"CN=Erin Cisneros,OU=Manufacturing,DC=northwind,DC=local",Erin Cisneros,erin.cisneros@northwindmaterials.com,TRUE,134305009131901680,All-Employees;Manufacturing-All,Machine Operator - Manufacturing
kari.gutierrez,"CN=Kari Gutierrez,OU=Operations,DC=northwind,DC=local",Kari Gutierrez,kari.gutierrez@northwindmaterials.com,TRUE,134291842655205504,All-Employees;Operations-All,Operations Analyst - Operations
cory.stewart,"CN=Cory Stewart,OU=SupplyChain,DC=northwind,DC=local",Cory Stewart,cory.stewart@northwindmaterials.com,TRUE,134275527081168304,All-Employees;Supply-Chain-All,Procurement Specialist - Supply Chain
svc-claim04,"CN=svc-claim04,OU=ServiceAccounts,DC=northwind,DC=local",svc-claim04,svc-claim04@northwindmaterials.com,TRUE,134306954665230320,Service-Accounts,Non-interactive service/CI account
ctr.richard.vincent,"CN=Richard Vincent,OU=Contractors,DC=northwind,DC=local",Richard Vincent,richard.vincent@contractor.northwindmaterials.com,TRUE,134320824815451104,Contractors-All;All-Employees,Contractor - Staffing Partner A - vendor engagement
douglas.murray,"CN=Douglas Murray,OU=Legal,DC=northwind,DC=local",Douglas Murray,douglas.murray@northwindmaterials.com,TRUE,134293497380038592,All-Employees;Legal-All,Compliance Analyst - Legal
jesse.reed,"CN=Jesse Reed,OU=HumanResources,DC=northwind,DC=local",Jesse Reed,jesse.reed@northwindmaterials.com,TRUE,134262285887250144,All-Employees;Human-Resources-All,HR Coordinator - Human Resources
steven.garcia,"CN=Steven Garcia,OU=CustomerSuccess,DC=northwind,DC=local",Steven Garcia,steven.garcia@northwindmaterials.com,TRUE,134310625388647296,All-Employees;Customer-Success-All,Customer Success Associate - Customer Success
christine.collier,"CN=Christine Collier,OU=CustomerSuccess,DC=northwind,DC=local",Christine Collier,christine.collier@northwindmaterials.com,TRUE,134319668770945072,All-Employees;Customer-Success-All,Support Specialist - Customer Success
james.morton,"CN=James Morton,OU=SupplyChain,DC=northwind,DC=local",James Morton,james.morton@northwindmaterials.com,TRUE,134294793017005904,All-Employees;Supply-Chain-All,Procurement Specialist - Supply Chain
gary.huber,"CN=Gary Huber,OU=QualityAssurance,DC=northwind,DC=local",Gary Huber,gary.huber@northwindmaterials.com,TRUE,134298190359591824,All-Employees;Quality-Assurance-All,QA Analyst - Quality Assurance
charlotte.steele,"CN=Charlotte Steele,OU=Engineering,DC=northwind,DC=local",Charlotte Steele,charlotte.steele@northwindmaterials.com,TRUE,134273042581776368,All-Employees;Engineering-All,QA Engineer - Engineering
brianna.figueroa,"CN=Brianna Figueroa,OU=SupplyChain,DC=northwind,DC=local",Brianna Figueroa,brianna.figueroa@northwindmaterials.com,TRUE,134254094445370272,All-Employees;Supply-Chain-All,Procurement Specialist - Supply Chain
samantha.osborn,"CN=Samantha Osborn,OU=CustomerSuccess,DC=northwind,DC=local",Samantha Osborn,samantha.osborn@northwindmaterials.com,TRUE,134320197295188064,All-Employees;Customer-Success-All,Customer Success Associate - Customer Success
marc.alvarez,"CN=Marc Alvarez,OU=SupplyChain,DC=northwind,DC=local",Marc Alvarez,marc.alvarez@northwindmaterials.com,TRUE,134285182416452624,All-Employees;Supply-Chain-All,Supply Chain Analyst - Supply Chain
nicholas.vega,"CN=Nicholas Vega,OU=SupplyChain,DC=northwind,DC=local",Nicholas Vega,nicholas.vega@northwindmaterials.com,FALSE,134305916224245408,All-Employees;Supply-Chain-All,Supply Chain Analyst - Supply Chain
alicia.romero,"CN=Alicia Romero,OU=Engineering,DC=northwind,DC=local",Alicia Romero,alicia.romero@northwindmaterials.com,TRUE,134296611042804240,All-Employees;Engineering-All,Software Engineer - Engineering
amanda.morrow,"CN=Amanda Morrow,OU=HumanResources,DC=northwind,DC=local",Amanda Morrow,amanda.morrow@northwindmaterials.com,TRUE,134310686227899088,All-Employees;Human-Resources-All,Recruiter - Human Resources
ctr.rebecca.holmes,"CN=Rebecca Holmes,OU=Contractors,DC=northwind,DC=local",Rebecca Holmes,rebecca.holmes@contractor.northwindmaterials.com,TRUE,134283520347405264,Contractors-All;All-Employees,Contractor - Staffing Partner B - vendor engagement
joshua.martinez,"CN=Joshua Martinez,OU=SupplyChain,DC=northwind,DC=local",Joshua Martinez,joshua.martinez@northwindmaterials.com,TRUE,134303301166472608,All-Employees;Supply-Chain-All,Procurement Specialist - Supply Chain
tami.clark,"CN=Tami Clark,OU=SupplyChain,DC=northwind,DC=local",Tami Clark,tami.clark@northwindmaterials.com,TRUE,134316280683501888,All-Employees;Supply-Chain-All,Supply Chain Analyst - Supply Chain
alexandra.green,"CN=Alexandra Green,OU=CustomerSuccess,DC=northwind,DC=local",Alexandra Green,alexandra.green@northwindmaterials.com,TRUE,134316627964184640,All-Employees;Customer-Success-All,Customer Success Associate - Customer Success
debbie.parker,"CN=Debbie Parker,OU=Finance,DC=northwind,DC=local",Debbie Parker,debbie.parker@northwindmaterials.com,TRUE,134265259023455216,All-Employees;Finance-All,Accountant - Finance
caroline.bell,"CN=Caroline Bell,OU=SupplyChain,DC=northwind,DC=local",Caroline Bell,caroline.bell@northwindmaterials.com,TRUE,134324608904075760,All-Employees;Supply-Chain-All,Supply Chain Analyst - Supply Chain
ctr.joseph.davila,"CN=Joseph Davila,OU=Contractors,DC=northwind,DC=local",Joseph Davila,joseph.davila@contractor.northwindmaterials.com,TRUE,134293426600191840,Contractors-All;All-Employees,Contractor - Staffing Partner B - vendor engagement
james.terry,"CN=James Terry,OU=InformationTechnology,DC=northwind,DC=local",James Terry,james.terry@northwindmaterials.com,TRUE,134290470300046352,All-Employees;Information-Technology-All,IT Support Specialist - Information Technology
erik.watson,"CN=Erik Watson,OU=SupplyChain,DC=northwind,DC=local",Erik Watson,erik.watson@northwindmaterials.com,TRUE,134280475490233856,All-Employees;Supply-Chain-All,Procurement Specialist - Supply Chain
ctr.gregory.patterson,"CN=Gregory Patterson,OU=Contractors,DC=northwind,DC=local",Gregory Patterson,gregory.patterson@contractor.northwindmaterials.com,TRUE,134263263367689888,Contractors-All;All-Employees,Contractor - Staffing Partner A - vendor engagement
jon.wyatt,"CN=Jon Wyatt,OU=Finance,DC=northwind,DC=local",Jon Wyatt,jon.wyatt@northwindmaterials.com,TRUE,134254566235232752,All-Employees;Finance-All,Financial Analyst - Finance
ctr.suzanne.padilla,"CN=Suzanne Padilla,OU=Contractors,DC=northwind,DC=local",Suzanne Padilla,suzanne.padilla@contractor.northwindmaterials.com,TRUE,134278859350503296,Contractors-All;All-Employees,Contractor - Staffing Partner A - vendor engagement
tammy.fitzgerald,"CN=Tammy Fitzgerald,OU=Legal,DC=northwind,DC=local",Tammy Fitzgerald,tammy.fitzgerald@northwindmaterials.com,TRUE,134267234572025008,All-Employees;Legal-All,Paralegal - Legal
kelly.schwartz,"CN=Kelly Schwartz,OU=QualityAssurance,DC=northwind,DC=local",Kelly Schwartz,kelly.schwartz@northwindmaterials.com,TRUE,134321370329132048,All-Employees;Quality-Assurance-All,QA Analyst - Quality Assurance
chris.richard,"CN=Chris Richard,OU=Finance,DC=northwind,DC=local",Chris Richard,chris.richard@northwindmaterials.com,TRUE,134272582385077760,All-Employees;Finance-All,Financial Analyst - Finance
rachel.byrd,"CN=Rachel Byrd,OU=Engineering,DC=northwind,DC=local",Rachel Byrd,rachel.byrd@northwindmaterials.com,TRUE,134310328470603904,All-Employees;Engineering-All,QA Engineer - Engineering
jack.davidson,"CN=Jack Davidson,OU=SupplyChain,DC=northwind,DC=local",Jack Davidson,jack.davidson@northwindmaterials.com,TRUE,134277343415978368,All-Employees;Supply-Chain-All,Supply Chain Analyst - Supply Chain
jeffrey.barton,"CN=Jeffrey Barton,OU=Finance,DC=northwind,DC=local",Jeffrey Barton,jeffrey.barton@northwindmaterials.com,TRUE,134300621051801696,All-Employees;Finance-All,AP Specialist - Finance
miranda.henry,"CN=Miranda Henry,OU=QualityAssurance,DC=northwind,DC=local",Miranda Henry,miranda.henry@northwindmaterials.com,TRUE,134274363438834240,All-Employees;Quality-Assurance-All,Quality Inspector - Quality Assurance
jason.haynes,"CN=Jason Haynes,OU=SupplyChain,DC=northwind,DC=local",Jason Haynes,jason.haynes@northwindmaterials.com,TRUE,134277352844315632,All-Employees;Supply-Chain-All,Procurement Specialist - Supply Chain
joshua.spencer,"CN=Joshua Spencer,OU=QualityAssurance,DC=northwind,DC=local",Joshua Spencer,joshua.spencer@northwindmaterials.com,FALSE,134289618579253776,All-Employees;Quality-Assurance-All,QA Analyst - Quality Assurance
adam.sanchez,"CN=Adam Sanchez,OU=SupplyChain,DC=northwind,DC=local",Adam Sanchez,adam.sanchez@northwindmaterials.com,FALSE,134295087834930224,All-Employees;Supply-Chain-All,Procurement Specialist - Supply Chain
priyanka.müller,"CN=Priyanka Müller,OU=SupplyChain,DC=northwind,DC=local",Priyanka Müller,priyanka.müller@northwindmaterials.com,FALSE,134258425728069568,All-Employees;Supply-Chain-All,Supply Chain Analyst - Supply Chain
chelsea.allen,"CN=Chelsea Allen,OU=SupplyChain,DC=northwind,DC=local",Chelsea Allen,chelsea.allen@northwindmaterials.com,TRUE,134293823679883664,All-Employees;Supply-Chain-All,Supply Chain Analyst - Supply Chain
ctr.heather.price,"CN=Heather Price,OU=Contractors,DC=northwind,DC=local",Heather Price,heather.price@contractor.northwindmaterials.com,TRUE,134250280274132480,Contractors-All;All-Employees,Contractor - Staffing Partner A - vendor engagement
laura.swanson,"CN=Laura Swanson,OU=HumanResources,DC=northwind,DC=local",Laura Swanson,laura.swanson@northwindmaterials.com,TRUE,134324599357958400,All-Employees;Human-Resources-All,HR Coordinator - Human Resources
brittany.kane,"CN=Brittany Kane,OU=Engineering,DC=northwind,DC=local",Brittany Kane,brittany.kane@northwindmaterials.com,TRUE,134263900395510688,All-Employees;Engineering-All,Senior Software Engineer - Engineering
erika.rush,"CN=Erika Rush,OU=Manufacturing,DC=northwind,DC=local",Erika Rush,erika.rush@northwindmaterials.com,TRUE,134296452446730000,All-Employees;Manufacturing-All,Machine Operator - Manufacturing
jennifer.wagner,"CN=Jennifer Wagner,OU=Legal,DC=northwind,DC=local",Jennifer Wagner,jennifer.wagner@northwindmaterials.com,TRUE,134292414816170432,All-Employees;Legal-All,Paralegal - Legal
richard.phillips,"CN=Richard Phillips,OU=InformationTechnology,DC=northwind,DC=local",Richard Phillips,richard.phillips@northwindmaterials.com,TRUE,134256643210354800,All-Employees;Information-Technology-All,IT Support Specialist - Information Technology
jon.little,"CN=Jon Little,OU=SupplyChain,DC=northwind,DC=local",Jon Little,jon.little@northwindmaterials.com,TRUE,134274858781454208,All-Employees;Supply-Chain-All,Supply Chain Analyst - Supply Chain
wesley.farrell,"CN=Wesley Farrell,OU=CustomerSuccess,DC=northwind,DC=local",Wesley Farrell,wesley.farrell@northwindmaterials.com,TRUE,134260732359061488,All-Employees;Customer-Success-All,"Manager, Customer Success - Customer Success"
loretta.potter,"CN=Loretta Potter,OU=Engineering,DC=northwind,DC=local",Loretta Potter,loretta.potter@northwindmaterials.com,TRUE,134255110506104992,All-Employees;Engineering-All,Senior Software Engineer - Engineering
jose.green,"CN=Jose Green,OU=SupplyChain,DC=northwind,DC=local",Jose Green,jose.green@northwindmaterials.com,FALSE,134324973507431872,All-Employees;Supply-Chain-All,Procurement Specialist - Supply Chain
eric.davis,"CN=Eric Davis,OU=Legal,DC=northwind,DC=local",Eric Davis,eric.davis@northwindmaterials.com,TRUE,134259425183082256,All-Employees;Legal-All,Paralegal - Legal
raymond.vaughn,"CN=Raymond Vaughn,OU=Manufacturing,DC=northwind,DC=local",Raymond Vaughn,raymond.vaughn@northwindmaterials.com,TRUE,134304438046370624,All-Employees;Manufacturing-All,Plant Technician - Manufacturing
brittney.gonzalez,"CN=Brittney Gonzalez,OU=SupplyChain,DC=northwind,DC=local",Brittney Gonzalez,brittney.gonzalez@northwindmaterials.com,TRUE,134317148837694320,All-Employees;Supply-Chain-All,Procurement Specialist - Supply Chain
william.williams,"CN=William Williams,OU=Engineering,DC=northwind,DC=local",William Williams,william.williams@northwindmaterials.com,TRUE,134250072689779968,All-Employees;Engineering-All,DevOps Engineer - Engineering
jennifer.hansen,"CN=Jennifer Hansen,OU=SupplyChain,DC=northwind,DC=local",Jennifer Hansen,jennifer.hansen@northwindmaterials.com,TRUE,134289917278505360,All-Employees;Supply-Chain-All,Supply Chain Analyst - Supply Chain
desiree.bailey,"CN=Desiree Bailey,OU=QualityAssurance,DC=northwind,DC=local",Desiree Bailey,desiree.bailey@northwindmaterials.com,TRUE,134282065745623248,All-Employees;Quality-Assurance-All,QA Analyst - Quality Assurance
tracy.chang,"CN=Tracy Chang,OU=Legal,DC=northwind,DC=local",Tracy Chang,tracy.chang@northwindmaterials.com,TRUE,134270926290412464,All-Employees;Legal-All,Compliance Analyst - Legal
eric.waller,"CN=Eric Waller,OU=Finance,DC=northwind,DC=local",Eric Waller,eric.waller@northwindmaterials.com,TRUE,134302548173446496,All-Employees;Finance-All,Financial Analyst - Finance
natasha.shields,"CN=Natasha Shields,OU=Engineering,DC=northwind,DC=local",Natasha Shields,natasha.shields@northwindmaterials.com,FALSE,134274532966812464,All-Employees;Engineering-All,Software Engineer - Engineering
jack.taylor,"CN=Jack Taylor,OU=Engineering,DC=northwind,DC=local",Jack Taylor,jack.taylor@northwindmaterials.com,TRUE,134326247125001376,All-Employees;Engineering-All,Software Engineer - Engineering
tammy.lewis,"CN=Tammy Lewis,OU=InformationTechnology,DC=northwind,DC=local",Tammy Lewis,tammy.lewis@northwindmaterials.com,TRUE,134284428051692032,All-Employees;Information-Technology-All,Network Engineer - Information Technology
andrea.wilson,"CN=Andrea Wilson,OU=SupplyChain,DC=northwind,DC=local",Andrea Wilson,andrea.wilson@northwindmaterials.com,TRUE,134251179220101792,All-Employees;Supply-Chain-All,Procurement Specialist - Supply Chain
tyler.arnold,"CN=Tyler Arnold,OU=SupplyChain,DC=northwind,DC=local",Tyler Arnold,tyler.arnold@northwindmaterials.com,TRUE,134305053597741520,All-Employees;Supply-Chain-All,Supply Chain Analyst - Supply Chain
vanessa.sandoval,"CN=Vanessa Sandoval,OU=QualityAssurance,DC=northwind,DC=local",Vanessa Sandoval,vanessa.sandoval@northwindmaterials.com,TRUE,134282782769969456,All-Employees;Quality-Assurance-All,QA Analyst - Quality Assurance
david.cunningham,"CN=David Cunningham,OU=Engineering,DC=northwind,DC=local",David Cunningham,david.cunningham@northwindmaterials.com,FALSE,134309114078883232,All-Employees;Engineering-All,Software Engineer - Engineering
austin.erickson,"CN=Austin Erickson,OU=SupplyChain,DC=northwind,DC=local",Austin Erickson,austin.erickson@northwindmaterials.com,FALSE,134293986315153408,All-Employees;Supply-Chain-All,Procurement Specialist - Supply Chain
ebony.greene,"CN=Ebony Greene,OU=Legal,DC=northwind,DC=local",Ebony Greene,ebony.greene@northwindmaterials.com,TRUE,134316636004094560,All-Employees;Legal-All,Paralegal - Legal
amy.king,"CN=Amy King,OU=SupplyChain,DC=northwind,DC=local",Amy King,amy.king@northwindmaterials.com,TRUE,134305682554102992,All-Employees;Supply-Chain-All,Supply Chain Analyst - Supply Chain
gerald.petersen,"CN=Gerald Petersen,OU=Finance,DC=northwind,DC=local",Gerald Petersen,gerald.petersen@northwindmaterials.com,TRUE,134254552527665824,All-Employees;Finance-All,AP Specialist - Finance
curtis.singleton,"CN=Curtis Singleton,OU=QualityAssurance,DC=northwind,DC=local",Curtis Singleton,curtis.singleton@northwindmaterials.com,TRUE,134307725047924560,All-Employees;Quality-Assurance-All,Quality Inspector - Quality Assurance
jeremy.stewart,"CN=Jeremy Stewart,OU=SupplyChain,DC=northwind,DC=local",Jeremy Stewart,jeremy.stewart@northwindmaterials.com,TRUE,134270908799290320,All-Employees;Supply-Chain-All,Supply Chain Analyst - Supply Chain
edward.brown,"CN=Edward Brown,OU=Finance,DC=northwind,DC=local",Edward Brown,edward.brown@northwindmaterials.com,TRUE,134257896716527536,All-Employees;Finance-All,Accountant - Finance
samuel.holmes,"CN=Samuel Holmes,OU=CustomerSuccess,DC=northwind,DC=local",Samuel Holmes,samuel.holmes@northwindmaterials.com,TRUE,134324518980560672,All-Employees;Customer-Success-All,"Manager, Customer Success - Customer Success"
john.le,"CN=John Le,OU=Finance,DC=northwind,DC=local",John Le,john.le@northwindmaterials.com,TRUE,134292495586046352,All-Employees;Finance-All,Financial Analyst - Finance
raymond.wilson4,"CN=Raymond Wilson,OU=Users,DC=northwind,DC=local",Raymond Wilson,raymond.wilson4@northwindmaterials.com,TRUE,134121470192674272,All-Employees,
shelly.powers,"CN=Shelly Powers,OU=Legal,DC=northwind,DC=local",Shelly Powers,shelly.powers@northwindmaterials.com,TRUE,134324652212914176,All-Employees;Legal-All,Paralegal - Legal
ctr.susan.ramirez,"CN=Susan Ramirez,OU=Contractors,DC=northwind,DC=local",Susan Ramirez,susan.ramirez@contractor.northwindmaterials.com,TRUE,134256541160156016,Contractors-All;All-Employees,Contractor - Staffing Partner A - vendor engagement
timothy.fernandez,"CN=Timothy Fernandez,OU=Manufacturing,DC=northwind,DC=local",Timothy Fernandez,timothy.fernandez@northwindmaterials.com,TRUE,134267063522848352,All-Employees;Manufacturing-All;Plant-Ops-Leads,Machine Operator - Manufacturing
kristine.james,"CN=Kristine James,OU=InformationTechnology,DC=northwind,DC=local",Kristine James,kristine.james@northwindmaterials.com,TRUE,134255536197524288,All-Employees;Information-Technology-All,IT Support Specialist - Information Technology
michael.williams,"CN=Michael Williams,OU=Finance,DC=northwind,DC=local",Michael Williams,michael.williams@northwindmaterials.com,TRUE,134308080916012880,All-Employees;Finance-All,Accountant - Finance
james.moss,"CN=James Moss,OU=Finance,DC=northwind,DC=local",James Moss,james.moss@northwindmaterials.com,TRUE,134295050973875488,All-Employees;Finance-All,Accountant - Finance
heidi.thompson,"CN=Heidi Thompson,OU=Finance,DC=northwind,DC=local",Heidi Thompson,heidi.thompson@northwindmaterials.com,TRUE,134297618427302512,All-Employees;Finance-All,Accountant - Finance
michelle.sanchez,"CN=Michelle Sanchez,OU=Engineering,DC=northwind,DC=local",Michelle Sanchez,michelle.sanchez@northwindmaterials.com,TRUE,134267944923651520,All-Employees;Engineering-All,Senior Software Engineer - Engineering
melanie.landry,"CN=Melanie Landry,OU=QualityAssurance,DC=northwind,DC=local",Melanie Landry,melanie.landry@northwindmaterials.com,TRUE,134309706509528288,All-Employees;Quality-Assurance-All,QA Analyst - Quality Assurance
megan.flores,"CN=Megan Flores,OU=Legal,DC=northwind,DC=local",Megan Flores,megan.flores@northwindmaterials.com,TRUE,134304519759502048,All-Employees;Legal-All,Compliance Analyst - Legal
sarah.rivera,"CN=Sarah Rivera,OU=QualityAssurance,DC=northwind,DC=local",Sarah Rivera,sarah.rivera@northwindmaterials.com,TRUE,134256097676283760,All-Employees;Quality-Assurance-All,Quality Inspector - Quality Assurance
jacob.mason,"CN=Jacob Mason,OU=SupplyChain,DC=northwind,DC=local",Jacob Mason,jacob.mason@northwindmaterials.com,TRUE,134303302852443776,All-Employees;Supply-Chain-All,Supply Chain Analyst - Supply Chain
david.norman,"CN=David Norman,OU=SupplyChain,DC=northwind,DC=local",David Norman,david.norman@northwindmaterials.com,TRUE,134275305371419376,All-Employees;Supply-Chain-All,Procurement Specialist - Supply Chain
james.lawson,"CN=James Lawson,OU=Finance,DC=northwind,DC=local",James Lawson,james.lawson@northwindmaterials.com,TRUE,134251914479196304,All-Employees;Finance-All,Accountant - Finance
svc-mission14,"CN=svc-mission14,OU=ServiceAccounts,DC=northwind,DC=local",svc-mission14,svc-mission14@northwindmaterials.com,TRUE,134312650726770704,Service-Accounts,Non-interactive service/CI account
stephanie.murray,"CN=Stephanie Murray,OU=CustomerSuccess,DC=northwind,DC=local",Stephanie Murray,stephanie.murray@northwindmaterials.com,TRUE,134302281217236848,All-Employees;Customer-Success-All,Support Specialist - Customer Success
kelly.solis,"CN=Kelly Solis,OU=QualityAssurance,DC=northwind,DC=local",Kelly Solis,kelly.solis@northwindmaterials.com,TRUE,134291074087233904,All-Employees;Quality-Assurance-All,Quality Inspector - Quality Assurance
kenneth.williams,"CN=Kenneth Williams,OU=Legal,DC=northwind,DC=local",Kenneth Williams,kenneth.williams@northwindmaterials.com,TRUE,134254938874648128,All-Employees;Legal-All,Compliance Analyst - Legal
wanda.santos,"CN=Wanda Santos,OU=Legal,DC=northwind,DC=local",Wanda Santos,wanda.santos@northwindmaterials.com,TRUE,134315640161022000,All-Employees;Legal-All,"Manager, Legal - Legal"
amber.ballard,"CN=Amber Ballard,OU=Engineering,DC=northwind,DC=local",Amber Ballard,amber.ballard@northwindmaterials.com,TRUE,134263428613270288,All-Employees;Engineering-All,DevOps Engineer - Engineering
aaron.powers,"CN=Aaron Powers,OU=Legal,DC=northwind,DC=local",Aaron Powers,aaron.powers@northwindmaterials.com,FALSE,134318114563838656,All-Employees;Legal-All,Compliance Analyst - Legal
ctr.andrew.jones,"CN=Andrew Jones,OU=Contractors,DC=northwind,DC=local",Andrew Jones,andrew.jones@contractor.northwindmaterials.com,TRUE,134324096727376560,Contractors-All;All-Employees,Contractor - Staffing Partner B - vendor engagement
justin.evans,"CN=Justin Evans,OU=Engineering,DC=northwind,DC=local",Justin Evans,justin.evans@northwindmaterials.com,TRUE,134323085648531968,All-Employees;Engineering-All,DevOps Engineer - Engineering
ctr.debra.taylor,"CN=Debra Taylor,OU=Contractors,DC=northwind,DC=local",Debra Taylor,debra.taylor@contractor.northwindmaterials.com,TRUE,134259147613600064,Contractors-All;All-Employees,Contractor - Staffing Partner A - vendor engagement
cameron.santiago,"CN=Cameron Santiago,OU=Finance,DC=northwind,DC=local",Cameron Santiago,cameron.santiago@northwindmaterials.com,TRUE,134267503813972688,All-Employees;Finance-All,Accountant - Finance
carol.elliott,"CN=Carol Elliott,OU=HumanResources,DC=northwind,DC=local",Carol Elliott,carol.elliott@northwindmaterials.com,TRUE,134320182549492640,All-Employees;Human-Resources-All,HR Coordinator - Human Resources
meghan.davis,"CN=Meghan Davis,OU=CustomerSuccess,DC=northwind,DC=local",Meghan Davis,meghan.davis@northwindmaterials.com,TRUE,134273101174925216,All-Employees;Customer-Success-All,"Manager, Customer Success - Customer Success"
kimberly.gomez,"CN=Kimberly Gomez,OU=Legal,DC=northwind,DC=local",Kimberly Gomez,kimberly.gomez@northwindmaterials.com,TRUE,134294415056964208,All-Employees;Legal-All,Paralegal - Legal
ronald.phillips,"CN=Ronald Phillips,OU=SupplyChain,DC=northwind,DC=local",Ronald Phillips,ronald.phillips@northwindmaterials.com,TRUE,134264247216396320,All-Employees;Supply-Chain-All,Procurement Specialist - Supply Chain
gail.mitchell,"CN=Gail Mitchell,OU=Engineering,DC=northwind,DC=local",Gail Mitchell,gail.mitchell@northwindmaterials.com,TRUE,134254908752346208,All-Employees;Engineering-All,QA Engineer - Engineering
juan.ryan,"CN=Juan Ryan,OU=InformationTechnology,DC=northwind,DC=local",Juan Ryan,juan.ryan@northwindmaterials.com,TRUE,134299631835424816,All-Employees;Information-Technology-All,IT Support Specialist - Information Technology
jennifer.reed,"CN=Jennifer Reed,OU=Finance,DC=northwind,DC=local",Jennifer Reed,jennifer.reed@northwindmaterials.com,TRUE,134320804810656544,All-Employees;Finance-All,AP Specialist - Finance
hector.flores,"CN=Hector Flores,OU=SupplyChain,DC=northwind,DC=local",Hector Flores,hector.flores@northwindmaterials.com,TRUE,134272205334558960,All-Employees;Supply-Chain-All,Supply Chain Analyst - Supply Chain
nicholas.johnson,"CN=Nicholas Johnson,OU=CustomerSuccess,DC=northwind,DC=local",Nicholas Johnson,nicholas.johnson@northwindmaterials.com,FALSE,134259070688793696,All-Employees;Customer-Success-All,Customer Success Associate - Customer Success
donna.becker,"CN=Donna Becker,OU=Finance,DC=northwind,DC=local",Donna Becker,donna.becker@northwindmaterials.com,TRUE,134296126182768384,All-Employees;Finance-All,AP Specialist - Finance
troy.miller,"CN=Troy Miller,OU=SupplyChain,DC=northwind,DC=local",Troy Miller,troy.miller@northwindmaterials.com,TRUE,134292932824515136,All-Employees;Supply-Chain-All,Supply Chain Analyst - Supply Chain
emily.adams,"CN=Emily Adams,OU=Finance,DC=northwind,DC=local",Emily Adams,emily.adams@northwindmaterials.com,TRUE,134264678367656624,All-Employees;Finance-All,Financial Analyst - Finance
lynn.morales,"CN=Lynn Morales,OU=Operations,DC=northwind,DC=local",Lynn Morales,lynn.morales@northwindmaterials.com,FALSE,134312954106854736,All-Employees;Operations-All,Operations Analyst - Operations
amanda.collins,"CN=Amanda Collins,OU=SupplyChain,DC=northwind,DC=local",Amanda Collins,amanda.collins@northwindmaterials.com,TRUE,134296737366970112,All-Employees;Supply-Chain-All,Procurement Specialist - Supply Chain
christopher.thomas,"CN=Christopher Thomas,OU=Engineering,DC=northwind,DC=local",Christopher Thomas,christopher.thomas@northwindmaterials.com,TRUE,134297057873998816,All-Employees;Engineering-All,DevOps Engineer - Engineering
tina.sanchez,"CN=Tina Sanchez,OU=Engineering,DC=northwind,DC=local",Tina Sanchez,tina.sanchez@northwindmaterials.com,TRUE,134306021217235472,All-Employees;Engineering-All,DevOps Engineer - Engineering
ctr.miranda.cisneros,"CN=Miranda Cisneros,OU=Contractors,DC=northwind,DC=local",Miranda Cisneros,miranda.cisneros@contractor.northwindmaterials.com,TRUE,134302670291202000,Contractors-All;All-Employees,Contractor - Staffing Partner B - vendor engagement
steven.wise,"CN=Steven Wise,OU=QualityAssurance,DC=northwind,DC=local",Steven Wise,steven.wise@northwindmaterials.com,TRUE,134264849717851360,All-Employees;Quality-Assurance-All,QA Analyst - Quality Assurance
timothy.howard,"CN=Timothy Howard,OU=CustomerSuccess,DC=northwind,DC=local",Timothy Howard,timothy.howard@northwindmaterials.com,TRUE,134284711357988224,All-Employees;Customer-Success-All,Support Specialist - Customer Success
alexandria.taylor,"CN=Alexandria Taylor,OU=Operations,DC=northwind,DC=local",Alexandria Taylor,alexandria.taylor@northwindmaterials.com,TRUE,134277131538339040,All-Employees;Operations-All,Logistics Coordinator - Operations
michael.reyes,"CN=Michael Reyes,OU=SupplyChain,DC=northwind,DC=local",Michael Reyes,michael.reyes@northwindmaterials.com,TRUE,134286306503460720,All-Employees;Supply-Chain-All,Procurement Specialist - Supply Chain
craig.harvey,"CN=Craig Harvey,OU=Engineering,DC=northwind,DC=local",Craig Harvey,craig.harvey@northwindmaterials.com,TRUE,134254222742601776,All-Employees;Engineering-All,Software Engineer - Engineering
malik.valentine,"CN=Malik Valentine,OU=CustomerSuccess,DC=northwind,DC=local",Malik Valentine,malik.valentine@northwindmaterials.com,TRUE,134272907373538592,All-Employees;Customer-Success-All,Support Specialist - Customer Success
dwayne.gonzalez,"CN=Dwayne Gonzalez,OU=Operations,DC=northwind,DC=local",Dwayne Gonzalez,dwayne.gonzalez@northwindmaterials.com,TRUE,134323176540489088,All-Employees;Operations-All,Operations Analyst - Operations
lindsey.harrison,"CN=Lindsey Harrison,OU=CustomerSuccess,DC=northwind,DC=local",Lindsey Harrison,lindsey.harrison@northwindmaterials.com,TRUE,134300808140694688,All-Employees;Customer-Success-All,Support Specialist - Customer Success
eric.pearson,"CN=Eric Pearson,OU=QualityAssurance,DC=northwind,DC=local",Eric Pearson,eric.pearson@northwindmaterials.com,TRUE,134279169978439344,All-Employees;Quality-Assurance-All,Quality Inspector - Quality Assurance
maurice.jenkins,"CN=Maurice Jenkins,OU=CustomerSuccess,DC=northwind,DC=local",Maurice Jenkins,maurice.jenkins@northwindmaterials.com,FALSE,134265840189555152,All-Employees;Customer-Success-All,Customer Success Associate - Customer Success
jason.martin,"CN=Jason Martin,OU=Legal,DC=northwind,DC=local",Jason Martin,jason.martin@northwindmaterials.com,TRUE,134301796452446496,All-Employees;Legal-All,Paralegal - Legal
ctr.nicole.aguirre,"CN=Nicole Aguirre,OU=Contractors,DC=northwind,DC=local",Nicole Aguirre,nicole.aguirre@contractor.northwindmaterials.com,TRUE,134300380158861712,Contractors-All;All-Employees,Contractor - Staffing Partner B - vendor engagement
dominique.turner,"CN=Dominique Turner,OU=CustomerSuccess,DC=northwind,DC=local",Dominique Turner,dominique.turner@northwindmaterials.com,TRUE,134323381432656208,All-Employees;Customer-Success-All,Support Specialist - Customer Success
brittany.price,"CN=Brittany Price,OU=Engineering,DC=northwind,DC=local",Brittany Price,brittany.price@northwindmaterials.com,TRUE,134290329044245456,All-Employees;Engineering-All,Senior Software Engineer - Engineering
andrew.ryan,"CN=Andrew Ryan,OU=Engineering,DC=northwind,DC=local",Andrew Ryan,andrew.ryan@northwindmaterials.com,TRUE,134268631383440816,All-Employees;Engineering-All,Software Engineer - Engineering
ashley.larsen,"CN=Ashley Larsen,OU=InformationTechnology,DC=northwind,DC=local",Ashley Larsen,ashley.larsen@northwindmaterials.com,TRUE,134306629301001408,All-Employees;Information-Technology-All,IT Support Specialist - Information Technology
rachael.davis,"CN=Rachael Davis,OU=Engineering,DC=northwind,DC=local",Rachael Davis,rachael.davis@northwindmaterials.com,TRUE,134256793416992944,All-Employees;Engineering-All,Software Engineer - Engineering
elizabeth.morgan,"CN=Elizabeth Morgan,OU=SupplyChain,DC=northwind,DC=local",Elizabeth Morgan,elizabeth.morgan@northwindmaterials.com,TRUE,134255838262896240,All-Employees;Supply-Chain-All,Supply Chain Analyst - Supply Chain
katherine.thompson,"CN=Katherine Thompson,OU=Manufacturing,DC=northwind,DC=local",Katherine Thompson,katherine.thompson@northwindmaterials.com,TRUE,134289057809506688,All-Employees;Manufacturing-All,Line Supervisor - Manufacturing
chad.reyes,"CN=Chad Reyes,OU=QualityAssurance,DC=northwind,DC=local",Chad Reyes,chad.reyes@northwindmaterials.com,TRUE,134282252372295952,All-Employees;Quality-Assurance-All,Quality Inspector - Quality Assurance
ctr.eric.ross,"CN=Eric Ross,OU=Contractors,DC=northwind,DC=local",Eric Ross,eric.ross@contractor.northwindmaterials.com,TRUE,134255182821925648,Contractors-All;All-Employees,Contractor - Staffing Partner B - vendor engagement
michael.oconnor,"CN=Michael Oconnor,OU=QualityAssurance,DC=northwind,DC=local",Michael Oconnor,michael.oconnor@northwindmaterials.com,TRUE,134299734469346320,All-Employees;Quality-Assurance-All,QA Analyst - Quality Assurance
brian.howard,"CN=Brian Howard,OU=InformationTechnology,DC=northwind,DC=local",Brian Howard,brian.howard@northwindmaterials.com,TRUE,134296697030892528,All-Employees;Information-Technology-All,Systems Administrator - Information Technology
jennifer.lewis,"CN=Jennifer Lewis,OU=SupplyChain,DC=northwind,DC=local",Jennifer Lewis,jennifer.lewis@northwindmaterials.com,TRUE,134285789783939424,All-Employees;Supply-Chain-All,Procurement Specialist - Supply Chain
amanda.little,"CN=Amanda Little,OU=Legal,DC=northwind,DC=local",Amanda Little,amanda.little@northwindmaterials.com,TRUE,134264677184036256,All-Employees;Legal-All,Compliance Analyst - Legal
randy.shaw,"CN=Randy Shaw,OU=SupplyChain,DC=northwind,DC=local",Randy Shaw,randy.shaw@northwindmaterials.com,TRUE,134292344258008704,All-Employees;Supply-Chain-All,Supply Chain Analyst - Supply Chain
jessica.simon,"CN=Jessica Simon,OU=Engineering,DC=northwind,DC=local",Jessica Simon,jessica.simon@northwindmaterials.com,TRUE,134325097081081568,All-Employees;Engineering-All,QA Engineer - Engineering
cynthia.zavala,"CN=Cynthia Zavala,OU=InformationTechnology,DC=northwind,DC=local",Cynthia Zavala,cynthia.zavala@northwindmaterials.com,TRUE,134318726234773552,All-Employees;Information-Technology-All,IT Support Specialist - Information Technology
thomas.miller,"CN=Thomas Miller,OU=Engineering,DC=northwind,DC=local",Thomas Miller,thomas.miller@northwindmaterials.com,FALSE,134319045107711200,All-Employees;Engineering-All,QA Engineer - Engineering
david.johnston,"CN=David Johnston,OU=Finance,DC=northwind,DC=local",David Johnston,david.johnston@northwindmaterials.com,TRUE,134250467355250288,All-Employees;Finance-All,AP Specialist - Finance
joseph.zuniga,"CN=Joseph Zuniga,OU=Finance,DC=northwind,DC=local",Joseph Zuniga,joseph.zuniga@northwindmaterials.com,FALSE,134266401738610320,All-Employees;Finance-All,Director of Finance - Finance
ctr.isaiah.reese,"CN=Isaiah Reese,OU=Contractors,DC=northwind,DC=local",Isaiah Reese,isaiah.reese@contractor.northwindmaterials.com,TRUE,134292998723826960,Contractors-All;All-Employees,Contractor - Staffing Partner B - vendor engagement
stacey.tucker,"CN=Stacey Tucker,OU=Operations,DC=northwind,DC=local",Stacey Tucker,stacey.tucker@northwindmaterials.com,TRUE,134288278185470784,All-Employees;Operations-All,Operations Analyst - Operations
cody.rice,"CN=Cody Rice,OU=QualityAssurance,DC=northwind,DC=local",Cody Rice,cody.rice@northwindmaterials.com,TRUE,134303808451051328,All-Employees;Quality-Assurance-All,QA Analyst - Quality Assurance
ctr.wanda.white,"CN=Wanda White,OU=Contractors,DC=northwind,DC=local",Wanda White,wanda.white@contractor.northwindmaterials.com,TRUE,134279446952841008,Contractors-All;All-Employees,Contractor - Staffing Partner B - vendor engagement
cynthia.allen,"CN=Cynthia Allen,OU=Operations,DC=northwind,DC=local",Cynthia Allen,cynthia.allen@northwindmaterials.com,TRUE,134258914336649920,All-Employees;Operations-All,Operations Analyst - Operations
kyle.brown,"CN=Kyle Brown,OU=SupplyChain,DC=northwind,DC=local",Kyle Brown,kyle.brown@northwindmaterials.com,TRUE,134284411470008016,All-Employees;Supply-Chain-All,"Manager, Supply Chain - Supply Chain"
ctr.jason.montgomery,"CN=Jason Montgomery,OU=Contractors,DC=northwind,DC=local",Jason Montgomery,jason.montgomery@contractor.northwindmaterials.com,TRUE,134266530162671872,Contractors-All;All-Employees,Contractor - Staffing Partner B - vendor engagement
thomas.keith,"CN=Thomas Keith,OU=Finance,DC=northwind,DC=local",Thomas Keith,thomas.keith@northwindmaterials.com,TRUE,134295583192720224,All-Employees;Finance-All,AP Specialist - Finance
william.duran,"CN=William Duran,OU=QualityAssurance,DC=northwind,DC=local",William Duran,william.duran@northwindmaterials.com,TRUE,134283325311318832,All-Employees;Quality-Assurance-All,Quality Inspector - Quality Assurance
ctr.andrea.little,"CN=Andrea Little,OU=Contractors,DC=northwind,DC=local",Andrea Little,andrea.little@contractor.northwindmaterials.com,TRUE,134252024841720112,Contractors-All;All-Employees,Contractor - Staffing Partner A - vendor engagement
ctr.nancy.spencer,"CN=Nancy Spencer,OU=Contractors,DC=northwind,DC=local",Nancy Spencer,nancy.spencer@contractor.northwindmaterials.com,TRUE,134314011337618624,Contractors-All;All-Employees,Contractor - Staffing Partner B - vendor engagement
jennifer.douglas,"CN=Jennifer Douglas,OU=InformationTechnology,DC=northwind,DC=local",Jennifer Douglas,jennifer.douglas@northwindmaterials.com,TRUE,134250120304088928,All-Employees;Information-Technology-All,IT Support Specialist - Information Technology
sheila.wilson,"CN=Sheila Wilson,OU=SupplyChain,DC=northwind,DC=local",Sheila Wilson,sheila.wilson@northwindmaterials.com,TRUE,134325435859843008,All-Employees;Supply-Chain-All,"Manager, Supply Chain - Supply Chain"
james.johnston,"CN=James Johnston,OU=SupplyChain,DC=northwind,DC=local",James Johnston,james.johnston@northwindmaterials.com,TRUE,134304170699108944,All-Employees;Supply-Chain-All,Procurement Specialist - Supply Chain
jacqueline.valencia,"CN=Jacqueline Valencia,OU=QualityAssurance,DC=northwind,DC=local",Jacqueline Valencia,jacqueline.valencia@northwindmaterials.com,TRUE,134280307661321552,All-Employees;Quality-Assurance-All,Quality Inspector - Quality Assurance
michael.green,"CN=Michael Green,OU=CustomerSuccess,DC=northwind,DC=local",Michael Green,michael.green@northwindmaterials.com,TRUE,134304685526454656,All-Employees;Customer-Success-All,Support Specialist - Customer Success
david.fisher,"CN=David Fisher,OU=Manufacturing,DC=northwind,DC=local",David Fisher,david.fisher@northwindmaterials.com,TRUE,134317192367434640,All-Employees;Manufacturing-All,Plant Technician - Manufacturing
yolanda.kennedy,"CN=Yolanda Kennedy,OU=Engineering,DC=northwind,DC=local",Yolanda Kennedy,yolanda.kennedy@northwindmaterials.com,TRUE,134309984347872432,All-Employees;Engineering-All,Software Engineer - Engineering
brian.lloyd,"CN=Brian Lloyd,OU=HumanResources,DC=northwind,DC=local",Brian Lloyd,brian.lloyd@northwindmaterials.com,TRUE,134325616563232224,All-Employees;Human-Resources-All,Recruiter - Human Resources
jacob.thompson,"CN=Jacob Thompson,OU=Finance,DC=northwind,DC=local",Jacob Thompson,jacob.thompson@northwindmaterials.com,FALSE,134317871094114432,All-Employees;Finance-All,AP Specialist - Finance
catherine.wilkinson,"CN=Catherine Wilkinson,OU=SupplyChain,DC=northwind,DC=local",Catherine Wilkinson,catherine.wilkinson@northwindmaterials.com,TRUE,134312806447963216,All-Employees;Supply-Chain-All,Supply Chain Analyst - Supply Chain
cassandra.shaw,"CN=Cassandra Shaw,OU=InformationTechnology,DC=northwind,DC=local",Cassandra Shaw,cassandra.shaw@northwindmaterials.com,TRUE,134306525049779872,All-Employees;Information-Technology-All,Network Engineer - Information Technology
michael.torres,"CN=Michael Torres,OU=CustomerSuccess,DC=northwind,DC=local",Michael Torres,michael.torres@northwindmaterials.com,TRUE,134282720156374704,All-Employees;Customer-Success-All,Support Specialist - Customer Success
kimberly.brown,"CN=Kimberly Brown,OU=Legal,DC=northwind,DC=local",Kimberly Brown,kimberly.brown@northwindmaterials.com,TRUE,134322438355085808,All-Employees;Legal-All,Paralegal - Legal
christina.branch,"CN=Christina Branch,OU=Engineering,DC=northwind,DC=local",Christina Branch,christina.branch@northwindmaterials.com,FALSE,134259020217931856,All-Employees;Engineering-All,QA Engineer - Engineering
travis.martinez,"CN=Travis Martinez,OU=Manufacturing,DC=northwind,DC=local",Travis Martinez,travis.martinez@northwindmaterials.com,TRUE,134251816350177728,All-Employees;Manufacturing-All;Plant-Ops-Leads,Production Associate - Manufacturing
alejandro.vaughan,"CN=Alejandro Vaughan,OU=CustomerSuccess,DC=northwind,DC=local",Alejandro Vaughan,alejandro.vaughan@northwindmaterials.com,TRUE,134302398289449552,All-Employees;Customer-Success-All,Customer Success Associate - Customer Success
diana.marshall,"CN=Diana Marshall,OU=Legal,DC=northwind,DC=local",Diana Marshall,diana.marshall@northwindmaterials.com,TRUE,134271029028894464,All-Employees;Legal-All,Paralegal - Legal
nathan.wheeler,"CN=Nathan Wheeler,OU=SupplyChain,DC=northwind,DC=local",Nathan Wheeler,nathan.wheeler@northwindmaterials.com,TRUE,134253960804405936,All-Employees;Supply-Chain-All,Supply Chain Analyst - Supply Chain
christopher.fleming,"CN=Christopher Fleming,OU=Engineering,DC=northwind,DC=local",Christopher Fleming,christopher.fleming@northwindmaterials.com,TRUE,134269541195478496,All-Employees;Engineering-All,Software Engineer - Engineering
mark.steele,"CN=Mark Steele,OU=Finance,DC=northwind,DC=local",Mark Steele,mark.steele@northwindmaterials.com,TRUE,134261263630346240,All-Employees;Finance-All,Financial Analyst - Finance
luis.owens,"CN=Luis Owens,OU=Legal,DC=northwind,DC=local",Luis Owens,luis.owens@northwindmaterials.com,TRUE,134254287777223008,All-Employees;Legal-All,Compliance Analyst - Legal
kathryn.ryan,"CN=Kathryn Ryan,OU=SupplyChain,DC=northwind,DC=local",Kathryn Ryan,kathryn.ryan@northwindmaterials.com,TRUE,134301101930960688,All-Employees;Supply-Chain-All,"Manager, Supply Chain - Supply Chain"
frank.kline,"CN=Frank Kline,OU=InformationTechnology,DC=northwind,DC=local",Frank Kline,frank.kline@northwindmaterials.com,TRUE,134264415115136688,All-Employees;Information-Technology-All,Systems Administrator - Information Technology
karen.decker,"CN=Karen Decker,OU=CustomerSuccess,DC=northwind,DC=local",Karen Decker,karen.decker@northwindmaterials.com,TRUE,134295109567592176,All-Employees;Customer-Success-All,Support Specialist - Customer Success
jill.wyatt,"CN=Jill Wyatt,OU=QualityAssurance,DC=northwind,DC=local",Jill Wyatt,jill.wyatt@northwindmaterials.com,TRUE,134298262706033040,All-Employees;Quality-Assurance-All,Quality Inspector - Quality Assurance
sean.mitchell,"CN=Sean Mitchell,OU=Engineering,DC=northwind,DC=local",Sean Mitchell,sean.mitchell@northwindmaterials.com,TRUE,134307513650312992,All-Employees;Engineering-All,DevOps Engineer - Engineering
tiffany.wolfe,"CN=Tiffany Wolfe,OU=Manufacturing,DC=northwind,DC=local",Tiffany Wolfe,tiffany.wolfe@northwindmaterials.com,TRUE,134280187897371088,All-Employees;Manufacturing-All,Plant Technician - Manufacturing
sarah.jones,"CN=Sarah Jones,OU=InformationTechnology,DC=northwind,DC=local",Sarah Jones,sarah.jones@northwindmaterials.com,FALSE,134298185346858848,All-Employees;Information-Technology-All,IT Support Specialist - Information Technology
ryan.larsen,"CN=Ryan Larsen,OU=QualityAssurance,DC=northwind,DC=local",Ryan Larsen,ryan.larsen@northwindmaterials.com,TRUE,134252382800602432,All-Employees;Quality-Assurance-All,QA Analyst - Quality Assurance
christopher.robertson,"CN=Christopher Robertson,OU=SupplyChain,DC=northwind,DC=local",Christopher Robertson,christopher.robertson@northwindmaterials.com,TRUE,134310533213077216,All-Employees;Supply-Chain-All,Procurement Specialist - Supply Chain
donna.lin,"CN=Donna Lin,OU=SupplyChain,DC=northwind,DC=local",Donna Lin,donna.lin@northwindmaterials.com,TRUE,134272322320704192,All-Employees;Supply-Chain-All,Procurement Specialist - Supply Chain
christine.avila,"CN=Christine Avila,OU=InformationTechnology,DC=northwind,DC=local",Christine Avila,christine.avila@northwindmaterials.com,TRUE,134259499546855376,All-Employees;Information-Technology-All,IT Support Specialist - Information Technology
plant-shared-method23,"CN=plant-shared-method23,OU=ServiceAccounts,DC=northwind,DC=local",plant-shared-method23,plant-shared-method23@northwindmaterials.com,TRUE,134312583585721760,Service-Accounts,Non-interactive service/CI account
christopher.hall,"CN=Christopher Hall,OU=SupplyChain,DC=northwind,DC=local",Christopher Hall,christopher.hall@northwindmaterials.com,TRUE,134266076007854336,All-Employees;Supply-Chain-All,Director of Supply Chain - Supply Chain
elizabeth.butler,"CN=Elizabeth Butler,OU=QualityAssurance,DC=northwind,DC=local",Elizabeth Butler,elizabeth.butler@northwindmaterials.com,TRUE,134272677456119792,All-Employees;Quality-Assurance-All,QA Analyst - Quality Assurance
nancy.li,"CN=Nancy Li,OU=HumanResources,DC=northwind,DC=local",Nancy Li,nancy.li@northwindmaterials.com,TRUE,134306001359000032,All-Employees;Human-Resources-All,HR Coordinator - Human Resources
cheryl.lopez,"CN=Cheryl Lopez,OU=QualityAssurance,DC=northwind,DC=local",Cheryl Lopez,cheryl.lopez@northwindmaterials.com,FALSE,134289371428624608,All-Employees;Quality-Assurance-All,Quality Inspector - Quality Assurance
svc-small25,"CN=svc-small25,OU=ServiceAccounts,DC=northwind,DC=local",svc-small25,svc-small25@northwindmaterials.com,TRUE,134308389788106176,Service-Accounts,Non-interactive service/CI account
mary.grant,"CN=Mary Grant,OU=Engineering,DC=northwind,DC=local",Mary Grant,mary.grant@northwindmaterials.com,TRUE,134288374988032416,All-Employees;Engineering-All,DevOps Engineer - Engineering
jeff.shields,"CN=Jeff Shields,OU=Operations,DC=northwind,DC=local",Jeff Shields,jeff.shields@northwindmaterials.com,TRUE,134271697040727792,All-Employees;Operations-All,Logistics Coordinator - Operations
heather.mccoy,"CN=Heather Mccoy,OU=SupplyChain,DC=northwind,DC=local",Heather Mccoy,heather.mccoy@northwindmaterials.com,TRUE,134273169589621888,All-Employees;Supply-Chain-All,Procurement Specialist - Supply Chain
paul.mosley,"CN=Paul Mosley,OU=Finance,DC=northwind,DC=local",Paul Mosley,paul.mosley@northwindmaterials.com,TRUE,134322300232740128,All-Employees;Finance-All,Accountant - Finance
james.anderson,"CN=James Anderson,OU=Finance,DC=northwind,DC=local",James Anderson,james.anderson@northwindmaterials.com,TRUE,134311296667253920,All-Employees;Finance-All,Accountant - Finance
diane.fox,"CN=Diane Fox,OU=SupplyChain,DC=northwind,DC=local",Diane Fox,diane.fox@northwindmaterials.com,TRUE,134262424363149376,All-Employees;Supply-Chain-All,Procurement Specialist - Supply Chain
derek.myers,"CN=Derek Myers,OU=Engineering,DC=northwind,DC=local",Derek Myers,derek.myers@northwindmaterials.com,TRUE,134298024020566928,All-Employees;Engineering-All,Senior Software Engineer - Engineering
bill.brown,"CN=Bill Brown,OU=CustomerSuccess,DC=northwind,DC=local",Bill Brown,bill.brown@northwindmaterials.com,TRUE,134324427791725728,All-Employees;Customer-Success-All,Support Specialist - Customer Success
patricia.miller,"CN=Patricia Miller,OU=Sales,DC=northwind,DC=local",Patricia Miller,patricia.miller@northwindmaterials.com,TRUE,134252527179563920,All-Employees;Sales-All,VP of Sales - Sales
sally.stewart,"CN=Sally Stewart,OU=SupplyChain,DC=northwind,DC=local",Sally Stewart,sally.stewart@northwindmaterials.com,TRUE,134278523747245120,All-Employees;Supply-Chain-All,Procurement Specialist - Supply Chain
patrick.rose,"CN=Patrick Rose,OU=Manufacturing,DC=northwind,DC=local",Patrick Rose,patrick.rose@northwindmaterials.com,TRUE,134305165898535984,All-Employees;Manufacturing-All,Production Associate - Manufacturing
ctr.amanda.underwood,"CN=Amanda Underwood,OU=Contractors,DC=northwind,DC=local",Amanda Underwood,amanda.underwood@contractor.northwindmaterials.com,TRUE,134279416615227504,Contractors-All;All-Employees,Contractor - Staffing Partner A - vendor engagement
timothy.alvarez,"CN=Timothy Alvarez,OU=Manufacturing,DC=northwind,DC=local",Timothy Alvarez,timothy.alvarez@northwindmaterials.com,TRUE,134275880537174192,All-Employees;Manufacturing-All,Machine Operator - Manufacturing
eric.spears,"CN=Eric Spears,OU=Legal,DC=northwind,DC=local",Eric Spears,eric.spears@northwindmaterials.com,FALSE,134297529692779280,All-Employees;Legal-All,"Manager, Legal - Legal"
ctr.ashley.williams,"CN=Ashley Williams,OU=Contractors,DC=northwind,DC=local",Ashley Williams,ashley.williams@contractor.northwindmaterials.com,TRUE,134316304093141200,Contractors-All;All-Employees,Contractor - Staffing Partner B - vendor engagement
amy.snyder,"CN=Amy Snyder,OU=QualityAssurance,DC=northwind,DC=local",Amy Snyder,amy.snyder@northwindmaterials.com,TRUE,134321171868599536,All-Employees;Quality-Assurance-All,QA Analyst - Quality Assurance
kelsey.ramos,"CN=Kelsey Ramos,OU=SupplyChain,DC=northwind,DC=local",Kelsey Ramos,kelsey.ramos@northwindmaterials.com,TRUE,134281194717090496,All-Employees;Supply-Chain-All,Procurement Specialist - Supply Chain
sarah.combs,"CN=Sarah Combs,OU=Legal,DC=northwind,DC=local",Sarah Combs,sarah.combs@northwindmaterials.com,TRUE,134284551382586960,All-Employees;Legal-All,Paralegal - Legal
elizabeth.williams,"CN=Elizabeth Williams,OU=CustomerSuccess,DC=northwind,DC=local",Elizabeth Williams,elizabeth.williams@northwindmaterials.com,TRUE,134326125605714496,All-Employees;Customer-Success-All,Customer Success Associate - Customer Success
kimberly.freeman,"CN=Kimberly Freeman,OU=SupplyChain,DC=northwind,DC=local",Kimberly Freeman,kimberly.freeman@northwindmaterials.com,TRUE,134298913084402784,All-Employees;Supply-Chain-All,Procurement Specialist - Supply Chain
debra.johnson,"CN=Debra Johnson,OU=Legal,DC=northwind,DC=local",Debra Johnson,debra.johnson@northwindmaterials.com,TRUE,134288846520915776,All-Employees;Legal-All,Compliance Analyst - Legal
ashlee.washington,"CN=Ashlee Washington,OU=InformationTechnology,DC=northwind,DC=local",Ashlee Washington,ashlee.washington@northwindmaterials.com,TRUE,134294308082818256,All-Employees;Information-Technology-All,Systems Administrator - Information Technology
joseph.campbell,"CN=Joseph Campbell,OU=Operations,DC=northwind,DC=local",Joseph Campbell,joseph.campbell@northwindmaterials.com,TRUE,134275327939521808,All-Employees;Operations-All,Operations Analyst - Operations
mark.bridges,"CN=Mark Bridges,OU=CustomerSuccess,DC=northwind,DC=local",Mark Bridges,mark.bridges@northwindmaterials.com,TRUE,134249977877223264,All-Employees;Customer-Success-All,Customer Success Associate - Customer Success
michael.brown,"CN=Michael Brown,OU=Manufacturing,DC=northwind,DC=local",Michael Brown,michael.brown@northwindmaterials.com,FALSE,134272016925074544,All-Employees;Manufacturing-All,Machine Operator - Manufacturing
charles.brown,"CN=Charles Brown,OU=InformationTechnology,DC=northwind,DC=local",Charles Brown,charles.brown@northwindmaterials.com,TRUE,134311340005338752,All-Employees;Information-Technology-All,Systems Administrator - Information Technology
justin.hughes,"CN=Justin Hughes,OU=Manufacturing,DC=northwind,DC=local",Justin Hughes,justin.hughes@northwindmaterials.com,TRUE,134281260742522464,All-Employees;Manufacturing-All,Production Associate - Manufacturing
cheyenne.garrett,"CN=Cheyenne Garrett,OU=Finance,DC=northwind,DC=local",Cheyenne Garrett,cheyenne.garrett@northwindmaterials.com,TRUE,134274394424228224,All-Employees;Finance-All,Financial Analyst - Finance
sara.graham,"CN=Sara Graham,OU=SupplyChain,DC=northwind,DC=local",Sara Graham,sara.graham@northwindmaterials.com,TRUE,134251298560959840,All-Employees;Supply-Chain-All,Procurement Specialist - Supply Chain
ctr.monica.payne,"CN=Monica Payne,OU=Contractors,DC=northwind,DC=local",Monica Payne,monica.payne@contractor.northwindmaterials.com,TRUE,134324853327934672,Contractors-All;All-Employees,Contractor - Staffing Partner A - vendor engagement
amanda.davis,"CN=Amanda Davis,OU=Legal,DC=northwind,DC=local",Amanda Davis,amanda.davis@northwindmaterials.com,TRUE,134253137553625904,All-Employees;Legal-All,Paralegal - Legal
melissa.short,"CN=Melissa Short,OU=Finance,DC=northwind,DC=local",Melissa Short,melissa.short@northwindmaterials.com,TRUE,134306605437294768,All-Employees;Finance-All,Accountant - Finance
april.williams,"CN=April Williams,OU=Finance,DC=northwind,DC=local",April Williams,april.williams@northwindmaterials.com,TRUE,134278340251104560,All-Employees;Finance-All,Financial Analyst - Finance
don.martin,"CN=Don Martin,OU=Finance,DC=northwind,DC=local",Don Martin,don.martin@northwindmaterials.com,TRUE,134301999431609040,All-Employees;Finance-All,Accountant - Finance
aaron.ochoa,"CN=Aaron Ochoa,OU=Manufacturing,DC=northwind,DC=local",Aaron Ochoa,aaron.ochoa@northwindmaterials.com,TRUE,134318532117242896,All-Employees;Manufacturing-All,Machine Operator - Manufacturing
marcus.fletcher,"CN=Marcus Fletcher,OU=SupplyChain,DC=northwind,DC=local",Marcus Fletcher,marcus.fletcher@northwindmaterials.com,TRUE,134292116040645904,All-Employees;Supply-Chain-All,Supply Chain Analyst - Supply Chain
edward.shaw,"CN=Edward Shaw,OU=SupplyChain,DC=northwind,DC=local",Edward Shaw,edward.shaw@northwindmaterials.com,TRUE,134319776596431472,All-Employees;Supply-Chain-All,Supply Chain Analyst - Supply Chain
jeffrey.gibson,"CN=Jeffrey Gibson,OU=QualityAssurance,DC=northwind,DC=local",Jeffrey Gibson,jeffrey.gibson@northwindmaterials.com,TRUE,134291201475795440,All-Employees;Quality-Assurance-All,Quality Inspector - Quality Assurance
mitchell.griffith,"CN=Mitchell Griffith,OU=CustomerSuccess,DC=northwind,DC=local",Mitchell Griffith,mitchell.griffith@northwindmaterials.com,TRUE,134264981612021104,All-Employees;Customer-Success-All,Support Specialist - Customer Success
leonard.hayes,"CN=Leonard Hayes,OU=Finance,DC=northwind,DC=local",Leonard Hayes,leonard.hayes@northwindmaterials.com,TRUE,134318342855724560,All-Employees;Finance-All,Financial Analyst - Finance
john.reid,"CN=John Reid,OU=QualityAssurance,DC=northwind,DC=local",John Reid,john.reid@northwindmaterials.com,TRUE,134257690261861728,All-Employees;Quality-Assurance-All,QA Analyst - Quality Assurance
john.butler,"CN=John Butler,OU=Finance,DC=northwind,DC=local",John Butler,john.butler@northwindmaterials.com,TRUE,134300764093277424,All-Employees;Finance-All,Accountant - Finance
erica.james,"CN=Erica James,OU=SupplyChain,DC=northwind,DC=local",Erica James,erica.james@northwindmaterials.com,TRUE,134278916484365296,All-Employees;Supply-Chain-All,Supply Chain Analyst - Supply Chain
dillon.weaver,"CN=Dillon Weaver,OU=Finance,DC=northwind,DC=local",Dillon Weaver,dillon.weaver@northwindmaterials.com,TRUE,134252491373717168,All-Employees;Finance-All,Accountant - Finance
kristina.williamson,"CN=Kristina Williamson,OU=Finance,DC=northwind,DC=local",Kristina Williamson,kristina.williamson@northwindmaterials.com,TRUE,134251993987804064,All-Employees;Finance-All,Financial Analyst - Finance
glen.barr,"CN=Glen Barr,OU=InformationTechnology,DC=northwind,DC=local",Glen Barr,glen.barr@northwindmaterials.com,TRUE,134267687541474688,All-Employees;Information-Technology-All,IT Support Specialist - Information Technology
cathy.maxwell,"CN=Cathy Maxwell,OU=Finance,DC=northwind,DC=local",Cathy Maxwell,cathy.maxwell@northwindmaterials.com,TRUE,134311451514853008,All-Employees;Finance-All,Accountant - Finance
caitlin.dodson,"CN=Caitlin Dodson,OU=Finance,DC=northwind,DC=local",Caitlin Dodson,caitlin.dodson@northwindmaterials.com,FALSE,134279449385328048,All-Employees;Finance-All,AP Specialist - Finance
scott.nelson,"CN=Scott Nelson,OU=QualityAssurance,DC=northwind,DC=local",Scott Nelson,scott.nelson@northwindmaterials.com,TRUE,134258580901526048,All-Employees;Quality-Assurance-All,Quality Inspector - Quality Assurance
ctr.thomas.ramirez,"CN=Thomas Ramirez,OU=Contractors,DC=northwind,DC=local",Thomas Ramirez,thomas.ramirez@contractor.northwindmaterials.com,TRUE,134252484834670208,Contractors-All;All-Employees,Contractor - Staffing Partner A - vendor engagement
morgan.alexander,"CN=Morgan Alexander,OU=InformationTechnology,DC=northwind,DC=local",Morgan Alexander,morgan.alexander@northwindmaterials.com,TRUE,134294638634938256,All-Employees;Information-Technology-All,Network Engineer - Information Technology
jennifer.payne,"CN=Jennifer Payne,OU=Engineering,DC=northwind,DC=local",Jennifer Payne,jennifer.payne@northwindmaterials.com,TRUE,134266850430897840,All-Employees;Engineering-All,QA Engineer - Engineering
andrew.hickman,"CN=Andrew Hickman,OU=Finance,DC=northwind,DC=local",Andrew Hickman,andrew.hickman@northwindmaterials.com,TRUE,134280110550455968,All-Employees;Finance-All,"Manager, Finance - Finance"
andrew.dillon,"CN=Andrew Dillon,OU=Legal,DC=northwind,DC=local",Andrew Dillon,andrew.dillon@northwindmaterials.com,FALSE,134314288358793056,All-Employees;Legal-All,Paralegal - Legal
bradley.moreno,"CN=Bradley Moreno,OU=CustomerSuccess,DC=northwind,DC=local",Bradley Moreno,bradley.moreno@northwindmaterials.com,FALSE,134269506145196720,All-Employees;Customer-Success-All,Support Specialist - Customer Success
anthony.day,"CN=Anthony Day,OU=CustomerSuccess,DC=northwind,DC=local",Anthony Day,anthony.day@northwindmaterials.com,TRUE,134298491054792144,All-Employees;Customer-Success-All,Support Specialist - Customer Success
jessica.hall,"CN=Jessica Hall,OU=Engineering,DC=northwind,DC=local",Jessica Hall,jessica.hall@northwindmaterials.com,TRUE,134273826422308896,All-Employees;Engineering-All,Senior Software Engineer - Engineering
bryan.goodwin,"CN=Bryan Goodwin,OU=InformationTechnology,DC=northwind,DC=local",Bryan Goodwin,bryan.goodwin@northwindmaterials.com,TRUE,134301378309735168,All-Employees;Information-Technology-All,Systems Administrator - Information Technology
daniel.tran,"CN=Daniel Tran,OU=Engineering,DC=northwind,DC=local",Daniel Tran,daniel.tran@northwindmaterials.com,TRUE,134327112146054992,All-Employees;Engineering-All,"Manager, Engineering - Engineering"
jeffrey.turner,"CN=Jeffrey Turner,OU=SupplyChain,DC=northwind,DC=local",Jeffrey Turner,jeffrey.turner@northwindmaterials.com,TRUE,134322679463794176,All-Employees;Supply-Chain-All,Supply Chain Analyst - Supply Chain
heather.garcia,"CN=Heather Garcia,OU=InformationTechnology,DC=northwind,DC=local",Heather Garcia,heather.garcia@northwindmaterials.com,FALSE,134325942235740592,All-Employees;Information-Technology-All,Network Engineer - Information Technology
monique.andrews,"CN=Monique Andrews,OU=Finance,DC=northwind,DC=local",Monique Andrews,monique.andrews@northwindmaterials.com,TRUE,134263983623249296,All-Employees;Finance-All,AP Specialist - Finance
kevin.lyons,"CN=Kevin Lyons,OU=CustomerSuccess,DC=northwind,DC=local",Kevin Lyons,kevin.lyons@northwindmaterials.com,TRUE,134310809441181216,All-Employees;Customer-Success-All,Support Specialist - Customer Success
desiree.smith,"CN=Desiree Smith,OU=SupplyChain,DC=northwind,DC=local",Desiree Smith,desiree.smith@northwindmaterials.com,TRUE,134322518670208880,All-Employees;Supply-Chain-All,Supply Chain Analyst - Supply Chain
laura.wilson,"CN=Laura Wilson,OU=SupplyChain,DC=northwind,DC=local",Laura Wilson,laura.wilson@northwindmaterials.com,TRUE,134281978643999408,All-Employees;Supply-Chain-All,Procurement Specialist - Supply Chain
ryan.johnson,"CN=Ryan Johnson,OU=Legal,DC=northwind,DC=local",Ryan Johnson,ryan.johnson@northwindmaterials.com,TRUE,134319061012917856,All-Employees;Legal-All,Compliance Analyst - Legal
carla.welch,"CN=Carla Welch,OU=Finance,DC=northwind,DC=local",Carla Welch,carla.welch@northwindmaterials.com,TRUE,134249585842317760,All-Employees;Finance-All,Financial Analyst - Finance
ryan.james,"CN=Ryan James,OU=Finance,DC=northwind,DC=local",Ryan James,ryan.james@northwindmaterials.com,TRUE,134254458635986496,All-Employees;Finance-All,Financial Analyst - Finance
monique.clark,"CN=Monique Clark,OU=InformationTechnology,DC=northwind,DC=local",Monique Clark,monique.clark@northwindmaterials.com,TRUE,134290632314067232,All-Employees;Information-Technology-All,Network Engineer - Information Technology
ctr.leah.valdez,"CN=Leah Valdez,OU=Contractors,DC=northwind,DC=local",Leah Valdez,leah.valdez@contractor.northwindmaterials.com,TRUE,134268629815538672,Contractors-All;All-Employees,Contractor - Staffing Partner B - vendor engagement
alicia.mccoy,"CN=Alicia Mccoy,OU=Operations,DC=northwind,DC=local",Alicia Mccoy,alicia.mccoy@northwindmaterials.com,TRUE,134301817649985232,All-Employees;Operations-All,Logistics Coordinator - Operations
daniel.martin,"CN=Daniel Martin,OU=SupplyChain,DC=northwind,DC=local",Daniel Martin,daniel.martin@northwindmaterials.com,TRUE,134281037460082944,All-Employees;Supply-Chain-All,Supply Chain Analyst - Supply Chain
vincent.cooper,"CN=Vincent Cooper,OU=Manufacturing,DC=northwind,DC=local",Vincent Cooper,vincent.cooper@northwindmaterials.com,TRUE,134291630798330784,All-Employees;Manufacturing-All;Plant-Ops-Leads,Machine Operator - Manufacturing
shawn.garza,"CN=Shawn Garza,OU=Legal,DC=northwind,DC=local",Shawn Garza,shawn.garza@northwindmaterials.com,FALSE,134267723897708336,All-Employees;Legal-All,Paralegal - Legal
daniel.burton,"CN=Daniel Burton,OU=SupplyChain,DC=northwind,DC=local",Daniel Burton,daniel.burton@northwindmaterials.com,TRUE,134299349538423440,All-Employees;Supply-Chain-All,"Manager, Supply Chain - Supply Chain"
donald.bailey,"CN=Donald Bailey,OU=Manufacturing,DC=northwind,DC=local",Donald Bailey,donald.bailey@northwindmaterials.com,TRUE,134260970528708208,All-Employees;Manufacturing-All,Line Supervisor - Manufacturing
phillip.moore,"CN=Phillip Moore,OU=QualityAssurance,DC=northwind,DC=local",Phillip Moore,phillip.moore@northwindmaterials.com,TRUE,134278157108645472,All-Employees;Quality-Assurance-All,QA Analyst - Quality Assurance
michele.gordon,"CN=Michele Gordon,OU=Engineering,DC=northwind,DC=local",Michele Gordon,michele.gordon@northwindmaterials.com,TRUE,134260305989001840,All-Employees;Engineering-All,Senior Software Engineer - Engineering
michael.owen,"CN=Michael Owen,OU=SupplyChain,DC=northwind,DC=local",Michael Owen,michael.owen@northwindmaterials.com,TRUE,134315720845159792,All-Employees;Supply-Chain-All,Supply Chain Analyst - Supply Chain
tyler.glass,"CN=Tyler Glass,OU=Engineering,DC=northwind,DC=local",Tyler Glass,tyler.glass@northwindmaterials.com,TRUE,134287906562302720,All-Employees;Engineering-All,QA Engineer - Engineering
shannon.jensen,"CN=Shannon Jensen,OU=SupplyChain,DC=northwind,DC=local",Shannon Jensen,shannon.jensen@northwindmaterials.com,TRUE,134326676224773712,All-Employees;Supply-Chain-All,Supply Chain Analyst - Supply Chain
susan.rogers,"CN=Susan Rogers,OU=QualityAssurance,DC=northwind,DC=local",Susan Rogers,susanr@northwindmaterials.com,TRUE,134300952330428784,All-Employees;Quality-Assurance-All,Director of Quality Assurance - Quality Assurance
julie.thornton,"CN=Julie Thornton,OU=Engineering,DC=northwind,DC=local",Julie Thornton,julie.thornton@northwindmaterials.com,TRUE,134311215116825888,All-Employees;Engineering-All,Software Engineer - Engineering
kelsey.moss,"CN=Kelsey Moss,OU=SupplyChain,DC=northwind,DC=local",Kelsey Moss,kelsey.moss@northwindmaterials.com,TRUE,134275001379849184,All-Employees;Supply-Chain-All,Supply Chain Analyst - Supply Chain
laura.henderson,"CN=Laura Henderson,OU=Manufacturing,DC=northwind,DC=local",Laura Henderson,laura.henderson@northwindmaterials.com,TRUE,134303709063249264,All-Employees;Manufacturing-All,"Manager, Manufacturing - Manufacturing"
melvin.humphrey,"CN=Melvin Humphrey,OU=HumanResources,DC=northwind,DC=local",Melvin Humphrey,melvin.humphrey@northwindmaterials.com,TRUE,134251374307642656,All-Employees;Human-Resources-All,HR Coordinator - Human Resources
brandon.flynn,"CN=Brandon Flynn,OU=Finance,DC=northwind,DC=local",Brandon Flynn,brandon.flynn@northwindmaterials.com,TRUE,134289262009610192,All-Employees;Finance-All,Financial Analyst - Finance
travis.galloway,"CN=Travis Galloway,OU=Engineering,DC=northwind,DC=local",Travis Galloway,travis.galloway@northwindmaterials.com,TRUE,134314083843821472,All-Employees;Engineering-All,Software Engineer - Engineering
tiffany.moon,"CN=Tiffany Moon,OU=Engineering,DC=northwind,DC=local",Tiffany Moon,tiffany.moon@northwindmaterials.com,TRUE,134311853532451152,All-Employees;Engineering-All,Senior Software Engineer - Engineering
ctr.james.rodriguez,"CN=James Rodriguez,OU=Contractors,DC=northwind,DC=local",James Rodriguez,james.rodriguez@contractor.northwindmaterials.com,TRUE,134255558394912096,Contractors-All;All-Employees,Contractor - Staffing Partner A - vendor engagement
ctr.nicole.davis,"CN=Nicole Davis,OU=Contractors,DC=northwind,DC=local",Nicole Davis,nicole.davis@contractor.northwindmaterials.com,TRUE,134305375660122560,Contractors-All;All-Employees,Contractor - Staffing Partner A - vendor engagement
jordan.torres,"CN=Jordan Torres,OU=QualityAssurance,DC=northwind,DC=local",Jordan Torres,jordan.torres@northwindmaterials.com,TRUE,134293275311992288,All-Employees;Quality-Assurance-All,QA Analyst - Quality Assurance
joshua.juarez,"CN=Joshua Juarez,OU=Manufacturing,DC=northwind,DC=local",Joshua Juarez,joshua.juarez@northwindmaterials.com,FALSE,134272955303174768,All-Employees;Manufacturing-All;Plant-Ops-Leads,Plant Technician - Manufacturing
daniel.torres,"CN=Daniel Torres,OU=SupplyChain,DC=northwind,DC=local",Daniel Torres,daniel.torres@northwindmaterials.com,TRUE,134268353359108656,All-Employees;Supply-Chain-All,Supply Chain Analyst - Supply Chain
monica.lopez,"CN=Monica Lopez,OU=Legal,DC=northwind,DC=local",Monica Lopez,monica.lopez@northwindmaterials.com,TRUE,134281282280247232,All-Employees;Legal-All,Paralegal - Legal
jeffery.freeman,"CN=Jeffery Freeman,OU=Finance,DC=northwind,DC=local",Jeffery Freeman,jeffery.freeman@northwindmaterials.com,TRUE,134265388148192672,All-Employees;Finance-All,Financial Analyst - Finance
wendy.daugherty,"CN=Wendy Daugherty,OU=Manufacturing,DC=northwind,DC=local",Wendy Daugherty,wendy.daugherty@northwindmaterials.com,TRUE,134283229127780688,All-Employees;Manufacturing-All,Plant Technician - Manufacturing
ctr.alex.wall,"CN=Alex Wall,OU=Contractors,DC=northwind,DC=local",Alex Wall,alex.wall@contractor.northwindmaterials.com,TRUE,134302377299589216,Contractors-All;All-Employees,Contractor - Staffing Partner B - vendor engagement
robert.davis,"CN=Robert Davis,OU=Finance,DC=northwind,DC=local",Robert Davis,robert.davis@northwindmaterials.com,TRUE,134259654545112096,All-Employees;Finance-All,Financial Analyst - Finance
cynthia.davenport,"CN=Cynthia Davenport,OU=Engineering,DC=northwind,DC=local",Cynthia Davenport,cynthia.davenport@northwindmaterials.com,TRUE,134265991374367536,All-Employees;Engineering-All,QA Engineer - Engineering
thomas.reyes,"CN=Thomas Reyes,OU=SupplyChain,DC=northwind,DC=local",Thomas Reyes,thomas.reyes@northwindmaterials.com,TRUE,134313536382339536,All-Employees;Supply-Chain-All,Procurement Specialist - Supply Chain
carlos.schultz,"CN=Carlos Schultz,OU=SupplyChain,DC=northwind,DC=local",Carlos Schultz,carlos.schultz@northwindmaterials.com,TRUE,134296288432620320,All-Employees;Supply-Chain-All,Procurement Specialist - Supply Chain
darlene.ray,"CN=Darlene Ray,OU=Finance,DC=northwind,DC=local",Darlene Ray,darlene.ray@northwindmaterials.com,TRUE,134261718850882496,All-Employees;Finance-All,Accountant - Finance
pamela.miller,"CN=Pamela Miller,OU=Legal,DC=northwind,DC=local",Pamela Miller,pamela.miller@northwindmaterials.com,TRUE,134273047163713664,All-Employees;Legal-All,Compliance Analyst - Legal
deborah.williams,"CN=Deborah Williams,OU=Legal,DC=northwind,DC=local",Deborah Williams,deborah.williams@northwindmaterials.com,TRUE,134298831598887584,All-Employees;Legal-All,Paralegal - Legal
matthew.cook,"CN=Matthew Cook,OU=SupplyChain,DC=northwind,DC=local",Matthew Cook,matthew.cook@northwindmaterials.com,FALSE,134286316128480720,All-Employees;Supply-Chain-All,Supply Chain Analyst - Supply Chain
ctr.stephanie.bonilla,"CN=Stephanie Bonilla,OU=Contractors,DC=northwind,DC=local",Stephanie Bonilla,stephanie.bonilla@contractor.northwindmaterials.com,TRUE,134294362800734736,Contractors-All;All-Employees,Contractor - Staffing Partner B - vendor engagement
jill.porter,"CN=Jill Porter,OU=Finance,DC=northwind,DC=local",Jill Porter,jill.porter@northwindmaterials.com,TRUE,134295789458197936,All-Employees;Finance-All,Accountant - Finance
jeremy.allen,"CN=Jeremy Allen,OU=InformationTechnology,DC=northwind,DC=local",Jeremy Allen,jeremy.allen@northwindmaterials.com,TRUE,134272795110062816,All-Employees;Information-Technology-All,Network Engineer - Information Technology
veronica.casey,"CN=Veronica Casey,OU=Engineering,DC=northwind,DC=local",Veronica Casey,veronica.casey@northwindmaterials.com,TRUE,134293213328155312,All-Employees;Engineering-All,Software Engineer - Engineering
madison.zavala,"CN=Madison Zavala,OU=SupplyChain,DC=northwind,DC=local",Madison Zavala,madison.zavala@northwindmaterials.com,TRUE,134311596941566672,All-Employees;Supply-Chain-All,Supply Chain Analyst - Supply Chain
robin.thompson,"CN=Robin Thompson,OU=Legal,DC=northwind,DC=local",Robin Thompson,robin.thompson@northwindmaterials.com,TRUE,134254623850548128,All-Employees;Legal-All,Paralegal - Legal
dana.oliver,"CN=Dana Oliver,OU=Manufacturing,DC=northwind,DC=local",Dana Oliver,dana.oliver@northwindmaterials.com,TRUE,134276888627697232,All-Employees;Manufacturing-All,Plant Technician - Manufacturing
tina.kramer,"CN=Tina Kramer,OU=Finance,DC=northwind,DC=local",Tina Kramer,tina.kramer@northwindmaterials.com,TRUE,134269281437562272,All-Employees;Finance-All,Financial Analyst - Finance
scott.dalton,"CN=Scott Dalton,OU=InformationTechnology,DC=northwind,DC=local",Scott Dalton,scott.dalton@northwindmaterials.com,TRUE,134296094218688336,All-Employees;Information-Technology-All,Systems Administrator - Information Technology
richard.hunter,"CN=Richard Hunter,OU=SupplyChain,DC=northwind,DC=local",Richard Hunter,richard.hunter@northwindmaterials.com,TRUE,134296076932771184,All-Employees;Supply-Chain-All,Supply Chain Analyst - Supply Chain
jacob.terry,"CN=Jacob Terry,OU=Engineering,DC=northwind,DC=local",Jacob Terry,jacob.terry@northwindmaterials.com,TRUE,134250086791689472,All-Employees;Engineering-All,Software Engineer - Engineering
jenny.lee,"CN=Jenny Lee,OU=Legal,DC=northwind,DC=local",Jenny Lee,jenny.lee@northwindmaterials.com,TRUE,134273364318419872,All-Employees;Legal-All,Compliance Analyst - Legal
james.warner,"CN=James Warner,OU=InformationTechnology,DC=northwind,DC=local",James Warner,james.warner@northwindmaterials.com,FALSE,134274259314515568,All-Employees;Information-Technology-All,IT Support Specialist - Information Technology
linda.wolfe,"CN=Linda Wolfe,OU=SupplyChain,DC=northwind,DC=local",Linda Wolfe,linda.wolfe@northwindmaterials.com,TRUE,134295119018825296,All-Employees;Supply-Chain-All,Procurement Specialist - Supply Chain
ctr.joshua.cox,"CN=Joshua Cox,OU=Contractors,DC=northwind,DC=local",Joshua Cox,joshua.cox@contractor.northwindmaterials.com,TRUE,134256446465822416,Contractors-All;All-Employees,Contractor - Staffing Partner B - vendor engagement
julie.alvarez,"CN=Julie Alvarez,OU=CustomerSuccess,DC=northwind,DC=local",Julie Alvarez,julie.alvarez@northwindmaterials.com,TRUE,134322521877656512,All-Employees;Customer-Success-All,Customer Success Associate - Customer Success
lauren.bolton,"CN=Lauren Bolton,OU=CustomerSuccess,DC=northwind,DC=local",Lauren Bolton,lauren.bolton@northwindmaterials.com,TRUE,134324779702064672,All-Employees;Customer-Success-All,Customer Success Associate - Customer Success
ctr.daisy.madden,"CN=Daisy Madden,OU=Contractors,DC=northwind,DC=local",Daisy Madden,daisy.madden@contractor.northwindmaterials.com,TRUE,134263016254978560,Contractors-All;All-Employees,Contractor - Staffing Partner B - vendor engagement
kenneth.jenkins,"CN=Kenneth Jenkins,OU=SupplyChain,DC=northwind,DC=local",Kenneth Jenkins,kenneth.jenkins@northwindmaterials.com,TRUE,134296145516706608,All-Employees;Supply-Chain-All,Procurement Specialist - Supply Chain
john.fischer,"CN=John Fischer,OU=Manufacturing,DC=northwind,DC=local",John Fischer,john.fischer@northwindmaterials.com,TRUE,134292502030847952,All-Employees;Manufacturing-All,Line Supervisor - Manufacturing
ctr.daniel.campbell,"CN=Daniel Campbell,OU=Contractors,DC=northwind,DC=local",Daniel Campbell,daniel.campbell@contractor.northwindmaterials.com,TRUE,134319072468359696,Contractors-All;All-Employees,Contractor - Staffing Partner A - vendor engagement
cynthia.smith,"CN=Cynthia Smith,OU=SupplyChain,DC=northwind,DC=local",Cynthia Smith,cynthia.smith@northwindmaterials.com,TRUE,134300843299156112,All-Employees;Supply-Chain-All,Supply Chain Analyst - Supply Chain
joy.wilson,"CN=Joy Wilson,OU=Finance,DC=northwind,DC=local",Joy Wilson,joy.wilson@northwindmaterials.com,TRUE,134296277950561200,All-Employees;Finance-All,Financial Analyst - Finance
lisa.long,"CN=Lisa Long,OU=CustomerSuccess,DC=northwind,DC=local",Lisa Long,lisa.long@northwindmaterials.com,TRUE,134252000919823728,All-Employees;Customer-Success-All,Customer Success Associate - Customer Success
jose.edwards,"CN=Jose Edwards,OU=QualityAssurance,DC=northwind,DC=local",Jose Edwards,jose.edwards@northwindmaterials.com,TRUE,134263008812331776,All-Employees;Quality-Assurance-All,QA Analyst - Quality Assurance
jennifer.walls,"CN=Jennifer Walls,OU=Engineering,DC=northwind,DC=local",Jennifer Walls,jennifer.walls@northwindmaterials.com,TRUE,134300857720487168,All-Employees;Engineering-All,Software Engineer - Engineering
anna.lewis,"CN=Anna Lewis,OU=Legal,DC=northwind,DC=local",Anna Lewis,anna.lewis@northwindmaterials.com,TRUE,134257955718570000,All-Employees;Legal-All,Paralegal - Legal
robert.hernandez,"CN=Robert Hernandez,OU=Engineering,DC=northwind,DC=local",Robert Hernandez,robert.hernandez@northwindmaterials.com,TRUE,134276750215620768,All-Employees;Engineering-All,Senior Software Engineer - Engineering
thomas.santana,"CN=Thomas Santana,OU=SupplyChain,DC=northwind,DC=local",Thomas Santana,thomas.santana@northwindmaterials.com,TRUE,134318232477863920,All-Employees;Supply-Chain-All,Supply Chain Analyst - Supply Chain
jennifer.wilson,"CN=Jennifer Wilson,OU=Legal,DC=northwind,DC=local",Jennifer Wilson,jennifer.wilson@northwindmaterials.com,TRUE,134298932549319584,All-Employees;Legal-All,Compliance Analyst - Legal
jeffrey.smith,"CN=Jeffrey Smith,OU=Operations,DC=northwind,DC=local",Jeffrey Smith,jeffrey.smith@northwindmaterials.com,TRUE,134322980853917488,All-Employees;Operations-All,Logistics Coordinator - Operations
bryce.mcknight,"CN=Bryce Mcknight,OU=Manufacturing,DC=northwind,DC=local",Bryce Mcknight,bryce.mcknight@northwindmaterials.com,FALSE,134320509566990928,All-Employees;Manufacturing-All;Plant-Ops-Leads,Production Associate - Manufacturing
craig.johnson,"CN=Craig Johnson,OU=Engineering,DC=northwind,DC=local",Craig Johnson,craig.johnson@northwindmaterials.com,TRUE,134279172345182704,All-Employees;Engineering-All,QA Engineer - Engineering
kyle.ward,"CN=Kyle Ward,OU=Finance,DC=northwind,DC=local",Kyle Ward,kyle.ward@northwindmaterials.com,TRUE,134292414867801856,All-Employees;Finance-All,AP Specialist - Finance
ctr.lindsey.hernandez,"CN=Lindsey Hernandez,OU=Contractors,DC=northwind,DC=local",Lindsey Hernandez,lindsey.hernandez@contractor.northwindmaterials.com,TRUE,134295166767603488,Contractors-All;All-Employees,Contractor - Staffing Partner A - vendor engagement
ebony.tucker,"CN=Ebony Tucker,OU=Finance,DC=northwind,DC=local",Ebony Tucker,ebony.tucker@northwindmaterials.com,TRUE,134295047864072912,All-Employees;Finance-All,Accountant - Finance
daniel.graham,"CN=Daniel Graham,OU=SupplyChain,DC=northwind,DC=local",Daniel Graham,daniel.graham@northwindmaterials.com,TRUE,134322097490015504,All-Employees;Supply-Chain-All,"Manager, Supply Chain - Supply Chain"
ctr.luis.coleman,"CN=Luis Coleman,OU=Contractors,DC=northwind,DC=local",Luis Coleman,luis.coleman@contractor.northwindmaterials.com,TRUE,134303428404101376,Contractors-All;All-Employees,Contractor - Staffing Partner B - vendor engagement
john.haas,"CN=John Haas,OU=InformationTechnology,DC=northwind,DC=local",John Haas,john.haas@northwindmaterials.com,TRUE,134295077621015696,All-Employees;Information-Technology-All,IT Support Specialist - Information Technology
tina.santos,"CN=Tina Santos,OU=SupplyChain,DC=northwind,DC=local",Tina Santos,tina.santos@northwindmaterials.com,TRUE,134258901716038416,All-Employees;Supply-Chain-All,Supply Chain Analyst - Supply Chain
ctr.christina.wilson,"CN=Christina Wilson,OU=Contractors,DC=northwind,DC=local",Christina Wilson,christina.wilson@contractor.northwindmaterials.com,TRUE,134321305332672368,Contractors-All;All-Employees,Contractor - Staffing Partner B - vendor engagement
jessica.valencia,"CN=Jessica Valencia,OU=Legal,DC=northwind,DC=local",Jessica Valencia,jessica.valencia@northwindmaterials.com,TRUE,134285386552433936,All-Employees;Legal-All,Paralegal - Legal
andrea.rowe,"CN=Andrea Rowe,OU=Engineering,DC=northwind,DC=local",Andrea Rowe,andrea.rowe@northwindmaterials.com,TRUE,134259080109045296,All-Employees;Engineering-All,DevOps Engineer - Engineering
bryan.wood,"CN=Bryan Wood,OU=QualityAssurance,DC=northwind,DC=local",Bryan Wood,bryan.wood@northwindmaterials.com,TRUE,134294069074977536,All-Employees;Quality-Assurance-All,Quality Inspector - Quality Assurance
plant-shared-his05,"CN=plant-shared-his05,OU=ServiceAccounts,DC=northwind,DC=local",plant-shared-his05,plant-shared-his05@northwindmaterials.com,TRUE,134304323316805328,Service-Accounts,Non-interactive service/CI account
kathy.miller,"CN=Kathy Miller,OU=Engineering,DC=northwind,DC=local",Kathy Miller,kathy.miller@northwindmaterials.com,TRUE,134273302485064224,All-Employees;Engineering-All,DevOps Engineer - Engineering
michele.duke,"CN=Michele Duke,OU=Legal,DC=northwind,DC=local",Michele Duke,michele.duke@northwindmaterials.com,TRUE,134297806743748032,All-Employees;Legal-All,Compliance Analyst - Legal
amanda.dudley,"CN=Amanda Dudley,OU=Finance,DC=northwind,DC=local",Amanda Dudley,amanda.dudley@northwindmaterials.com,TRUE,134275932208257088,All-Employees;Finance-All,Director of Finance - Finance
raven.gilbert,"CN=Raven Gilbert,OU=QualityAssurance,DC=northwind,DC=local",Raven Gilbert,raven.gilbert@northwindmaterials.com,TRUE,134303394577004640,All-Employees;Quality-Assurance-All,Quality Inspector - Quality Assurance
angela.howe,"CN=Angela Howe,OU=InformationTechnology,DC=northwind,DC=local",Angela Howe,angela.howe@northwindmaterials.com,TRUE,134326642137257728,All-Employees;Information-Technology-All,Systems Administrator - Information Technology
david.silva,"CN=David Silva,OU=SupplyChain,DC=northwind,DC=local",David Silva,david.silva@northwindmaterials.com,TRUE,134296878894995424,All-Employees;Supply-Chain-All,Supply Chain Analyst - Supply Chain
jeffery.fox,"CN=Jeffery Fox,OU=Finance,DC=northwind,DC=local",Jeffery Fox,jeffery.fox@northwindmaterials.com,TRUE,134283611364080128,All-Employees;Finance-All,AP Specialist - Finance
jason.watson6,"CN=Jason Watson,OU=Users,DC=northwind,DC=local",Jason Watson,jason.watson6@northwindmaterials.com,TRUE,134006730856008848,All-Employees,
rodney.lewis,"CN=Rodney Lewis,OU=QualityAssurance,DC=northwind,DC=local",Rodney Lewis,rodney.lewis@northwindmaterials.com,TRUE,134267251432625616,All-Employees;Quality-Assurance-All,"Manager, Quality Assurance - Quality Assurance"
ctr.terri.park,"CN=Terri Park,OU=Contractors,DC=northwind,DC=local",Terri Park,terri.park@contractor.northwindmaterials.com,TRUE,134257080256041792,Contractors-All;All-Employees,Contractor - Staffing Partner B - vendor engagement
deborah.lynch,"CN=Deborah Lynch,OU=Engineering,DC=northwind,DC=local",Deborah Lynch,deborah.lynch@northwindmaterials.com,TRUE,134321489737702000,All-Employees;Engineering-All,Director of Engineering - Engineering
deanna.aguilar,"CN=Deanna Aguilar,OU=InformationTechnology,DC=northwind,DC=local",Deanna Aguilar,deanna.aguilar@northwindmaterials.com,TRUE,134315575230052592,All-Employees;Information-Technology-All,Systems Administrator - Information Technology
heidi.williams,"CN=Heidi Williams,OU=SupplyChain,DC=northwind,DC=local",Heidi Williams,heidi.williams@northwindmaterials.com,FALSE,134284211253817744,All-Employees;Supply-Chain-All,Procurement Specialist - Supply Chain
mary.aguilar,"CN=Mary Aguilar,OU=QualityAssurance,DC=northwind,DC=local",Mary Aguilar,mary.aguilar@northwindmaterials.com,TRUE,134289555293232624,All-Employees;Quality-Assurance-All,"Manager, Quality Assurance - Quality Assurance"
sarah.hill,"CN=Sarah Hill,OU=Manufacturing,DC=northwind,DC=local",Sarah Hill,sarah.hill@northwindmaterials.com,FALSE,134309158803182176,All-Employees;Manufacturing-All,Plant Technician - Manufacturing
gabrielle.roberson,"CN=Gabrielle Roberson,OU=CustomerSuccess,DC=northwind,DC=local",Gabrielle Roberson,gabrielle.roberson@northwindmaterials.com,FALSE,134279210840814096,All-Employees;Customer-Success-All,Support Specialist - Customer Success
timothy.harris,"CN=Timothy Harris,OU=QualityAssurance,DC=northwind,DC=local",Timothy Harris,timothy.harris@northwindmaterials.com,TRUE,134296444499498240,All-Employees;Quality-Assurance-All,Quality Inspector - Quality Assurance
ctr.sarah.cochran,"CN=Sarah Cochran,OU=Contractors,DC=northwind,DC=local",Sarah Cochran,sarah.cochran@contractor.northwindmaterials.com,TRUE,134304819207609360,Contractors-All;All-Employees,Contractor - Staffing Partner B - vendor engagement
daniel.chen,"CN=Daniel Chen,OU=Legal,DC=northwind,DC=local",Daniel Chen,daniel.chen@northwindmaterials.com,TRUE,134296098188778912,All-Employees;Legal-All,Compliance Analyst - Legal
peter.gray,"CN=Peter Gray,OU=CustomerSuccess,DC=northwind,DC=local",Peter Gray,peter.gray@northwindmaterials.com,TRUE,134303746722884656,All-Employees;Customer-Success-All,Support Specialist - Customer Success
anthony.alvarado,"CN=Anthony Alvarado,OU=QualityAssurance,DC=northwind,DC=local",Anthony Alvarado,anthony.alvarado@northwindmaterials.com,TRUE,134310737318902624,All-Employees;Quality-Assurance-All,Quality Inspector - Quality Assurance
nicholas.galloway,"CN=Nicholas Galloway,OU=QualityAssurance,DC=northwind,DC=local",Nicholas Galloway,nicholas.galloway@northwindmaterials.com,TRUE,134257502918640496,All-Employees;Quality-Assurance-All,"Manager, Quality Assurance - Quality Assurance"
steven.vargas,"CN=Steven Vargas,OU=QualityAssurance,DC=northwind,DC=local",Steven Vargas,steven.vargas@northwindmaterials.com,TRUE,134263659101615760,All-Employees;Quality-Assurance-All,QA Analyst - Quality Assurance
brady.meyers,"CN=Brady Meyers,OU=QualityAssurance,DC=northwind,DC=local",Brady Meyers,brady.meyers@northwindmaterials.com,TRUE,134300269492147648,All-Employees;Quality-Assurance-All,QA Analyst - Quality Assurance
ctr.david.chavez,"CN=David Chavez,OU=Contractors,DC=northwind,DC=local",David Chavez,david.chavez@contractor.northwindmaterials.com,TRUE,134298613579361808,Contractors-All;All-Employees,Contractor - Staffing Partner B - vendor engagement
william.peterson,"CN=William Peterson,OU=SupplyChain,DC=northwind,DC=local",William Peterson,william.peterson@northwindmaterials.com,TRUE,134256725649596544,All-Employees;Supply-Chain-All,Procurement Specialist - Supply Chain
roy.hawkins,"CN=Roy Hawkins,OU=CustomerSuccess,DC=northwind,DC=local",Roy Hawkins,roy.hawkins@northwindmaterials.com,TRUE,134292318921491600,All-Employees;Customer-Success-All,Support Specialist - Customer Success
jasmine.brown,"CN=Jasmine Brown,OU=Manufacturing,DC=northwind,DC=local",Jasmine Brown,jasmine.brown@northwindmaterials.com,TRUE,134324395925778784,All-Employees;Manufacturing-All;Plant-Ops-Leads,Production Associate - Manufacturing
michael.sanders,"CN=Michael Sanders,OU=Finance,DC=northwind,DC=local",Michael Sanders,michael.sanders@northwindmaterials.com,TRUE,134273727360532496,All-Employees;Finance-All,Accountant - Finance
reginald.goodwin,"CN=Reginald Goodwin,OU=Legal,DC=northwind,DC=local",Reginald Goodwin,reginald.goodwin@northwindmaterials.com,TRUE,134284925407089360,All-Employees;Legal-All,Paralegal - Legal
richard.young,"CN=Richard Young,OU=CustomerSuccess,DC=northwind,DC=local",Richard Young,richard.young@northwindmaterials.com,TRUE,134297899038867360,All-Employees;Customer-Success-All,Customer Success Associate - Customer Success
jon.parker,"CN=Jon Parker,OU=Finance,DC=northwind,DC=local",Jon Parker,jon.parker@northwindmaterials.com,TRUE,134278640891987072,All-Employees;Finance-All,Financial Analyst - Finance
molly.jones,"CN=Molly Jones,OU=QualityAssurance,DC=northwind,DC=local",Molly Jones,molly.jones@northwindmaterials.com,FALSE,134286545268240960,All-Employees;Quality-Assurance-All,Quality Inspector - Quality Assurance
jody.meza,"CN=Jody Meza,OU=Engineering,DC=northwind,DC=local",Jody Meza,jody.meza@northwindmaterials.com,TRUE,134311448917934640,All-Employees;Engineering-All,QA Engineer - Engineering
ctr.samantha.huang,"CN=Samantha Huang,OU=Contractors,DC=northwind,DC=local",Samantha Huang,samantha.huang@contractor.northwindmaterials.com,TRUE,134296514416262912,Contractors-All;All-Employees,Contractor - Staffing Partner A - vendor engagement
kaitlin.berger,"CN=Kaitlin Berger,OU=Manufacturing,DC=northwind,DC=local",Kaitlin Berger,kaitlin.berger@northwindmaterials.com,TRUE,134279883866755200,All-Employees;Manufacturing-All,Line Supervisor - Manufacturing
shirley.yu,"CN=Shirley Yu,OU=SupplyChain,DC=northwind,DC=local",Shirley Yu,shirley.yu@northwindmaterials.com,TRUE,134306090225692896,All-Employees;Supply-Chain-All,Supply Chain Analyst - Supply Chain
kevin.ortiz,"CN=Kevin Ortiz,OU=Finance,DC=northwind,DC=local",Kevin Ortiz,kevin.ortiz@northwindmaterials.com,TRUE,134276287985088960,All-Employees;Finance-All,Financial Analyst - Finance
mathew.aguilar,"CN=Mathew Aguilar,OU=Finance,DC=northwind,DC=local",Mathew Aguilar,mathew.aguilar@northwindmaterials.com,TRUE,134299388377065376,All-Employees;Finance-All,Accountant - Finance
shane.glass,"CN=Shane Glass,OU=Finance,DC=northwind,DC=local",Shane Glass,shane.glass@northwindmaterials.com,TRUE,134258136950181536,All-Employees;Finance-All,AP Specialist - Finance
amber.blair,"CN=Amber Blair,OU=SupplyChain,DC=northwind,DC=local",Amber Blair,amber.blair@northwindmaterials.com,TRUE,134293201339714528,All-Employees;Supply-Chain-All,"Manager, Supply Chain - Supply Chain"
amy.morris,"CN=Amy Morris,OU=CustomerSuccess,DC=northwind,DC=local",Amy Morris,amy.morris@northwindmaterials.com,TRUE,134286461694166608,All-Employees;Customer-Success-All,Support Specialist - Customer Success
christopher.jackson,"CN=Christopher Jackson,OU=QualityAssurance,DC=northwind,DC=local",Christopher Jackson,christopher.jackson@northwindmaterials.com,TRUE,134277442249381328,All-Employees;Quality-Assurance-All,Quality Inspector - Quality Assurance
thomas.hall,"CN=Thomas Hall,OU=InformationTechnology,DC=northwind,DC=local",Thomas Hall,thomas.hall@northwindmaterials.com,TRUE,134260708103507984,All-Employees;Information-Technology-All,IT Support Specialist - Information Technology
terri.miller,"CN=Terri Miller,OU=SupplyChain,DC=northwind,DC=local",Terri Miller,terri.miller@northwindmaterials.com,TRUE,134261389627605776,All-Employees;Supply-Chain-All,Supply Chain Analyst - Supply Chain
robin.wood,"CN=Robin Wood,OU=SupplyChain,DC=northwind,DC=local",Robin Wood,robin.wood@northwindmaterials.com,TRUE,134294605205968240,All-Employees;Supply-Chain-All,Procurement Specialist - Supply Chain
john.kim,"CN=John Kim,OU=QualityAssurance,DC=northwind,DC=local",John Kim,john.kim@northwindmaterials.com,TRUE,134299668764836128,All-Employees;Quality-Assurance-All,QA Analyst - Quality Assurance
brian.gutierrez,"CN=Brian Gutierrez,OU=Finance,DC=northwind,DC=local",Brian Gutierrez,brian.gutierrez@northwindmaterials.com,TRUE,134306480800124800,All-Employees;Finance-All,Accountant - Finance
john.walsh,"CN=John Walsh,OU=HumanResources,DC=northwind,DC=local",John Walsh,john.walsh@northwindmaterials.com,TRUE,134321324122856800,All-Employees;Human-Resources-All,HR Generalist - Human Resources
amy.adkins,"CN=Amy Adkins,OU=InformationTechnology,DC=northwind,DC=local",Amy Adkins,amy.adkins@northwindmaterials.com,TRUE,134293786912705328,All-Employees;Information-Technology-All,"Manager, Information Technology - Information Technology"
william.clark,"CN=William Clark,OU=SupplyChain,DC=northwind,DC=local",William Clark,william.clark@northwindmaterials.com,TRUE,134250505993010000,All-Employees;Supply-Chain-All,Supply Chain Analyst - Supply Chain
sylvia.hill,"CN=Sylvia Hill,OU=CustomerSuccess,DC=northwind,DC=local",Sylvia Hill,sylvia.hill@northwindmaterials.com,TRUE,134266317107006608,All-Employees;Customer-Success-All,Customer Success Associate - Customer Success
mario.padilla,"CN=Mario Padilla,OU=SupplyChain,DC=northwind,DC=local",Mario Padilla,mario.padilla@northwindmaterials.com,FALSE,134309570577900176,All-Employees;Supply-Chain-All,Procurement Specialist - Supply Chain
christine.brock,"CN=Christine Brock,OU=CustomerSuccess,DC=northwind,DC=local",Christine Brock,christine.brock@northwindmaterials.com,TRUE,134288561346142048,All-Employees;Customer-Success-All,Customer Success Associate - Customer Success
justin.ortiz,"CN=Justin Ortiz,OU=SupplyChain,DC=northwind,DC=local",Justin Ortiz,justin.ortiz@northwindmaterials.com,TRUE,134300796154896336,All-Employees;Supply-Chain-All,Procurement Specialist - Supply Chain
debra.mack,"CN=Debra Mack,OU=Legal,DC=northwind,DC=local",Debra Mack,debra.mack@northwindmaterials.com,TRUE,134303686686195872,All-Employees;Legal-All,Compliance Analyst - Legal
tyler.clark,"CN=Tyler Clark,OU=Finance,DC=northwind,DC=local",Tyler Clark,tyler.clark@northwindmaterials.com,TRUE,134271135112231632,All-Employees;Finance-All,Financial Analyst - Finance
madison.evans,"CN=Madison Evans,OU=Finance,DC=northwind,DC=local",Madison Evans,madison.evans@northwindmaterials.com,TRUE,134326305240539024,All-Employees;Finance-All,Financial Analyst - Finance
tiffany.mason,"CN=Tiffany Mason,OU=SupplyChain,DC=northwind,DC=local",Tiffany Mason,tiffany.mason@northwindmaterials.com,TRUE,134303971680486160,All-Employees;Supply-Chain-All,Procurement Specialist - Supply Chain
catherine.garcia,"CN=Catherine Garcia,OU=Engineering,DC=northwind,DC=local",Catherine Garcia,catherine.garcia@northwindmaterials.com,TRUE,134295015194707296,All-Employees;Engineering-All,Senior Software Engineer - Engineering
linda.mitchell,"CN=Linda Mitchell,OU=CustomerSuccess,DC=northwind,DC=local",Linda Mitchell,linda.mitchell@northwindmaterials.com,TRUE,134272813389692848,All-Employees;Customer-Success-All,Customer Success Associate - Customer Success
maria.prince,"CN=Maria Prince,OU=Legal,DC=northwind,DC=local",Maria Prince,maria.prince@northwindmaterials.com,TRUE,134281162265808848,All-Employees;Legal-All,Compliance Analyst - Legal
christopher.davis,"CN=Christopher Davis,OU=SupplyChain,DC=northwind,DC=local",Christopher Davis,christopher.davis@northwindmaterials.com,TRUE,134290047076871376,All-Employees;Supply-Chain-All,Director of Supply Chain - Supply Chain
jessica.costa,"CN=Jessica Costa,OU=Legal,DC=northwind,DC=local",Jessica Costa,jessica.costa@northwindmaterials.com,TRUE,134260985800508752,All-Employees;Legal-All,Compliance Analyst - Legal
jessica.stanley,"CN=Jessica Stanley,OU=Operations,DC=northwind,DC=local",Jessica Stanley,jessica.stanley@northwindmaterials.com,FALSE,134284494509471264,All-Employees;Operations-All,Logistics Coordinator - Operations
rodney.mcneil,"CN=Rodney Mcneil,OU=QualityAssurance,DC=northwind,DC=local",Rodney Mcneil,rodney.mcneil@northwindmaterials.com,FALSE,134257324055813008,All-Employees;Quality-Assurance-All,Quality Inspector - Quality Assurance
matthew.clayton,"CN=Matthew Clayton,OU=Manufacturing,DC=northwind,DC=local",Matthew Clayton,matthew.clayton@northwindmaterials.com,TRUE,134258892701432128,All-Employees;Manufacturing-All,Line Supervisor - Manufacturing
andrea.daniels,"CN=Andrea Daniels,OU=Manufacturing,DC=northwind,DC=local",Andrea Daniels,andrea.daniels@northwindmaterials.com,TRUE,134265805310432432,All-Employees;Manufacturing-All;Plant-Ops-Leads,Production Associate - Manufacturing
brian.shaw,"CN=Brian Shaw,OU=QualityAssurance,DC=northwind,DC=local",Brian Shaw,brian.shaw@northwindmaterials.com,FALSE,134285686081916528,All-Employees;Quality-Assurance-All,QA Analyst - Quality Assurance
darrell.bell,"CN=Darrell Bell,OU=Engineering,DC=northwind,DC=local",Darrell Bell,darrell.bell@northwindmaterials.com,TRUE,134321485444496176,All-Employees;Engineering-All,Software Engineer - Engineering
wendy.dawson,"CN=Wendy Dawson,OU=Engineering,DC=northwind,DC=local",Wendy Dawson,wendy.dawson@northwindmaterials.com,TRUE,134259198546369888,All-Employees;Engineering-All,Software Engineer - Engineering
theresa.jones,"CN=Theresa Jones,OU=InformationTechnology,DC=northwind,DC=local",Theresa Jones,theresa.jones@northwindmaterials.com,TRUE,134295581080072080,All-Employees;Information-Technology-All,Systems Administrator - Information Technology
stephanie.brown,"CN=Stephanie Brown,OU=Manufacturing,DC=northwind,DC=local",Stephanie Brown,stephanieb@northwindmaterials.com,TRUE,134298015496250400,All-Employees;Manufacturing-All,Production Associate - Manufacturing
diane.miller,"CN=Diane Miller,OU=Manufacturing,DC=northwind,DC=local",Diane Miller,diane.miller@northwindmaterials.com,TRUE,134254227016866112,All-Employees;Manufacturing-All;Plant-Ops-Leads,Line Supervisor - Manufacturing
ctr.mary.myers,"CN=Mary Myers,OU=Contractors,DC=northwind,DC=local",Mary Myers,mary.myers@contractor.northwindmaterials.com,TRUE,134287691033812736,Contractors-All;All-Employees,Contractor - Staffing Partner A - vendor engagement
justin.gallegos,"CN=Justin Gallegos,OU=SupplyChain,DC=northwind,DC=local",Justin Gallegos,justin.gallegos@northwindmaterials.com,TRUE,134303653587157104,All-Employees;Supply-Chain-All,Procurement Specialist - Supply Chain
john.durham,"CN=John Durham,OU=Engineering,DC=northwind,DC=local",John Durham,john.durham@northwindmaterials.com,TRUE,134273119971230608,All-Employees;Engineering-All,Software Engineer - Engineering
melissa.ashley,"CN=Melissa Ashley,OU=Engineering,DC=northwind,DC=local",Melissa Ashley,melissa.ashley@northwindmaterials.com,TRUE,134275066922881184,All-Employees;Engineering-All,QA Engineer - Engineering
mark.jackson,"CN=Mark Jackson,OU=SupplyChain,DC=northwind,DC=local",Mark Jackson,mark.jackson@northwindmaterials.com,TRUE,134251152795593376,All-Employees;Supply-Chain-All,Supply Chain Analyst - Supply Chain
kimberly.reed,"CN=Kimberly Reed,OU=QualityAssurance,DC=northwind,DC=local",Kimberly Reed,kimberly.reed@northwindmaterials.com,TRUE,134253965020162800,All-Employees;Quality-Assurance-All,QA Analyst - Quality Assurance
christopher.caldwell,"CN=Christopher Caldwell,OU=QualityAssurance,DC=northwind,DC=local",Christopher Caldwell,christopher.caldwell@northwindmaterials.com,TRUE,134257160292370352,All-Employees;Quality-Assurance-All,QA Analyst - Quality Assurance
chad.welch,"CN=Chad Welch,OU=Finance,DC=northwind,DC=local",Chad Welch,chad.welch@northwindmaterials.com,TRUE,134312489903946512,All-Employees;Finance-All,"Manager, Finance - Finance"
michael.smith,"CN=Michael Smith,OU=InformationTechnology,DC=northwind,DC=local",Michael Smith,michael.smith@northwindmaterials.com,FALSE,134299689135842640,All-Employees;Information-Technology-All,Network Engineer - Information Technology
angela.hurley,"CN=Angela Hurley,OU=Engineering,DC=northwind,DC=local",Angela Hurley,angela.hurley@northwindmaterials.com,TRUE,134284381977434768,All-Employees;Engineering-All,DevOps Engineer - Engineering
audrey.nichols,"CN=Audrey Nichols,OU=Finance,DC=northwind,DC=local",Audrey Nichols,audrey.nichols@northwindmaterials.com,TRUE,134294975946908416,All-Employees;Finance-All,Financial Analyst - Finance
alyssa.williams,"CN=Alyssa Williams,OU=QualityAssurance,DC=northwind,DC=local",Alyssa Williams,alyssa.williams@northwindmaterials.com,TRUE,134252100804211872,All-Employees;Quality-Assurance-All,Quality Inspector - Quality Assurance
michael.parrish,"CN=Michael Parrish,OU=Legal,DC=northwind,DC=local",Michael Parrish,michael.parrish@northwindmaterials.com,TRUE,134292747238337616,All-Employees;Legal-All,Paralegal - Legal
steven.campbell,"CN=Steven Campbell,OU=SupplyChain,DC=northwind,DC=local",Steven Campbell,steven.campbell@northwindmaterials.com,TRUE,134314944276376784,All-Employees;Supply-Chain-All,Procurement Specialist - Supply Chain
christopher.mack,"CN=Christopher Mack,OU=QualityAssurance,DC=northwind,DC=local",Christopher Mack,christopher.mack@northwindmaterials.com,TRUE,134276472377455584,All-Employees;Quality-Assurance-All,Quality Inspector - Quality Assurance
malik.turner,"CN=Malik Turner,OU=SupplyChain,DC=northwind,DC=local",Malik Turner,malik.turner@northwindmaterials.com,TRUE,134314029326176464,All-Employees;Supply-Chain-All,Procurement Specialist - Supply Chain
maria.rivera,"CN=Maria Rivera,OU=QualityAssurance,DC=northwind,DC=local",Maria Rivera,maria.rivera@northwindmaterials.com,TRUE,134305669794020416,All-Employees;Quality-Assurance-All,QA Analyst - Quality Assurance
thomas.sandoval,"CN=Thomas Sandoval,OU=CustomerSuccess,DC=northwind,DC=local",Thomas Sandoval,thomas.sandoval@northwindmaterials.com,TRUE,134306142739786992,All-Employees;Customer-Success-All,Support Specialist - Customer Success
matthew.davis,"CN=Matthew Davis,OU=Manufacturing,DC=northwind,DC=local",Matthew Davis,matthew.davis@northwindmaterials.com,TRUE,134254641426248736,All-Employees;Manufacturing-All;Plant-Ops-Leads,Line Supervisor - Manufacturing
katrina.smith,"CN=Katrina Smith,OU=InformationTechnology,DC=northwind,DC=local",Katrina Smith,katrina.smith@northwindmaterials.com,TRUE,134258456727477648,All-Employees;Information-Technology-All,Network Engineer - Information Technology
susan.thomas,"CN=Susan Thomas,OU=InformationTechnology,DC=northwind,DC=local",Susan Thomas,susan.thomas@northwindmaterials.com,TRUE,134283252741629136,All-Employees;Information-Technology-All,Systems Administrator - Information Technology
aaron.hayes,"CN=Aaron Hayes,OU=InformationTechnology,DC=northwind,DC=local",Aaron Hayes,aaron.hayes@northwindmaterials.com,TRUE,134322841451640496,All-Employees;Information-Technology-All,IT Support Specialist - Information Technology
jeremy.johnson,"CN=Jeremy Johnson,OU=Engineering,DC=northwind,DC=local",Jeremy Johnson,jeremy.johnson@northwindmaterials.com,TRUE,134324839826262480,All-Employees;Engineering-All,Director of Engineering - Engineering
david.taylor,"CN=David Taylor,OU=SupplyChain,DC=northwind,DC=local",David Taylor,david.taylor@northwindmaterials.com,TRUE,134294918488648144,All-Employees;Supply-Chain-All,Procurement Specialist - Supply Chain
kevin.rasmussen,"CN=Kevin Rasmussen,OU=Finance,DC=northwind,DC=local",Kevin Rasmussen,kevin.rasmussen@northwindmaterials.com,TRUE,134320152976982848,All-Employees;Finance-All,Financial Analyst - Finance
dawn.johnson,"CN=Dawn Johnson,OU=QualityAssurance,DC=northwind,DC=local",Dawn Johnson,dawn.johnson@northwindmaterials.com,TRUE,134312524811695344,All-Employees;Quality-Assurance-All,Quality Inspector - Quality Assurance
frank.gray,"CN=Frank Gray,OU=HumanResources,DC=northwind,DC=local",Frank Gray,frank.gray@northwindmaterials.com,TRUE,134293247705255968,All-Employees;Human-Resources-All,Director of Human Resources - Human Resources
michael.everett,"CN=Michael Everett,OU=InformationTechnology,DC=northwind,DC=local",Michael Everett,michael.everett@northwindmaterials.com,TRUE,134280246909112720,All-Employees;Information-Technology-All,IT Support Specialist - Information Technology
tracy.whitehead,"CN=Tracy Whitehead,OU=Manufacturing,DC=northwind,DC=local",Tracy Whitehead,tracy.whitehead@northwindmaterials.com,TRUE,134314947902573152,All-Employees;Manufacturing-All;Plant-Ops-Leads,"Manager, Manufacturing - Manufacturing"
leah.gregory,"CN=Leah Gregory,OU=SupplyChain,DC=northwind,DC=local",Leah Gregory,leah.gregory@northwindmaterials.com,TRUE,134296131018349072,All-Employees;Supply-Chain-All,Supply Chain Analyst - Supply Chain
jerry.smith,"CN=Jerry Smith,OU=SupplyChain,DC=northwind,DC=local",Jerry Smith,jerry.smith@northwindmaterials.com,TRUE,134271896020401120,All-Employees;Supply-Chain-All,Procurement Specialist - Supply Chain
frank.benton,"CN=Frank Benton,OU=Manufacturing,DC=northwind,DC=local",Frank Benton,frank.benton@northwindmaterials.com,TRUE,134282172026492544,All-Employees;Manufacturing-All,Production Associate - Manufacturing
lori.jones,"CN=Lori Jones,OU=SupplyChain,DC=northwind,DC=local",Lori Jones,lori.jones@northwindmaterials.com,TRUE,134262862140909584,All-Employees;Supply-Chain-All,Supply Chain Analyst - Supply Chain
ashley.jacobs,"CN=Ashley Jacobs,OU=Legal,DC=northwind,DC=local",Ashley Jacobs,ashley.jacobs@northwindmaterials.com,TRUE,134305901121762288,All-Employees;Legal-All,Paralegal - Legal
leah.norton,"CN=Leah Norton,OU=Manufacturing,DC=northwind,DC=local",Leah Norton,leah.norton@northwindmaterials.com,TRUE,134255869460175184,All-Employees;Manufacturing-All,Plant Technician - Manufacturing
rebecca.powers,"CN=Rebecca Powers,OU=QualityAssurance,DC=northwind,DC=local",Rebecca Powers,rebecca.powers@northwindmaterials.com,TRUE,134285293506588080,All-Employees;Quality-Assurance-All,QA Analyst - Quality Assurance
michelle.mccarty,"CN=Michelle Mccarty,OU=Finance,DC=northwind,DC=local",Michelle Mccarty,michelle.mccarty@northwindmaterials.com,TRUE,134305095083447424,All-Employees;Finance-All,AP Specialist - Finance
brent.gray,"CN=Brent Gray,OU=SupplyChain,DC=northwind,DC=local",Brent Gray,brent.gray@northwindmaterials.com,TRUE,134305051215965632,All-Employees;Supply-Chain-All,Supply Chain Analyst - Supply Chain
cody.chang,"CN=Cody Chang,OU=SupplyChain,DC=northwind,DC=local",Cody Chang,cody.chang@northwindmaterials.com,TRUE,134306992518256640,All-Employees;Supply-Chain-All,Supply Chain Analyst - Supply Chain
thomas.soto,"CN=Thomas Soto,OU=SupplyChain,DC=northwind,DC=local",Thomas Soto,thomas.soto@northwindmaterials.com,TRUE,134319604362732240,All-Employees;Supply-Chain-All,Supply Chain Analyst - Supply Chain
jennifer.jackson,"CN=Jennifer Jackson,OU=InformationTechnology,DC=northwind,DC=local",Jennifer Jackson,jennifer.jackson@northwindmaterials.com,TRUE,134320320062367408,All-Employees;Information-Technology-All,Network Engineer - Information Technology
craig.wise,"CN=Craig Wise,OU=Finance,DC=northwind,DC=local",Craig Wise,craig.wise@northwindmaterials.com,TRUE,134264449725504944,All-Employees;Finance-All,Accountant - Finance
dorothy.campbell,"CN=Dorothy Campbell,OU=SupplyChain,DC=northwind,DC=local",Dorothy Campbell,dorothy.campbell@northwindmaterials.com,TRUE,134267883475567104,All-Employees;Supply-Chain-All,Supply Chain Analyst - Supply Chain
lori.flynn,"CN=Lori Flynn,OU=Legal,DC=northwind,DC=local",Lori Flynn,lori.flynn@northwindmaterials.com,TRUE,134262869167741792,All-Employees;Legal-All,Paralegal - Legal
patricia.hughes,"CN=Patricia Hughes,OU=SupplyChain,DC=northwind,DC=local",Patricia Hughes,patricia.hughes@northwindmaterials.com,TRUE,134298293409118448,All-Employees;Supply-Chain-All,Procurement Specialist - Supply Chain
laura.jackson,"CN=Laura Jackson,OU=SupplyChain,DC=northwind,DC=local",Laura Jackson,laura.jackson@northwindmaterials.com,TRUE,134306656009408288,All-Employees;Supply-Chain-All,Procurement Specialist - Supply Chain
rachel.wallace,"CN=Rachel Wallace,OU=Engineering,DC=northwind,DC=local",Rachel Wallace,rachel.wallace@northwindmaterials.com,TRUE,134289947432387168,All-Employees;Engineering-All,Senior Software Engineer - Engineering
kevin.hill,"CN=Kevin Hill,OU=InformationTechnology,DC=northwind,DC=local",Kevin Hill,kevin.hill@northwindmaterials.com,TRUE,134302186696990848,All-Employees;Information-Technology-All,Systems Administrator - Information Technology
richard.robertson,"CN=Richard Robertson,OU=CustomerSuccess,DC=northwind,DC=local",Richard Robertson,richard.robertson@northwindmaterials.com,TRUE,134308516823149856,All-Employees;Customer-Success-All,Customer Success Associate - Customer Success
randall.greene,"CN=Randall Greene,OU=Manufacturing,DC=northwind,DC=local",Randall Greene,randall.greene@northwindmaterials.com,TRUE,134306334803205376,All-Employees;Manufacturing-All,Line Supervisor - Manufacturing
amber.vance,"CN=Amber Vance,OU=Manufacturing,DC=northwind,DC=local",Amber Vance,amber.vance@northwindmaterials.com,TRUE,134327088756529424,All-Employees;Manufacturing-All;Plant-Ops-Leads,Machine Operator - Manufacturing
benjamin.armstrong,"CN=Benjamin Armstrong,OU=CustomerSuccess,DC=northwind,DC=local",Benjamin Armstrong,benjamin.armstrong@northwindmaterials.com,TRUE,134298977376135216,All-Employees;Customer-Success-All,Customer Success Associate - Customer Success
brian.decker,"CN=Brian Decker,OU=CustomerSuccess,DC=northwind,DC=local",Brian Decker,brian.decker@northwindmaterials.com,TRUE,134300403567872672,All-Employees;Customer-Success-All,Support Specialist - Customer Success
ashley.jackson,"CN=Ashley Jackson,OU=Finance,DC=northwind,DC=local",Ashley Jackson,ashley.jackson@northwindmaterials.com,TRUE,134307467138765280,All-Employees;Finance-All,Financial Analyst - Finance
plant-shared-card09,"CN=plant-shared-card09,OU=ServiceAccounts,DC=northwind,DC=local",plant-shared-card09,plant-shared-card09@northwindmaterials.com,TRUE,134308283946596064,Service-Accounts,Owned by IT Automation team
david.reyes,"CN=David Reyes,OU=QualityAssurance,DC=northwind,DC=local",David Reyes,david.reyes@northwindmaterials.com,TRUE,134324142309917200,All-Employees;Quality-Assurance-All,Quality Inspector - Quality Assurance
michele.jones,"CN=Michele Jones,OU=InformationTechnology,DC=northwind,DC=local",Michele Jones,michele.jones@northwindmaterials.com,TRUE,134251043479165776,All-Employees;Information-Technology-All,"Manager, Information Technology - Information Technology"
miguel.lara,"CN=Miguel Lara,OU=Manufacturing,DC=northwind,DC=local",Miguel Lara,miguel.lara@northwindmaterials.com,TRUE,134290573943880640,All-Employees;Manufacturing-All,Line Supervisor - Manufacturing
robert.hernandez,"CN=Robert Hernandez,OU=Legal,DC=northwind,DC=local",Robert Hernandez,robert.hernandez@northwindmaterials.com,TRUE,134273083162685984,All-Employees;Legal-All,Compliance Analyst - Legal
howard.marsh,"CN=Howard Marsh,OU=InformationTechnology,DC=northwind,DC=local",Howard Marsh,howard.marsh@northwindmaterials.com,TRUE,134317226810310160,All-Employees;Information-Technology-All,Network Engineer - Information Technology
gabriel.palmer,"CN=Gabriel Palmer,OU=CustomerSuccess,DC=northwind,DC=local",Gabriel Palmer,gabriel.palmer@northwindmaterials.com,TRUE,134302330536768784,All-Employees;Customer-Success-All,Customer Success Associate - Customer Success
philip.larson,"CN=Philip Larson,OU=QualityAssurance,DC=northwind,DC=local",Philip Larson,philip.larson@northwindmaterials.com,TRUE,134311374782903808,All-Employees;Quality-Assurance-All,Quality Inspector - Quality Assurance
justin.boone,"CN=Justin Boone,OU=Engineering,DC=northwind,DC=local",Justin Boone,justin.boone@northwindmaterials.com,TRUE,134319687265591184,All-Employees;Engineering-All,Software Engineer - Engineering
debra.christian,"CN=Debra Christian,OU=SupplyChain,DC=northwind,DC=local",Debra Christian,debra.christian@northwindmaterials.com,TRUE,134326412646135152,All-Employees;Supply-Chain-All,Supply Chain Analyst - Supply Chain
howard.davis,"CN=Howard Davis,OU=SupplyChain,DC=northwind,DC=local",Howard Davis,howard.davis@northwindmaterials.com,TRUE,134255981221104112,All-Employees;Supply-Chain-All,Procurement Specialist - Supply Chain
brian.gordon,"CN=Brian Gordon,OU=Operations,DC=northwind,DC=local",Brian Gordon,brian.gordon@northwindmaterials.com,TRUE,134323008966970768,All-Employees;Operations-All,Logistics Coordinator - Operations
erik.collins,"CN=Erik Collins,OU=Finance,DC=northwind,DC=local",Erik Collins,erik.collins@northwindmaterials.com,TRUE,134318565142311040,All-Employees;Finance-All,AP Specialist - Finance
madeline.jones,"CN=Madeline Jones,OU=Engineering,DC=northwind,DC=local",Madeline Jones,madeline.jones@northwindmaterials.com,TRUE,134311484709412816,All-Employees;Engineering-All,Senior Software Engineer - Engineering
kevin.snyder,"CN=Kevin Snyder,OU=SupplyChain,DC=northwind,DC=local",Kevin Snyder,kevin.snyder@northwindmaterials.com,TRUE,134316052919748880,All-Employees;Supply-Chain-All,Supply Chain Analyst - Supply Chain
omar.kelley,"CN=Omar Kelley,OU=Finance,DC=northwind,DC=local",Omar Kelley,omar.kelley@northwindmaterials.com,TRUE,134310404053038192,All-Employees;Finance-All,AP Specialist - Finance
robert.silva,"CN=Robert Silva,OU=Engineering,DC=northwind,DC=local",Robert Silva,robert.silva@northwindmaterials.com,TRUE,134264702858401520,All-Employees;Engineering-All,"Manager, Engineering - Engineering"
bradley.gonzalez,"CN=Bradley Gonzalez,OU=SupplyChain,DC=northwind,DC=local",Bradley Gonzalez,bradley.gonzalez@northwindmaterials.com,TRUE,134264064029220320,All-Employees;Supply-Chain-All,Procurement Specialist - Supply Chain
robert.house,"CN=Robert House,OU=Finance,DC=northwind,DC=local",Robert House,robert.house@northwindmaterials.com,TRUE,134312664381074928,All-Employees;Finance-All,Accountant - Finance
caitlin.holmes,"CN=Caitlin Holmes,OU=QualityAssurance,DC=northwind,DC=local",Caitlin Holmes,caitlin.holmes@northwindmaterials.com,TRUE,134255687965654944,All-Employees;Quality-Assurance-All,Quality Inspector - Quality Assurance
amanda.williams,"CN=Amanda Williams,OU=QualityAssurance,DC=northwind,DC=local",Amanda Williams,amanda.williams@northwindmaterials.com,TRUE,134274820839509808,All-Employees;Quality-Assurance-All,QA Analyst - Quality Assurance
matthew.gomez,"CN=Matthew Gomez,OU=Manufacturing,DC=northwind,DC=local",Matthew Gomez,matthew.gomez@northwindmaterials.com,TRUE,134312613650094720,All-Employees;Manufacturing-All,Line Supervisor - Manufacturing
william.perry,"CN=William Perry,OU=QualityAssurance,DC=northwind,DC=local",William Perry,william.perry@northwindmaterials.com,TRUE,134254760258155520,All-Employees;Quality-Assurance-All,QA Analyst - Quality Assurance
veronica.bowman,"CN=Veronica Bowman,OU=SupplyChain,DC=northwind,DC=local",Veronica Bowman,veronica.bowman@northwindmaterials.com,TRUE,134310906346503024,All-Employees;Supply-Chain-All,Director of Supply Chain - Supply Chain
michael.ortega,"CN=Michael Ortega,OU=QualityAssurance,DC=northwind,DC=local",Michael Ortega,michael.ortega@northwindmaterials.com,TRUE,134325119246477248,All-Employees;Quality-Assurance-All,Quality Inspector - Quality Assurance
wayne.long,"CN=Wayne Long,OU=HumanResources,DC=northwind,DC=local",Wayne Long,wayne.long@northwindmaterials.com,TRUE,134287503549498944,All-Employees;Human-Resources-All,HR Coordinator - Human Resources
casey.moore,"CN=Casey Moore,OU=InformationTechnology,DC=northwind,DC=local",Casey Moore,casey.moore@northwindmaterials.com,TRUE,134313252793872528,All-Employees;Information-Technology-All,Network Engineer - Information Technology
anthony.gonzalez,"CN=Anthony Gonzalez,OU=HumanResources,DC=northwind,DC=local",Anthony Gonzalez,anthony.gonzalez@northwindmaterials.com,FALSE,134279744859896032,All-Employees;Human-Resources-All,VP of Human Resources - Human Resources
morgan.miller,"CN=Morgan Miller,OU=SupplyChain,DC=northwind,DC=local",Morgan Miller,morgan.miller@northwindmaterials.com,TRUE,134287307210698000,All-Employees;Supply-Chain-All,Procurement Specialist - Supply Chain
patrick.richmond,"CN=Patrick Richmond,OU=CustomerSuccess,DC=northwind,DC=local",Patrick Richmond,patrick.richmond@northwindmaterials.com,FALSE,134272142502830560,All-Employees;Customer-Success-All,Customer Success Associate - Customer Success
maria.haas,"CN=Maria Haas,OU=HumanResources,DC=northwind,DC=local",Maria Haas,maria.haas@northwindmaterials.com,TRUE,134287202878294736,All-Employees;Human-Resources-All,HR Coordinator - Human Resources
shawn.chambers,"CN=Shawn Chambers,OU=SupplyChain,DC=northwind,DC=local",Shawn Chambers,shawn.chambers@northwindmaterials.com,TRUE,134300817035631488,All-Employees;Supply-Chain-All,Procurement Specialist - Supply Chain
randy.simpson,"CN=Randy Simpson,OU=Legal,DC=northwind,DC=local",Randy Simpson,randy.simpson@northwindmaterials.com,TRUE,134295009976783968,All-Employees;Legal-All,Compliance Analyst - Legal
kyle.johnson,"CN=Kyle Johnson,OU=SupplyChain,DC=northwind,DC=local",Kyle Johnson,kyle.johnson@northwindmaterials.com,TRUE,134268946768400768,All-Employees;Supply-Chain-All,Supply Chain Analyst - Supply Chain
matthew.harper,"CN=Matthew Harper,OU=Legal,DC=northwind,DC=local",Matthew Harper,matthew.harper@northwindmaterials.com,FALSE,134277428907014384,All-Employees;Legal-All,Paralegal - Legal
kurt.french,"CN=Kurt French,OU=InformationTechnology,DC=northwind,DC=local",Kurt French,kurt.french@northwindmaterials.com,TRUE,134258060832701696,All-Employees;Information-Technology-All,Network Engineer - Information Technology
desiree.diaz,"CN=Desiree Diaz,OU=SupplyChain,DC=northwind,DC=local",Desiree Diaz,desiree.diaz@northwindmaterials.com,TRUE,134316824792648256,All-Employees;Supply-Chain-All,Procurement Specialist - Supply Chain
jessica.fuller,"CN=Jessica Fuller,OU=HumanResources,DC=northwind,DC=local",Jessica Fuller,jessica.fuller@northwindmaterials.com,TRUE,134257041950301536,All-Employees;Human-Resources-All,HR Generalist - Human Resources
dawn.moore,"CN=Dawn Moore,OU=Engineering,DC=northwind,DC=local",Dawn Moore,dawn.moore@northwindmaterials.com,TRUE,134286365391444496,All-Employees;Engineering-All,QA Engineer - Engineering
keith.frye,"CN=Keith Frye,OU=SupplyChain,DC=northwind,DC=local",Keith Frye,keith.frye@northwindmaterials.com,FALSE,134322624560454128,All-Employees;Supply-Chain-All,Procurement Specialist - Supply Chain
gary.lawson,"CN=Gary Lawson,OU=Engineering,DC=northwind,DC=local",Gary Lawson,gary.lawson@northwindmaterials.com,TRUE,134315178752643040,All-Employees;Engineering-All,Software Engineer - Engineering
kathryn.nelson,"CN=Kathryn Nelson,OU=Manufacturing,DC=northwind,DC=local",Kathryn Nelson,kathryn.nelson@northwindmaterials.com,TRUE,134259686837143408,All-Employees;Manufacturing-All,Production Associate - Manufacturing
marissa.hood,"CN=Marissa Hood,OU=Legal,DC=northwind,DC=local",Marissa Hood,marissa.hood@northwindmaterials.com,TRUE,134289829440530112,All-Employees;Legal-All,Compliance Analyst - Legal
jesse.benson,"CN=Jesse Benson,OU=CustomerSuccess,DC=northwind,DC=local",Jesse Benson,jesse.benson@northwindmaterials.com,TRUE,134277332162432048,All-Employees;Customer-Success-All,Support Specialist - Customer Success
ctr.christopher.valenzuela,"CN=Christopher Valenzuela,OU=Contractors,DC=northwind,DC=local",Christopher Valenzuela,christopher.valenzuela@contractor.northwindmaterials.com,TRUE,134276103408940544,Contractors-All;All-Employees,Contractor - Staffing Partner A - vendor engagement
angel.doyle,"CN=Angel Doyle,OU=QualityAssurance,DC=northwind,DC=local",Angel Doyle,angel.doyle@northwindmaterials.com,FALSE,134320454865543024,All-Employees;Quality-Assurance-All,"Manager, Quality Assurance - Quality Assurance"
ctr.jacqueline.bates,"CN=Jacqueline Bates,OU=Contractors,DC=northwind,DC=local",Jacqueline Bates,jacqueline.bates@contractor.northwindmaterials.com,TRUE,134255244378190208,Contractors-All;All-Employees,Contractor - Staffing Partner B - vendor engagement
lindsey.chavez,"CN=Lindsey Chavez,OU=Legal,DC=northwind,DC=local",Lindsey Chavez,lindsey.chavez@northwindmaterials.com,TRUE,134295357181224080,All-Employees;Legal-All,Paralegal - Legal
erik.murphy,"CN=Erik Murphy,OU=SupplyChain,DC=northwind,DC=local",Erik Murphy,erik.murphy@northwindmaterials.com,FALSE,134286562891157248,All-Employees;Supply-Chain-All,Supply Chain Analyst - Supply Chain
christina.gonzalez,"CN=Christina Gonzalez,OU=InformationTechnology,DC=northwind,DC=local",Christina Gonzalez,christina.gonzalez@northwindmaterials.com,TRUE,134282722051281568,All-Employees;Information-Technology-All,Network Engineer - Information Technology
ctr.steven.miller,"CN=Steven Miller,OU=Contractors,DC=northwind,DC=local",Steven Miller,steven.miller@contractor.northwindmaterials.com,TRUE,134306411066867184,Contractors-All;All-Employees,Contractor - Staffing Partner A - vendor engagement
joshua.thomas,"CN=Joshua Thomas,OU=Finance,DC=northwind,DC=local",Joshua Thomas,joshua.thomas@northwindmaterials.com,TRUE,134306509364263824,All-Employees;Finance-All,AP Specialist - Finance
christopher.montgomery,"CN=Christopher Montgomery,OU=InformationTechnology,DC=northwind,DC=local",Christopher Montgomery,christopher.montgomery@northwindmaterials.com,TRUE,134307760898976800,All-Employees;Information-Technology-All,Network Engineer - Information Technology
sierra.cruz,"CN=Sierra Cruz,OU=InformationTechnology,DC=northwind,DC=local",Sierra Cruz,sierra.cruz@northwindmaterials.com,TRUE,134264471102784400,All-Employees;Information-Technology-All,IT Support Specialist - Information Technology
lindsey.mills,"CN=Lindsey Mills,OU=SupplyChain,DC=northwind,DC=local",Lindsey Mills,lindsey.mills@northwindmaterials.com,FALSE,134254636999769760,All-Employees;Supply-Chain-All,Supply Chain Analyst - Supply Chain
marcus.wright,"CN=Marcus Wright,OU=SupplyChain,DC=northwind,DC=local",Marcus Wright,marcus.wright@northwindmaterials.com,TRUE,134295998196356704,All-Employees;Supply-Chain-All,Procurement Specialist - Supply Chain
christopher.walker,"CN=Christopher Walker,OU=QualityAssurance,DC=northwind,DC=local",Christopher Walker,christopher.walker@northwindmaterials.com,TRUE,134310577423367552,All-Employees;Quality-Assurance-All,Quality Inspector - Quality Assurance
garrett.white,"CN=Garrett White,OU=QualityAssurance,DC=northwind,DC=local",Garrett White,garrett.white@northwindmaterials.com,TRUE,134315488778817392,All-Employees;Quality-Assurance-All,Quality Inspector - Quality Assurance
rebecca.davis,"CN=Rebecca Davis,OU=CustomerSuccess,DC=northwind,DC=local",Rebecca Davis,rebecca.davis@northwindmaterials.com,TRUE,134253041820758496,All-Employees;Customer-Success-All,Customer Success Associate - Customer Success
james.johnson,"CN=James Johnson,OU=Manufacturing,DC=northwind,DC=local",James Johnson,james.johnson@northwindmaterials.com,TRUE,134323410960488320,All-Employees;Manufacturing-All,Line Supervisor - Manufacturing
melissa.white,"CN=Melissa White,OU=SupplyChain,DC=northwind,DC=local",Melissa White,melissa.white@northwindmaterials.com,TRUE,134289501414300288,All-Employees;Supply-Chain-All,Supply Chain Analyst - Supply Chain
nicole.suarez,"CN=Nicole Suarez,OU=Finance,DC=northwind,DC=local",Nicole Suarez,nicole.suarez@northwindmaterials.com,TRUE,134322310632770288,All-Employees;Finance-All,"Manager, Finance - Finance"
anna.faulkner,"CN=Anna Faulkner,OU=Finance,DC=northwind,DC=local",Anna Faulkner,anna.faulkner@northwindmaterials.com,FALSE,134263250932196160,All-Employees;Finance-All,AP Specialist - Finance
mario.padilla,"CN=Mario Padilla,OU=InformationTechnology,DC=northwind,DC=local",Mario Padilla,mario.padilla@northwindmaterials.com,TRUE,134272882654267344,All-Employees;Information-Technology-All,Network Engineer - Information Technology
anita.mullen,"CN=Anita Mullen,OU=SupplyChain,DC=northwind,DC=local",Anita Mullen,anita.mullen@northwindmaterials.com,TRUE,134272358784796576,All-Employees;Supply-Chain-All,Procurement Specialist - Supply Chain
robert.porter,"CN=Robert Porter,OU=Finance,DC=northwind,DC=local",Robert Porter,robert.porter@northwindmaterials.com,TRUE,134280430579816768,All-Employees;Finance-All,Financial Analyst - Finance
william.thompson,"CN=William Thompson,OU=SupplyChain,DC=northwind,DC=local",William Thompson,william.thompson@northwindmaterials.com,FALSE,134253972319974304,All-Employees;Supply-Chain-All,Supply Chain Analyst - Supply Chain
monique.johnson,"CN=Monique Johnson,OU=InformationTechnology,DC=northwind,DC=local",Monique Johnson,monique.johnson@northwindmaterials.com,TRUE,134297177019310704,All-Employees;Information-Technology-All,Network Engineer - Information Technology
svc-your15,"CN=svc-your15,OU=ServiceAccounts,DC=northwind,DC=local",svc-your15,svc-your15@northwindmaterials.com,TRUE,134311714500570080,Service-Accounts,Owned by IT Automation team
lauren.gardner,"CN=Lauren Gardner,OU=Finance,DC=northwind,DC=local",Lauren Gardner,lauren.gardner@northwindmaterials.com,TRUE,134267581405121152,All-Employees;Finance-All,Financial Analyst - Finance
russell.lewis,"CN=Russell Lewis,OU=Finance,DC=northwind,DC=local",Russell Lewis,russell.lewis@northwindmaterials.com,TRUE,134302252637108176,All-Employees;Finance-All,Financial Analyst - Finance
cole.alvarez,"CN=Cole Alvarez,OU=Legal,DC=northwind,DC=local",Cole Alvarez,cole.alvarez@northwindmaterials.com,TRUE,134313884313829840,All-Employees;Legal-All,Compliance Analyst - Legal
marc.hall9,"CN=Marc Hall,OU=Users,DC=northwind,DC=local",Marc Hall,marc.hall9@northwindmaterials.com,FALSE,133993113432682560,All-Employees,
nicholas.hernandez,"CN=Nicholas Hernandez,OU=Operations,DC=northwind,DC=local",Nicholas Hernandez,nicholas.hernandez@northwindmaterials.com,TRUE,134321990302897168,All-Employees;Operations-All,Logistics Coordinator - Operations
katie.howe,"CN=Katie Howe,OU=Finance,DC=northwind,DC=local",Katie Howe,katie.howe@northwindmaterials.com,TRUE,134316081525069200,All-Employees;Finance-All,Financial Analyst - Finance
kelly.luna,"CN=Kelly Luna,OU=Legal,DC=northwind,DC=local",Kelly Luna,kelly.luna@northwindmaterials.com,TRUE,134275722190116848,All-Employees;Legal-All,Paralegal - Legal
darlene.ross,"CN=Darlene Ross,OU=QualityAssurance,DC=northwind,DC=local",Darlene Ross,darlene.ross@northwindmaterials.com,TRUE,134283840432687664,All-Employees;Quality-Assurance-All,"Manager, Quality Assurance - Quality Assurance"
patrick.torres,"CN=Patrick Torres,OU=Engineering,DC=northwind,DC=local",Patrick Torres,patrick.torres@northwindmaterials.com,TRUE,134309035825449600,All-Employees;Engineering-All,QA Engineer - Engineering
hannah.howard,"CN=Hannah Howard,OU=Engineering,DC=northwind,DC=local",Hannah Howard,hannah.howard@northwindmaterials.com,TRUE,134282476966575904,All-Employees;Engineering-All,Software Engineer - Engineering
jaclyn.watson,"CN=Jaclyn Watson,OU=Engineering,DC=northwind,DC=local",Jaclyn Watson,jaclyn.watson@northwindmaterials.com,TRUE,134252186431179328,All-Employees;Engineering-All,QA Engineer - Engineering
christine.lynch,"CN=Christine Lynch,OU=SupplyChain,DC=northwind,DC=local",Christine Lynch,christine.lynch@northwindmaterials.com,TRUE,134264755709103056,All-Employees;Supply-Chain-All,Supply Chain Analyst - Supply Chain
ctr.bianca.fisher,"CN=Bianca Fisher,OU=Contractors,DC=northwind,DC=local",Bianca Fisher,bianca.fisher@contractor.northwindmaterials.com,TRUE,134294443671936784,Contractors-All;All-Employees,Contractor - Staffing Partner A - vendor engagement
caleb.joseph,"CN=Caleb Joseph,OU=Finance,DC=northwind,DC=local",Caleb Joseph,caleb.joseph@northwindmaterials.com,TRUE,134266307267870896,All-Employees;Finance-All,AP Specialist - Finance
misty.taylor,"CN=Misty Taylor,OU=SupplyChain,DC=northwind,DC=local",Misty Taylor,misty.taylor@northwindmaterials.com,FALSE,134259334403657616,All-Employees;Supply-Chain-All,Supply Chain Analyst - Supply Chain
becky.griffith,"CN=Becky Griffith,OU=Legal,DC=northwind,DC=local",Becky Griffith,becky.griffith@northwindmaterials.com,TRUE,134322252395007408,All-Employees;Legal-All,Compliance Analyst - Legal
kaylee.smith,"CN=Kaylee Smith,OU=Engineering,DC=northwind,DC=local",Kaylee Smith,kaylee.smith@northwindmaterials.com,TRUE,134293501806779216,All-Employees;Engineering-All,DevOps Engineer - Engineering
steven.dominguez,"CN=Steven Dominguez,OU=CustomerSuccess,DC=northwind,DC=local",Steven Dominguez,steven.dominguez@northwindmaterials.com,TRUE,134303086548988384,All-Employees;Customer-Success-All,Customer Success Associate - Customer Success
alyssa.cook,"CN=Alyssa Cook,OU=QualityAssurance,DC=northwind,DC=local",Alyssa Cook,alyssa.cook@northwindmaterials.com,TRUE,134268042812369328,All-Employees;Quality-Assurance-All,Quality Inspector - Quality Assurance
randall.willis,"CN=Randall Willis,OU=SupplyChain,DC=northwind,DC=local",Randall Willis,randall.willis@northwindmaterials.com,TRUE,134317161205309328,All-Employees;Supply-Chain-All,Supply Chain Analyst - Supply Chain
adrian.turner,"CN=Adrian Turner,OU=Legal,DC=northwind,DC=local",Adrian Turner,adrian.turner@northwindmaterials.com,FALSE,134264353507843296,All-Employees;Legal-All,Compliance Analyst - Legal
alexis.harris,"CN=Alexis Harris,OU=Legal,DC=northwind,DC=local",Alexis Harris,alexis.harris@northwindmaterials.com,TRUE,134268031736412336,All-Employees;Legal-All,Compliance Analyst - Legal
david.riggs,"CN=David Riggs,OU=Engineering,DC=northwind,DC=local",David Riggs,david.riggs@northwindmaterials.com,TRUE,134302660018285872,All-Employees;Engineering-All,Senior Software Engineer - Engineering
jacob.doyle,"CN=Jacob Doyle,OU=Finance,DC=northwind,DC=local",Jacob Doyle,jacob.doyle@northwindmaterials.com,TRUE,134296076060942624,All-Employees;Finance-All,Accountant - Finance
erica.holloway,"CN=Erica Holloway,OU=Engineering,DC=northwind,DC=local",Erica Holloway,erica.holloway@northwindmaterials.com,TRUE,134325822899984128,All-Employees;Engineering-All,Software Engineer - Engineering
gerald.lewis,"CN=Gerald Lewis,OU=QualityAssurance,DC=northwind,DC=local",Gerald Lewis,gerald.lewis@northwindmaterials.com,TRUE,134279771154646640,All-Employees;Quality-Assurance-All,QA Analyst - Quality Assurance
kaitlyn.evans,"CN=Kaitlyn Evans,OU=Manufacturing,DC=northwind,DC=local",Kaitlyn Evans,kaitlyn.evans@northwindmaterials.com,TRUE,134249909185932688,All-Employees;Manufacturing-All,Plant Technician - Manufacturing
scott.callahan,"CN=Scott Callahan,OU=InformationTechnology,DC=northwind,DC=local",Scott Callahan,scott.callahan@northwindmaterials.com,FALSE,134300900261695008,All-Employees;Information-Technology-All,"Manager, Information Technology - Information Technology"
robert.hudson,"CN=Robert Hudson,OU=QualityAssurance,DC=northwind,DC=local",Robert Hudson,robert.hudson@northwindmaterials.com,TRUE,134273465882656000,All-Employees;Quality-Assurance-All,QA Analyst - Quality Assurance
jacob.cox,"CN=Jacob Cox,OU=QualityAssurance,DC=northwind,DC=local",Jacob Cox,jacob.cox@northwindmaterials.com,TRUE,134292219629629520,All-Employees;Quality-Assurance-All,Quality Inspector - Quality Assurance
ctr.timothy.jones,"CN=Timothy Jones,OU=Contractors,DC=northwind,DC=local",Timothy Jones,timothy.jones@contractor.northwindmaterials.com,TRUE,134294441062309920,Contractors-All;All-Employees,Contractor - Staffing Partner A - vendor engagement
robert.garcia,"CN=Robert Garcia,OU=SupplyChain,DC=northwind,DC=local",Robert Garcia,robert.garcia@northwindmaterials.com,TRUE,134306806132184176,All-Employees;Supply-Chain-All,Procurement Specialist - Supply Chain
edward.velazquez,"CN=Edward Velazquez,OU=Operations,DC=northwind,DC=local",Edward Velazquez,edward.velazquez@northwindmaterials.com,TRUE,134318415482475104,All-Employees;Operations-All,Operations Analyst - Operations
derrick.ayala,"CN=Derrick Ayala,OU=InformationTechnology,DC=northwind,DC=local",Derrick Ayala,derrick.ayala@northwindmaterials.com,TRUE,134317931991903568,All-Employees;Information-Technology-All,Network Engineer - Information Technology
samuel.wolfe,"CN=Samuel Wolfe,OU=Manufacturing,DC=northwind,DC=local",Samuel Wolfe,samuel.wolfe@northwindmaterials.com,TRUE,134253561678334928,All-Employees;Manufacturing-All,Line Supervisor - Manufacturing
sheena.rosales,"CN=Sheena Rosales,OU=Finance,DC=northwind,DC=local",Sheena Rosales,sheena.rosales@northwindmaterials.com,TRUE,134277071847377504,All-Employees;Finance-All,AP Specialist - Finance
robert.villa,"CN=Robert Villa,OU=Engineering,DC=northwind,DC=local",Robert Villa,robert.villa@northwindmaterials.com,TRUE,134264640728927936,All-Employees;Engineering-All,Software Engineer - Engineering
lisa.young,"CN=Lisa Young,OU=SupplyChain,DC=northwind,DC=local",Lisa Young,lisa.young@northwindmaterials.com,TRUE,134264474113180320,All-Employees;Supply-Chain-All,Supply Chain Analyst - Supply Chain
amanda.smith,"CN=Amanda Smith,OU=QualityAssurance,DC=northwind,DC=local",Amanda Smith,amanda.smith@northwindmaterials.com,TRUE,134257029421331824,All-Employees;Quality-Assurance-All,Quality Inspector - Quality Assurance
kevin.cabrera,"CN=Kevin Cabrera,OU=Manufacturing,DC=northwind,DC=local",Kevin Cabrera,kevin.cabrera@northwindmaterials.com,TRUE,134313716561649552,All-Employees;Manufacturing-All,Line Supervisor - Manufacturing
paul.ray,"CN=Paul Ray,OU=Engineering,DC=northwind,DC=local",Paul Ray,paul.ray@northwindmaterials.com,TRUE,134274187658174112,All-Employees;Engineering-All,"Manager, Engineering - Engineering"
monique.wallace,"CN=Monique Wallace,OU=SupplyChain,DC=northwind,DC=local",Monique Wallace,monique.wallace@northwindmaterials.com,TRUE,134296548499272016,All-Employees;Supply-Chain-All,Supply Chain Analyst - Supply Chain
stephanie.simpson,"CN=Stephanie Simpson,OU=Legal,DC=northwind,DC=local",Stephanie Simpson,stephanie.simpson@northwindmaterials.com,TRUE,134308427855029808,All-Employees;Legal-All,Compliance Analyst - Legal
gregg.williams,"CN=Gregg Williams,OU=Manufacturing,DC=northwind,DC=local",Gregg Williams,gregg.williams@northwindmaterials.com,FALSE,134285324471404480,All-Employees;Manufacturing-All,Plant Technician - Manufacturing
john.grimes,"CN=John Grimes,OU=SupplyChain,DC=northwind,DC=local",John Grimes,john.grimes@northwindmaterials.com,TRUE,134304302365790656,All-Employees;Supply-Chain-All,Supply Chain Analyst - Supply Chain
julia.lamb,"CN=Julia Lamb,OU=InformationTechnology,DC=northwind,DC=local",Julia Lamb,julia.lamb@northwindmaterials.com,TRUE,134258536419967168,All-Employees;Information-Technology-All,Systems Administrator - Information Technology
keith.martinez,"CN=Keith Martinez,OU=Finance,DC=northwind,DC=local",Keith Martinez,keith.martinez@northwindmaterials.com,TRUE,134264121820554640,All-Employees;Finance-All,AP Specialist - Finance
teresa.anderson,"CN=Teresa Anderson,OU=CustomerSuccess,DC=northwind,DC=local",Teresa Anderson,teresa.anderson@northwindmaterials.com,FALSE,134306269147616688,All-Employees;Customer-Success-All,Customer Success Associate - Customer Success
timothy.oliver,"CN=Timothy Oliver,OU=Operations,DC=northwind,DC=local",Timothy Oliver,timothy.oliver@northwindmaterials.com,TRUE,134272223483525008,All-Employees;Operations-All,Operations Analyst - Operations
melanie.gibson,"CN=Melanie Gibson,OU=Finance,DC=northwind,DC=local",Melanie Gibson,melanie.gibson@northwindmaterials.com,TRUE,134261027325680528,All-Employees;Finance-All,Financial Analyst - Finance
robert.price,"CN=Robert Price,OU=Engineering,DC=northwind,DC=local",Robert Price,robert.price@northwindmaterials.com,TRUE,134307315519372608,All-Employees;Engineering-All,Software Engineer - Engineering
matthew.smith,"CN=Matthew Smith,OU=SupplyChain,DC=northwind,DC=local",Matthew Smith,matthew.smith@northwindmaterials.com,TRUE,134269831395075920,All-Employees;Supply-Chain-All,Procurement Specialist - Supply Chain
timothy.duncan,"CN=Timothy Duncan,OU=Finance,DC=northwind,DC=local",Timothy Duncan,timothy.duncan@northwindmaterials.com,FALSE,134260739051434288,All-Employees;Finance-All,Accountant - Finance
madison.blankenship,"CN=Madison Blankenship,OU=CustomerSuccess,DC=northwind,DC=local",Madison Blankenship,madison.blankenship@northwindmaterials.com,TRUE,134313946724788224,All-Employees;Customer-Success-All,Customer Success Associate - Customer Success
selena.duncan,"CN=Selena Duncan,OU=Finance,DC=northwind,DC=local",Selena Duncan,selena.duncan@northwindmaterials.com,TRUE,134308797297178864,All-Employees;Finance-All,"Manager, Finance - Finance"
jessica.garcia,"CN=Jessica Garcia,OU=SupplyChain,DC=northwind,DC=local",Jessica Garcia,jessica.garcia@northwindmaterials.com,TRUE,134323972351659712,All-Employees;Supply-Chain-All,Supply Chain Analyst - Supply Chain
michael.bell,"CN=Michael Bell,OU=QualityAssurance,DC=northwind,DC=local",Michael Bell,michael.bell@northwindmaterials.com,TRUE,134316090172618320,All-Employees;Quality-Assurance-All,QA Analyst - Quality Assurance
christopher.williams,"CN=Christopher Williams,OU=QualityAssurance,DC=northwind,DC=local",Christopher Williams,christopher.williams@northwindmaterials.com,TRUE,134290429635701328,All-Employees;Quality-Assurance-All,QA Analyst - Quality Assurance
wayne.lester,"CN=Wayne Lester,OU=Engineering,DC=northwind,DC=local",Wayne Lester,wayne.lester@northwindmaterials.com,TRUE,134249638519496272,All-Employees;Engineering-All,DevOps Engineer - Engineering
ctr.robert.leon,"CN=Robert Leon,OU=Contractors,DC=northwind,DC=local",Robert Leon,robert.leon@contractor.northwindmaterials.com,TRUE,134275438249680480,Contractors-All;All-Employees,Contractor - Staffing Partner A - vendor engagement
christopher.dixon,"CN=Christopher Dixon,OU=Manufacturing,DC=northwind,DC=local",Christopher Dixon,christopher.dixon@northwindmaterials.com,TRUE,134269144383470672,All-Employees;Manufacturing-All,Machine Operator - Manufacturing
kristen.evans,"CN=Kristen Evans,OU=InformationTechnology,DC=northwind,DC=local",Kristen Evans,kristen.evans@northwindmaterials.com,TRUE,134295745416246736,All-Employees;Information-Technology-All,IT Support Specialist - Information Technology
angela.smith,"CN=Angela Smith,OU=InformationTechnology,DC=northwind,DC=local",Angela Smith,angela.smith@northwindmaterials.com,TRUE,134297430446561376,All-Employees;Information-Technology-All,IT Support Specialist - Information Technology
susan.fleming,"CN=Susan Fleming,OU=CustomerSuccess,DC=northwind,DC=local",Susan Fleming,susan.fleming@northwindmaterials.com,TRUE,134301848823153408,All-Employees;Customer-Success-All,Support Specialist - Customer Success
carrie.russo,"CN=Carrie Russo,OU=Legal,DC=northwind,DC=local",Carrie Russo,carrie.russo@northwindmaterials.com,TRUE,134270817007965504,All-Employees;Legal-All,Compliance Analyst - Legal
lauren.marquez,"CN=Lauren Marquez,OU=SupplyChain,DC=northwind,DC=local",Lauren Marquez,lauren.marquez@northwindmaterials.com,TRUE,134286107088750384,All-Employees;Supply-Chain-All,Procurement Specialist - Supply Chain
theresa.rowe,"CN=Theresa Rowe,OU=InformationTechnology,DC=northwind,DC=local",Theresa Rowe,theresa.rowe@northwindmaterials.com,TRUE,134296773426231520,All-Employees;Information-Technology-All,Systems Administrator - Information Technology
teresa.day,"CN=Teresa Day,OU=HumanResources,DC=northwind,DC=local",Teresa Day,teresa.day@northwindmaterials.com,TRUE,134285543971190944,All-Employees;Human-Resources-All,Recruiter - Human Resources
jeremy.frazier,"CN=Jeremy Frazier,OU=Operations,DC=northwind,DC=local",Jeremy Frazier,jeremy.frazier@northwindmaterials.com,TRUE,134250163623794368,All-Employees;Operations-All,Logistics Coordinator - Operations
danielle.johnson,"CN=Danielle Johnson,OU=Executive,DC=northwind,DC=local",Danielle Johnson,danielle.johnson@northwindmaterials.com,TRUE,134325947786610992,All-Employees;Executive-All,Chief Executive Officer - Executive
gary.mcclure,"CN=Gary Mcclure,OU=Finance,DC=northwind,DC=local",Gary Mcclure,gary.mcclure@northwindmaterials.com,TRUE,134311476823082448,All-Employees;Finance-All,Accountant - Finance
chloe.morris,"CN=Chloe Morris,OU=Operations,DC=northwind,DC=local",Chloe Morris,chloe.morris@northwindmaterials.com,TRUE,134321554098492240,All-Employees;Operations-All,Logistics Coordinator - Operations
donna.moore,"CN=Donna Moore,OU=Manufacturing,DC=northwind,DC=local",Donna Moore,donna.moore@northwindmaterials.com,FALSE,134323585095555328,All-Employees;Manufacturing-All,Production Associate - Manufacturing
robin.jones,"CN=Robin Jones,OU=Manufacturing,DC=northwind,DC=local",Robin Jones,robin.jones@northwindmaterials.com,TRUE,134293978370518496,All-Employees;Manufacturing-All,Plant Technician - Manufacturing
ctr.kimberly.miller,"CN=Kimberly Miller,OU=Contractors,DC=northwind,DC=local",Kimberly Miller,kimberly.miller@contractor.northwindmaterials.com,TRUE,134256826304177568,Contractors-All;All-Employees,Contractor - Staffing Partner B - vendor engagement
james.fox,"CN=James Fox,OU=QualityAssurance,DC=northwind,DC=local",James Fox,james.fox@northwindmaterials.com,TRUE,134312317315048560,All-Employees;Quality-Assurance-All,QA Analyst - Quality Assurance
melissa.mitchell,"CN=Melissa Mitchell,OU=CustomerSuccess,DC=northwind,DC=local",Melissa Mitchell,melissa.mitchell@northwindmaterials.com,TRUE,134296632531733632,All-Employees;Customer-Success-All,Support Specialist - Customer Success
craig.harris,"CN=Craig Harris,OU=SupplyChain,DC=northwind,DC=local",Craig Harris,craig.harris@northwindmaterials.com,TRUE,134326821429020240,All-Employees;Supply-Chain-All,Supply Chain Analyst - Supply Chain
john.bryant,"CN=John Bryant,OU=SupplyChain,DC=northwind,DC=local",John Bryant,john.bryant@northwindmaterials.com,TRUE,134268094120540672,All-Employees;Supply-Chain-All,Supply Chain Analyst - Supply Chain
christopher.briggs,"CN=Christopher Briggs,OU=CustomerSuccess,DC=northwind,DC=local",Christopher Briggs,christopher.briggs@northwindmaterials.com,TRUE,134310318160008848,All-Employees;Customer-Success-All,Customer Success Associate - Customer Success
christopher.george,"CN=Christopher George,OU=Engineering,DC=northwind,DC=local",Christopher George,christopher.george@northwindmaterials.com,TRUE,134279432070650368,All-Employees;Engineering-All,QA Engineer - Engineering
kimberly.johnson,"CN=Kimberly Johnson,OU=Finance,DC=northwind,DC=local",Kimberly Johnson,kimberly.johnson@northwindmaterials.com,TRUE,134262043709968416,All-Employees;Finance-All,AP Specialist - Finance
linda.jarvis,"CN=Linda Jarvis,OU=CustomerSuccess,DC=northwind,DC=local",Linda Jarvis,linda.jarvis@northwindmaterials.com,TRUE,134253852879391392,All-Employees;Customer-Success-All,Customer Success Associate - Customer Success
grace.bradshaw,"CN=Grace Bradshaw,OU=SupplyChain,DC=northwind,DC=local",Grace Bradshaw,grace.bradshaw@northwindmaterials.com,TRUE,134321312294691680,All-Employees;Supply-Chain-All,Supply Chain Analyst - Supply Chain
robert.hampton,"CN=Robert Hampton,OU=Engineering,DC=northwind,DC=local",Robert Hampton,robert.hampton@northwindmaterials.com,TRUE,134284834530825840,All-Employees;Engineering-All,QA Engineer - Engineering
ctr.fred.pratt,"CN=Fred Pratt,OU=Contractors,DC=northwind,DC=local",Fred Pratt,fred.pratt@contractor.northwindmaterials.com,TRUE,134299791285937520,Contractors-All;All-Employees,Contractor - Staffing Partner B - vendor engagement
robert.cortez,"CN=Robert Cortez,OU=Finance,DC=northwind,DC=local",Robert Cortez,robert.cortez@northwindmaterials.com,TRUE,134275056188067664,All-Employees;Finance-All,AP Specialist - Finance
jack.williams,"CN=Jack Williams,OU=QualityAssurance,DC=northwind,DC=local",Jack Williams,jack.williams@northwindmaterials.com,FALSE,134321744501844752,All-Employees;Quality-Assurance-All,QA Analyst - Quality Assurance
steven.moody,"CN=Steven Moody,OU=SupplyChain,DC=northwind,DC=local",Steven Moody,steven.moody@northwindmaterials.com,TRUE,134312303695449856,All-Employees;Supply-Chain-All,Supply Chain Analyst - Supply Chain
george.bennett,"CN=George Bennett,OU=InformationTechnology,DC=northwind,DC=local",George Bennett,george.bennett@northwindmaterials.com,TRUE,134283829403269088,All-Employees;Information-Technology-All,Network Engineer - Information Technology
howard.james,"CN=Howard James,OU=QualityAssurance,DC=northwind,DC=local",Howard James,howardj@northwindmaterials.com,TRUE,134301627407218304,All-Employees;Quality-Assurance-All,QA Analyst - Quality Assurance
jennifer.harper,"CN=Jennifer Harper,OU=Finance,DC=northwind,DC=local",Jennifer Harper,jennifer.harper@northwindmaterials.com,FALSE,134312201756274512,All-Employees;Finance-All,Accountant - Finance
cory.jennings,"CN=Cory Jennings,OU=SupplyChain,DC=northwind,DC=local",Cory Jennings,cory.jennings@northwindmaterials.com,TRUE,134323956759426816,All-Employees;Supply-Chain-All,Supply Chain Analyst - Supply Chain
ctr.stacy.harris,"CN=Stacy Harris,OU=Contractors,DC=northwind,DC=local",Stacy Harris,stacy.harris@contractor.northwindmaterials.com,TRUE,134256760318046640,Contractors-All;All-Employees,Contractor - Staffing Partner B - vendor engagement
anna.baker,"CN=Anna Baker,OU=InformationTechnology,DC=northwind,DC=local",Anna Baker,anna.baker@northwindmaterials.com,TRUE,134300059605301488,All-Employees;Information-Technology-All,Director of Information Technology - Information Technology
jesse.sullivan,"CN=Jesse Sullivan,OU=Finance,DC=northwind,DC=local",Jesse Sullivan,jesse.sullivan@northwindmaterials.com,TRUE,134268583777184640,All-Employees;Finance-All,Financial Analyst - Finance
shawn.lynch,"CN=Shawn Lynch,OU=Legal,DC=northwind,DC=local",Shawn Lynch,shawn.lynch@northwindmaterials.com,TRUE,134311701351664112,All-Employees;Legal-All,Compliance Analyst - Legal
lisa.maynard,"CN=Lisa Maynard,OU=Engineering,DC=northwind,DC=local",Lisa Maynard,lisa.maynard@northwindmaterials.com,FALSE,134268553364751888,All-Employees;Engineering-All,Software Engineer - Engineering
christopher.brown,"CN=Christopher Brown,OU=Engineering,DC=northwind,DC=local",Christopher Brown,christopher.brown@northwindmaterials.com,TRUE,134284805295378400,All-Employees;Engineering-All,QA Engineer - Engineering
donald.mcgee,"CN=Donald Mcgee,OU=SupplyChain,DC=northwind,DC=local",Donald Mcgee,donald.mcgee@northwindmaterials.com,TRUE,134312427131973040,All-Employees;Supply-Chain-All,Procurement Specialist - Supply Chain
elizabeth.hernandez,"CN=Elizabeth Hernandez,OU=InformationTechnology,DC=northwind,DC=local",Elizabeth Hernandez,elizabeth.hernandez@northwindmaterials.com,TRUE,134314143735521888,All-Employees;Information-Technology-All,Systems Administrator - Information Technology
samantha.navarro,"CN=Samantha Navarro,OU=Engineering,DC=northwind,DC=local",Samantha Navarro,samantha.navarro@northwindmaterials.com,TRUE,134308004241481968,All-Employees;Engineering-All,Software Engineer - Engineering
robert.stein,"CN=Robert Stein,OU=Legal,DC=northwind,DC=local",Robert Stein,robert.stein@northwindmaterials.com,TRUE,134320007708807472,All-Employees;Legal-All,Compliance Analyst - Legal
molly.perez,"CN=Molly Perez,OU=SupplyChain,DC=northwind,DC=local",Molly Perez,molly.perez@northwindmaterials.com,TRUE,134298301299930320,All-Employees;Supply-Chain-All,Procurement Specialist - Supply Chain
plant-shared-from26,"CN=plant-shared-from26,OU=ServiceAccounts,DC=northwind,DC=local",plant-shared-from26,plant-shared-from26@northwindmaterials.com,TRUE,134317493852143072,Service-Accounts,Non-interactive service/CI account
patricia.adams,"CN=Patricia Adams,OU=SupplyChain,DC=northwind,DC=local",Patricia Adams,patricia.adams@northwindmaterials.com,TRUE,134287157176614336,All-Employees;Supply-Chain-All,Procurement Specialist - Supply Chain
nicholas.bailey,"CN=Nicholas Bailey,OU=SupplyChain,DC=northwind,DC=local",Nicholas Bailey,nicholas.bailey@northwindmaterials.com,TRUE,134272334062270016,All-Employees;Supply-Chain-All,Procurement Specialist - Supply Chain
lori.robertson,"CN=Lori Robertson,OU=Manufacturing,DC=northwind,DC=local",Lori Robertson,lori.robertson@northwindmaterials.com,TRUE,134323447525999248,All-Employees;Manufacturing-All;Plant-Ops-Leads,Production Associate - Manufacturing
michael.brown,"CN=Michael Brown,OU=Engineering,DC=northwind,DC=local",Michael Brown,michael.brown@northwindmaterials.com,TRUE,134305656908992944,All-Employees;Engineering-All,DevOps Engineer - Engineering
ctr.mary.harrell,"CN=Mary Harrell,OU=Contractors,DC=northwind,DC=local",Mary Harrell,mary.harrell@contractor.northwindmaterials.com,TRUE,134251855242392768,Contractors-All;All-Employees,Contractor - Staffing Partner A - vendor engagement
brad.lewis,"CN=Brad Lewis,OU=Finance,DC=northwind,DC=local",Brad Lewis,brad.lewis@northwindmaterials.com,TRUE,134326640007871664,All-Employees;Finance-All,AP Specialist - Finance
kimberly.kelly,"CN=Kimberly Kelly,OU=QualityAssurance,DC=northwind,DC=local",Kimberly Kelly,kimberly.kelly@northwindmaterials.com,TRUE,134313532737481600,All-Employees;Quality-Assurance-All,Quality Inspector - Quality Assurance
alyssa.mcintyre,"CN=Alyssa Mcintyre,OU=SupplyChain,DC=northwind,DC=local",Alyssa Mcintyre,alyssa.mcintyre@northwindmaterials.com,TRUE,134249795484338816,All-Employees;Supply-Chain-All,Supply Chain Analyst - Supply Chain
alexandra.jones,"CN=Alexandra Jones,OU=Finance,DC=northwind,DC=local",Alexandra Jones,alexandra.jones@northwindmaterials.com,TRUE,134320438102981360,All-Employees;Finance-All,AP Specialist - Finance
maria.kelley,"CN=Maria Kelley,OU=SupplyChain,DC=northwind,DC=local",Maria Kelley,maria.kelley@northwindmaterials.com,TRUE,134284072733326608,All-Employees;Supply-Chain-All,Supply Chain Analyst - Supply Chain
ctr.patrick.willis,"CN=Patrick Willis,OU=Contractors,DC=northwind,DC=local",Patrick Willis,patrick.willis@contractor.northwindmaterials.com,TRUE,134315761626995296,Contractors-All;All-Employees,Contractor - Staffing Partner A - vendor engagement
vicki.johnson,"CN=Vicki Johnson,OU=InformationTechnology,DC=northwind,DC=local",Vicki Johnson,vicki.johnson@northwindmaterials.com,TRUE,134318496189873328,All-Employees;Information-Technology-All,IT Support Specialist - Information Technology
daniel.hamilton,"CN=Daniel Hamilton,OU=Finance,DC=northwind,DC=local",Daniel Hamilton,daniel.hamilton@northwindmaterials.com,TRUE,134321826111495568,All-Employees;Finance-All,"Manager, Finance - Finance"
jonathan.nixon,"CN=Jonathan Nixon,OU=Engineering,DC=northwind,DC=local",Jonathan Nixon,jonathan.nixon@northwindmaterials.com,TRUE,134251208992101600,All-Employees;Engineering-All,Software Engineer - Engineering
susan.banks,"CN=Susan Banks,OU=SupplyChain,DC=northwind,DC=local",Susan Banks,susan.banks@northwindmaterials.com,TRUE,134254814122431904,All-Employees;Supply-Chain-All,Supply Chain Analyst - Supply Chain
matthew.gallegos,"CN=Matthew Gallegos,OU=CustomerSuccess,DC=northwind,DC=local",Matthew Gallegos,matthew.gallegos@northwindmaterials.com,TRUE,134260828635626672,All-Employees;Customer-Success-All,Customer Success Associate - Customer Success
angel.garcia,"CN=Angel Garcia,OU=Operations,DC=northwind,DC=local",Angel Garcia,angel.garcia@northwindmaterials.com,TRUE,134281632723855088,All-Employees;Operations-All,Operations Analyst - Operations
renee.jones,"CN=Renee Jones,OU=Finance,DC=northwind,DC=local",Renee Jones,renee.jones@northwindmaterials.com,TRUE,134325240166335280,All-Employees;Finance-All,AP Specialist - Finance
andrea.pennington,"CN=Andrea Pennington,OU=CustomerSuccess,DC=northwind,DC=local",Andrea Pennington,andrea.pennington@northwindmaterials.com,TRUE,134299554497088032,All-Employees;Customer-Success-All,Support Specialist - Customer Success
mark.cruz,"CN=Mark Cruz,OU=Engineering,DC=northwind,DC=local",Mark Cruz,mark.cruz@northwindmaterials.com,TRUE,134257346918886928,All-Employees;Engineering-All,Software Engineer - Engineering
tammy.jordan,"CN=Tammy Jordan,OU=CustomerSuccess,DC=northwind,DC=local",Tammy Jordan,tammy.jordan@northwindmaterials.com,TRUE,134314780438794144,All-Employees;Customer-Success-All,Customer Success Associate - Customer Success
emily.richards,"CN=Emily Richards,OU=HumanResources,DC=northwind,DC=local",Emily Richards,emily.richards@northwindmaterials.com,TRUE,134310282346121904,All-Employees;Human-Resources-All,HR Coordinator - Human Resources
tommy.olson,"CN=Tommy Olson,OU=Engineering,DC=northwind,DC=local",Tommy Olson,tommy.olson@northwindmaterials.com,TRUE,134272637613044352,All-Employees;Engineering-All,QA Engineer - Engineering
david.hall,"CN=David Hall,OU=SupplyChain,DC=northwind,DC=local",David Hall,david.hall@northwindmaterials.com,TRUE,134306232364196880,All-Employees;Supply-Chain-All,Procurement Specialist - Supply Chain
lisa.barnes,"CN=Lisa Barnes,OU=Manufacturing,DC=northwind,DC=local",Lisa Barnes,lisa.barnes@northwindmaterials.com,TRUE,134254743679440896,All-Employees;Manufacturing-All,Line Supervisor - Manufacturing
thomas.mueller,"CN=Thomas Mueller,OU=QualityAssurance,DC=northwind,DC=local",Thomas Mueller,thomas.mueller@northwindmaterials.com,FALSE,134308924304839248,All-Employees;Quality-Assurance-All,"Manager, Quality Assurance - Quality Assurance"
michael.gibbs,"CN=Michael Gibbs,OU=Legal,DC=northwind,DC=local",Michael Gibbs,michael.gibbs@northwindmaterials.com,TRUE,134268240509470304,All-Employees;Legal-All,Paralegal - Legal
evan.soto,"CN=Evan Soto,OU=QualityAssurance,DC=northwind,DC=local",Evan Soto,evan.soto@northwindmaterials.com,TRUE,134262785319114864,All-Employees;Quality-Assurance-All,QA Analyst - Quality Assurance
jessica.fuentes,"CN=Jessica Fuentes,OU=Engineering,DC=northwind,DC=local",Jessica Fuentes,jessica.fuentes@northwindmaterials.com,TRUE,134323108641366736,All-Employees;Engineering-All,QA Engineer - Engineering
jessica.davis,"CN=Jessica Davis,OU=HumanResources,DC=northwind,DC=local",Jessica Davis,jessica.davis@northwindmaterials.com,TRUE,134309179853824432,All-Employees;Human-Resources-All,Recruiter - Human Resources
kenneth.roberts,"CN=Kenneth Roberts,OU=Finance,DC=northwind,DC=local",Kenneth Roberts,kenneth.roberts@northwindmaterials.com,TRUE,134266968868505040,All-Employees;Finance-All,AP Specialist - Finance
brian.dickerson,"CN=Brian Dickerson,OU=Finance,DC=northwind,DC=local",Brian Dickerson,brian.dickerson@northwindmaterials.com,TRUE,134296216831731584,All-Employees;Finance-All,AP Specialist - Finance
zoe.bell,"CN=Zoe Bell,OU=InformationTechnology,DC=northwind,DC=local",Zoe Bell,zoe.bell@northwindmaterials.com,TRUE,134258465119392400,All-Employees;Information-Technology-All,IT Support Specialist - Information Technology
brenda.walters,"CN=Brenda Walters,OU=InformationTechnology,DC=northwind,DC=local",Brenda Walters,brenda.walters@northwindmaterials.com,TRUE,134321905328851984,All-Employees;Information-Technology-All,IT Support Specialist - Information Technology
edward.cannon,"CN=Edward Cannon,OU=Finance,DC=northwind,DC=local",Edward Cannon,edward.cannon@northwindmaterials.com,TRUE,134325564714719680,All-Employees;Finance-All,AP Specialist - Finance
scott.riley,"CN=Scott Riley,OU=SupplyChain,DC=northwind,DC=local",Scott Riley,scott.riley@northwindmaterials.com,TRUE,134295254908262512,All-Employees;Supply-Chain-All,Supply Chain Analyst - Supply Chain
angela.anderson,"CN=Angela Anderson,OU=QualityAssurance,DC=northwind,DC=local",Angela Anderson,angela.anderson@northwindmaterials.com,TRUE,134257354273700752,All-Employees;Quality-Assurance-All,Quality Inspector - Quality Assurance
kristina.hunter,"CN=Kristina Hunter,OU=QualityAssurance,DC=northwind,DC=local",Kristina Hunter,kristina.hunter@northwindmaterials.com,TRUE,134326435238997312,All-Employees;Quality-Assurance-All,Quality Inspector - Quality Assurance
joshua.miller,"CN=Joshua Miller,OU=HumanResources,DC=northwind,DC=local",Joshua Miller,joshua.miller@northwindmaterials.com,TRUE,134294916902595040,All-Employees;Human-Resources-All,HR Generalist - Human Resources
leah.frye,"CN=Leah Frye,OU=Engineering,DC=northwind,DC=local",Leah Frye,leah.frye@northwindmaterials.com,TRUE,134272780397915312,All-Employees;Engineering-All,QA Engineer - Engineering
jeffrey.singh,"CN=Jeffrey Singh,OU=CustomerSuccess,DC=northwind,DC=local",Jeffrey Singh,jeffrey.singh@northwindmaterials.com,TRUE,134280206285269504,All-Employees;Customer-Success-All,Customer Success Associate - Customer Success
cynthia.elliott,"CN=Cynthia Elliott,OU=Finance,DC=northwind,DC=local",Cynthia Elliott,cynthia.elliott@northwindmaterials.com,TRUE,134250069944953616,All-Employees;Finance-All,Financial Analyst - Finance
kelly.jones,"CN=Kelly Jones,OU=InformationTechnology,DC=northwind,DC=local",Kelly Jones,kelly.jones@northwindmaterials.com,TRUE,134253100138157904,All-Employees;Information-Technology-All,IT Support Specialist - Information Technology
wayne.jackson,"CN=Wayne Jackson,OU=SupplyChain,DC=northwind,DC=local",Wayne Jackson,wayne.jackson@northwindmaterials.com,TRUE,134267344914787936,All-Employees;Supply-Chain-All,Supply Chain Analyst - Supply Chain
kurt.barker,"CN=Kurt Barker,OU=SupplyChain,DC=northwind,DC=local",Kurt Barker,kurt.barker@northwindmaterials.com,TRUE,134282100895277616,All-Employees;Supply-Chain-All,Procurement Specialist - Supply Chain
john.mueller,"CN=John Mueller,OU=InformationTechnology,DC=northwind,DC=local",John Mueller,john.mueller@northwindmaterials.com,TRUE,134281136562849472,All-Employees;Information-Technology-All,IT Support Specialist - Information Technology
laura.daniel,"CN=Laura Daniel,OU=SupplyChain,DC=northwind,DC=local",Laura Daniel,laura.daniel@northwindmaterials.com,TRUE,134288296811291840,All-Employees;Supply-Chain-All,Procurement Specialist - Supply Chain
kelly.neal,"CN=Kelly Neal,OU=InformationTechnology,DC=northwind,DC=local",Kelly Neal,kelly.neal@northwindmaterials.com,TRUE,134270308118476880,All-Employees;Information-Technology-All,Systems Administrator - Information Technology
richard.chavez,"CN=Richard Chavez,OU=SupplyChain,DC=northwind,DC=local",Richard Chavez,richard.chavez@northwindmaterials.com,TRUE,134276113733123328,All-Employees;Supply-Chain-All,Procurement Specialist - Supply Chain
ian.roberts,"CN=Ian Roberts,OU=SupplyChain,DC=northwind,DC=local",Ian Roberts,ian.roberts@northwindmaterials.com,TRUE,134280254080766624,All-Employees;Supply-Chain-All,Supply Chain Analyst - Supply Chain
james.rhodes,"CN=James Rhodes,OU=CustomerSuccess,DC=northwind,DC=local",James Rhodes,james.rhodes@northwindmaterials.com,TRUE,134275413319950848,All-Employees;Customer-Success-All,Support Specialist - Customer Success
kenneth.molina,"CN=Kenneth Molina,OU=SupplyChain,DC=northwind,DC=local",Kenneth Molina,kenneth.molina@northwindmaterials.com,FALSE,134300714425890384,All-Employees;Supply-Chain-All,Supply Chain Analyst - Supply Chain
jill.rhodes,"CN=Jill Rhodes,OU=Engineering,DC=northwind,DC=local",Jill Rhodes,jill.rhodes@northwindmaterials.com,TRUE,134262575789723456,All-Employees;Engineering-All,VP of Engineering - Engineering
amy.thompson,"CN=Amy Thompson,OU=CustomerSuccess,DC=northwind,DC=local",Amy Thompson,amy.thompson@northwindmaterials.com,TRUE,134289899893252912,All-Employees;Customer-Success-All,Support Specialist - Customer Success
tanya.house,"CN=Tanya House,OU=Legal,DC=northwind,DC=local",Tanya House,tanya.house@northwindmaterials.com,TRUE,134294738177049728,All-Employees;Legal-All,"Manager, Legal - Legal"
justin.lindsey,"CN=Justin Lindsey,OU=Manufacturing,DC=northwind,DC=local",Justin Lindsey,justin.lindsey@northwindmaterials.com,TRUE,134273345293279360,All-Employees;Manufacturing-All,Line Supervisor - Manufacturing
bobby.smith,"CN=Bobby Smith,OU=SupplyChain,DC=northwind,DC=local",Bobby Smith,bobby.smith@northwindmaterials.com,TRUE,134308675576001248,All-Employees;Supply-Chain-All,Supply Chain Analyst - Supply Chain
debra.harrington,"CN=Debra Harrington,OU=SupplyChain,DC=northwind,DC=local",Debra Harrington,debra.harrington@northwindmaterials.com,TRUE,134275188648524576,All-Employees;Supply-Chain-All,Supply Chain Analyst - Supply Chain
christopher.munoz,"CN=Christopher Munoz,OU=Engineering,DC=northwind,DC=local",Christopher Munoz,christopher.munoz@northwindmaterials.com,TRUE,134255536312660784,All-Employees;Engineering-All,Senior Software Engineer - Engineering
dustin.schmidt,"CN=Dustin Schmidt,OU=Finance,DC=northwind,DC=local",Dustin Schmidt,dustin.schmidt@northwindmaterials.com,TRUE,134264248735273920,All-Employees;Finance-All,Financial Analyst - Finance
rebecca.ward,"CN=Rebecca Ward,OU=CustomerSuccess,DC=northwind,DC=local",Rebecca Ward,rebecca.ward@northwindmaterials.com,TRUE,134323262062299216,All-Employees;Customer-Success-All,Customer Success Associate - Customer Success
nathan.herring,"CN=Nathan Herring,OU=Manufacturing,DC=northwind,DC=local",Nathan Herring,nathan.herring@northwindmaterials.com,TRUE,134325954049849248,All-Employees;Manufacturing-All;Plant-Ops-Leads,Plant Technician - Manufacturing
ctr.crystal.mueller,"CN=Crystal Mueller,OU=Contractors,DC=northwind,DC=local",Crystal Mueller,crystal.mueller@contractor.northwindmaterials.com,TRUE,134315062069302576,Contractors-All;All-Employees,Contractor - Staffing Partner B - vendor engagement
angela.smith,"CN=Angela Smith,OU=InformationTechnology,DC=northwind,DC=local",Angela Smith,angela.smith@northwindmaterials.com,TRUE,134280127746007088,All-Employees;Information-Technology-All,Systems Administrator - Information Technology
pamela.sanchez,"CN=Pamela Sanchez,OU=SupplyChain,DC=northwind,DC=local",Pamela Sanchez,pamela.sanchez@northwindmaterials.com,TRUE,134259795322393680,All-Employees;Supply-Chain-All,"Manager, Supply Chain - Supply Chain"
donald.shah,"CN=Donald Shah,OU=SupplyChain,DC=northwind,DC=local",Donald Shah,donald.shah@northwindmaterials.com,TRUE,134310939297087360,All-Employees;Supply-Chain-All,Supply Chain Analyst - Supply Chain
james.cruz,"CN=James Cruz,OU=InformationTechnology,DC=northwind,DC=local",James Cruz,james.cruz@northwindmaterials.com,FALSE,134276803666191392,All-Employees;Information-Technology-All,IT Support Specialist - Information Technology
janet.harris,"CN=Janet Harris,OU=InformationTechnology,DC=northwind,DC=local",Janet Harris,janet.harris@northwindmaterials.com,TRUE,134278644685010832,All-Employees;Information-Technology-All,IT Support Specialist - Information Technology
jasmine.martin,"CN=Jasmine Martin,OU=CustomerSuccess,DC=northwind,DC=local",Jasmine Martin,jasmine.martin@northwindmaterials.com,TRUE,134319842510207392,All-Employees;Customer-Success-All,Support Specialist - Customer Success
brianna.thompson,"CN=Brianna Thompson,OU=HumanResources,DC=northwind,DC=local",Brianna Thompson,brianna.thompson@northwindmaterials.com,TRUE,134251204476562752,All-Employees;Human-Resources-All,Recruiter - Human Resources
diana.foster,"CN=Diana Foster,OU=SupplyChain,DC=northwind,DC=local",Diana Foster,diana.foster@northwindmaterials.com,TRUE,134296312457559264,All-Employees;Supply-Chain-All,Director of Supply Chain - Supply Chain
colton.hardy,"CN=Colton Hardy,OU=Finance,DC=northwind,DC=local",Colton Hardy,colton.hardy@northwindmaterials.com,TRUE,134266417938023808,All-Employees;Finance-All,AP Specialist - Finance
matthew.shelton,"CN=Matthew Shelton,OU=SupplyChain,DC=northwind,DC=local",Matthew Shelton,matthew.shelton@northwindmaterials.com,TRUE,134307106013706048,All-Employees;Supply-Chain-All,Procurement Specialist - Supply Chain
nathaniel.williamson,"CN=Nathaniel Williamson,OU=Finance,DC=northwind,DC=local",Nathaniel Williamson,nathaniel.williamson@northwindmaterials.com,TRUE,134259108561627024,All-Employees;Finance-All,Accountant - Finance
stefanie.gonzalez,"CN=Stefanie Gonzalez,OU=QualityAssurance,DC=northwind,DC=local",Stefanie Gonzalez,stefanie.gonzalez@northwindmaterials.com,TRUE,134261609819946704,All-Employees;Quality-Assurance-All,QA Analyst - Quality Assurance
audrey.aguirre,"CN=Audrey Aguirre,OU=Engineering,DC=northwind,DC=local",Audrey Aguirre,audrey.aguirre@northwindmaterials.com,FALSE,134272950390714672,All-Employees;Engineering-All,Senior Software Engineer - Engineering
jill.brown,"CN=Jill Brown,OU=QualityAssurance,DC=northwind,DC=local",Jill Brown,jill.brown@northwindmaterials.com,TRUE,134259133258098768,All-Employees;Quality-Assurance-All,Quality Inspector - Quality Assurance
amanda.myers,"CN=Amanda Myers,OU=SupplyChain,DC=northwind,DC=local",Amanda Myers,amanda.myers@northwindmaterials.com,TRUE,134319489248874928,All-Employees;Supply-Chain-All,Procurement Specialist - Supply Chain
monica.harvey,"CN=Monica Harvey,OU=SupplyChain,DC=northwind,DC=local",Monica Harvey,monica.harvey@northwindmaterials.com,TRUE,134252455626201744,All-Employees;Supply-Chain-All,Procurement Specialist - Supply Chain
melissa.gilbert,"CN=Melissa Gilbert,OU=Engineering,DC=northwind,DC=local",Melissa Gilbert,melissa.gilbert@northwindmaterials.com,TRUE,134296420103841856,All-Employees;Engineering-All,Software Engineer - Engineering
donald.collins,"CN=Donald Collins,OU=CustomerSuccess,DC=northwind,DC=local",Donald Collins,donald.collins@northwindmaterials.com,TRUE,134259546548040656,All-Employees;Customer-Success-All,Support Specialist - Customer Success
tamara.novak,"CN=Tamara Novak,OU=Legal,DC=northwind,DC=local",Tamara Novak,tamara.novak@northwindmaterials.com,TRUE,134262664295891552,All-Employees;Legal-All,Paralegal - Legal
robert.adkins,"CN=Robert Adkins,OU=HumanResources,DC=northwind,DC=local",Robert Adkins,robert.adkins@northwindmaterials.com,TRUE,134300593064692112,All-Employees;Human-Resources-All,Recruiter - Human Resources
angela.ramirez,"CN=Angela Ramirez,OU=Finance,DC=northwind,DC=local",Angela Ramirez,angela.ramirez@northwindmaterials.com,TRUE,134300771304175632,All-Employees;Finance-All,Financial Analyst - Finance
tamara.carter,"CN=Tamara Carter,OU=Manufacturing,DC=northwind,DC=local",Tamara Carter,tamara.carter@northwindmaterials.com,TRUE,134275932577526576,All-Employees;Manufacturing-All;Plant-Ops-Leads,Production Associate - Manufacturing
ctr.adrienne.spence,"CN=Adrienne Spence,OU=Contractors,DC=northwind,DC=local",Adrienne Spence,adrienne.spence@contractor.northwindmaterials.com,TRUE,134259238369764768,Contractors-All;All-Employees,Contractor - Staffing Partner B - vendor engagement
michael.garner,"CN=Michael Garner,OU=CustomerSuccess,DC=northwind,DC=local",Michael Garner,michael.garner@northwindmaterials.com,TRUE,134317759013203520,All-Employees;Customer-Success-All,Customer Success Associate - Customer Success
lisa.gonzales,"CN=Lisa Gonzales,OU=Finance,DC=northwind,DC=local",Lisa Gonzales,lisa.gonzales@northwindmaterials.com,TRUE,134324082538612416,All-Employees;Finance-All,AP Specialist - Finance
michael.obrien,"CN=Michael Obrien,OU=SupplyChain,DC=northwind,DC=local",Michael Obrien,michael.obrien@northwindmaterials.com,TRUE,134308420632229104,All-Employees;Supply-Chain-All,Supply Chain Analyst - Supply Chain
adam.wise,"CN=Adam Wise,OU=QualityAssurance,DC=northwind,DC=local",Adam Wise,adam.wise@northwindmaterials.com,TRUE,134297416179955024,All-Employees;Quality-Assurance-All,"Manager, Quality Assurance - Quality Assurance"
christopher.parker,"CN=Christopher Parker,OU=Legal,DC=northwind,DC=local",Christopher Parker,christopher.parker@northwindmaterials.com,TRUE,134270796843301456,All-Employees;Legal-All,Paralegal - Legal
danielle.tanner,"CN=Danielle Tanner,OU=SupplyChain,DC=northwind,DC=local",Danielle Tanner,danielle.tanner@northwindmaterials.com,TRUE,134311344682552368,All-Employees;Supply-Chain-All,Supply Chain Analyst - Supply Chain
kyle.thornton,"CN=Kyle Thornton,OU=SupplyChain,DC=northwind,DC=local",Kyle Thornton,kyle.thornton@northwindmaterials.com,TRUE,134282327474278800,All-Employees;Supply-Chain-All,Procurement Specialist - Supply Chain
julie.hamilton,"CN=Julie Hamilton,OU=Engineering,DC=northwind,DC=local",Julie Hamilton,julie.hamilton@northwindmaterials.com,TRUE,134314552948000704,All-Employees;Engineering-All,Software Engineer - Engineering
mitchell.clark,"CN=Mitchell Clark,OU=InformationTechnology,DC=northwind,DC=local",Mitchell Clark,mitchell.clark@northwindmaterials.com,TRUE,134292153803298128,All-Employees;Information-Technology-All,Director of Information Technology - Information Technology
emily.freeman,"CN=Emily Freeman,OU=InformationTechnology,DC=northwind,DC=local",Emily Freeman,emily.freeman@northwindmaterials.com,FALSE,134257302180183424,All-Employees;Information-Technology-All,Systems Administrator - Information Technology
annette.levine,"CN=Annette Levine,OU=Finance,DC=northwind,DC=local",Annette Levine,annette.levine@northwindmaterials.com,TRUE,134269515004314544,All-Employees;Finance-All,Accountant - Finance
matthew.collins,"CN=Matthew Collins,OU=HumanResources,DC=northwind,DC=local",Matthew Collins,matthew.collins@northwindmaterials.com,TRUE,134290949532388480,All-Employees;Human-Resources-All,HR Generalist - Human Resources
michael.brown,"CN=Michael Brown,OU=Finance,DC=northwind,DC=local",Michael Brown,michael.brown@northwindmaterials.com,TRUE,134324390456676432,All-Employees;Finance-All,AP Specialist - Finance
ctr.kimberly.hartman,"CN=Kimberly Hartman,OU=Contractors,DC=northwind,DC=local",Kimberly Hartman,kimberly.hartman@contractor.northwindmaterials.com,TRUE,134309413649679408,Contractors-All;All-Employees,Contractor - Staffing Partner A - vendor engagement
jeanette.colon,"CN=Jeanette Colon,OU=Engineering,DC=northwind,DC=local",Jeanette Colon,jeanette.colon@northwindmaterials.com,TRUE,134307499058791200,All-Employees;Engineering-All,DevOps Engineer - Engineering
mark.green,"CN=Mark Green,OU=CustomerSuccess,DC=northwind,DC=local",Mark Green,mark.green@northwindmaterials.com,TRUE,134252640339329792,All-Employees;Customer-Success-All,Support Specialist - Customer Success
nicholas.johnson,"CN=Nicholas Johnson,OU=CustomerSuccess,DC=northwind,DC=local",Nicholas Johnson,nicholas.johnson@northwindmaterials.com,FALSE,134257960122646368,All-Employees;Customer-Success-All,Customer Success Associate - Customer Success
keith.cabrera,"CN=Keith Cabrera,OU=Finance,DC=northwind,DC=local",Keith Cabrera,keith.cabrera@northwindmaterials.com,TRUE,134310986713711552,All-Employees;Finance-All,Financial Analyst - Finance
daniel.bruce,"CN=Daniel Bruce,OU=InformationTechnology,DC=northwind,DC=local",Daniel Bruce,daniel.bruce@northwindmaterials.com,TRUE,134302195412213216,All-Employees;Information-Technology-All,Network Engineer - Information Technology
larry.byrd,"CN=Larry Byrd,OU=Manufacturing,DC=northwind,DC=local",Larry Byrd,larry.byrd@northwindmaterials.com,TRUE,134251676821678976,All-Employees;Manufacturing-All,Line Supervisor - Manufacturing
christopher.wright,"CN=Christopher Wright,OU=Manufacturing,DC=northwind,DC=local",Christopher Wright,christopher.wright@northwindmaterials.com,TRUE,134318066176704384,All-Employees;Manufacturing-All,Production Associate - Manufacturing
shannon.bailey,"CN=Shannon Bailey,OU=SupplyChain,DC=northwind,DC=local",Shannon Bailey,shannon.bailey@northwindmaterials.com,TRUE,134321166367125872,All-Employees;Supply-Chain-All,Procurement Specialist - Supply Chain
amy.levine,"CN=Amy Levine,OU=Legal,DC=northwind,DC=local",Amy Levine,amy.levine@northwindmaterials.com,TRUE,134305041087275680,All-Employees;Legal-All,Compliance Analyst - Legal
joshua.walker,"CN=Joshua Walker,OU=Manufacturing,DC=northwind,DC=local",Joshua Walker,joshua.walker@northwindmaterials.com,TRUE,134298844946432912,All-Employees;Manufacturing-All;Plant-Ops-Leads,VP of Manufacturing - Manufacturing
ashley.andrews,"CN=Ashley Andrews,OU=Legal,DC=northwind,DC=local",Ashley Andrews,ashley.andrews@northwindmaterials.com,TRUE,134303321123550400,All-Employees;Legal-All,Compliance Analyst - Legal
lori.oconnell,"CN=Lori Oconnell,OU=Engineering,DC=northwind,DC=local",Lori Oconnell,lori.oconnell@northwindmaterials.com,TRUE,134280685566445024,All-Employees;Engineering-All,DevOps Engineer - Engineering
gregory.watkins,"CN=Gregory Watkins,OU=CustomerSuccess,DC=northwind,DC=local",Gregory Watkins,gregory.watkins@northwindmaterials.com,TRUE,134282582699987104,All-Employees;Customer-Success-All,Customer Success Associate - Customer Success
amy.gibbs,"CN=Amy Gibbs,OU=Manufacturing,DC=northwind,DC=local",Amy Gibbs,amy.gibbs@northwindmaterials.com,TRUE,134280251102312000,All-Employees;Manufacturing-All,Machine Operator - Manufacturing
tina.cardenas,"CN=Tina Cardenas,OU=Engineering,DC=northwind,DC=local",Tina Cardenas,tina.cardenas@northwindmaterials.com,TRUE,134301513282236960,All-Employees;Engineering-All,DevOps Engineer - Engineering
cynthia.diaz,"CN=Cynthia Diaz,OU=Legal,DC=northwind,DC=local",Cynthia Diaz,cynthia.diaz@northwindmaterials.com,FALSE,134289191138063808,All-Employees;Legal-All,Director of Legal - Legal
lorraine.foster,"CN=Lorraine Foster,OU=SupplyChain,DC=northwind,DC=local",Lorraine Foster,lorraine.foster@northwindmaterials.com,TRUE,134310068133996256,All-Employees;Supply-Chain-All,Procurement Specialist - Supply Chain
svc-ok12,"CN=svc-ok12,OU=ServiceAccounts,DC=northwind,DC=local",svc-ok12,svc-ok12@northwindmaterials.com,TRUE,134318245883827312,Service-Accounts,Owned by IT Automation team
wayne.price,"CN=Wayne Price,OU=QualityAssurance,DC=northwind,DC=local",Wayne Price,wayne.price@northwindmaterials.com,TRUE,134310893021110320,All-Employees;Quality-Assurance-All,QA Analyst - Quality Assurance
lindsay.blair,"CN=Lindsay Blair,OU=Engineering,DC=northwind,DC=local",Lindsay Blair,lindsay.blair@northwindmaterials.com,TRUE,134292285616804656,All-Employees;Engineering-All,Director of Engineering - Engineering
adrienne.ellis,"CN=Adrienne Ellis,OU=Operations,DC=northwind,DC=local",Adrienne Ellis,adrienne.ellis@northwindmaterials.com,TRUE,134274946520408672,All-Employees;Operations-All,Operations Analyst - Operations
david.richardson,"CN=David Richardson,OU=InformationTechnology,DC=northwind,DC=local",David Richardson,david.richardson@northwindmaterials.com,TRUE,134271238677281440,All-Employees;Information-Technology-All,Network Engineer - Information Technology
jim.rios,"CN=Jim Rios,OU=Engineering,DC=northwind,DC=local",Jim Rios,jim.rios@northwindmaterials.com,TRUE,134307095595577008,All-Employees;Engineering-All,QA Engineer - Engineering
victoria.reyes,"CN=Victoria Reyes,OU=QualityAssurance,DC=northwind,DC=local",Victoria Reyes,victoria.reyes@northwindmaterials.com,TRUE,134264190896074944,All-Employees;Quality-Assurance-All,QA Analyst - Quality Assurance
svc-all02,"CN=svc-all02,OU=ServiceAccounts,DC=northwind,DC=local",svc-all02,svc-all02@northwindmaterials.com,TRUE,134315239932282128,Service-Accounts,Non-interactive service/CI account
courtney.hill,"CN=Courtney Hill,OU=Finance,DC=northwind,DC=local",Courtney Hill,courtney.hill@northwindmaterials.com,TRUE,134261459030782400,All-Employees;Finance-All,Accountant - Finance
anna.bradley,"CN=Anna Bradley,OU=SupplyChain,DC=northwind,DC=local",Anna Bradley,anna.bradley@northwindmaterials.com,FALSE,134270619388133264,All-Employees;Supply-Chain-All,Procurement Specialist - Supply Chain
todd.lewis,"CN=Todd Lewis,OU=Finance,DC=northwind,DC=local",Todd Lewis,todd.lewis@northwindmaterials.com,TRUE,134282301118999696,All-Employees;Finance-All,"Manager, Finance - Finance"
leslie.baldwin,"CN=Leslie Baldwin,OU=HumanResources,DC=northwind,DC=local",Leslie Baldwin,leslie.baldwin@northwindmaterials.com,TRUE,134273510522470016,All-Employees;Human-Resources-All,HR Generalist - Human Resources
john.santiago,"CN=John Santiago,OU=Manufacturing,DC=northwind,DC=local",John Santiago,john.santiago@northwindmaterials.com,TRUE,134317179084784928,All-Employees;Manufacturing-All,Plant Technician - Manufacturing
amber.campbell,"CN=Amber Campbell,OU=Finance,DC=northwind,DC=local",Amber Campbell,amber.campbell@northwindmaterials.com,TRUE,134281773456289888,All-Employees;Finance-All,Financial Analyst - Finance
joshua.guerra,"CN=Joshua Guerra,OU=SupplyChain,DC=northwind,DC=local",Joshua Guerra,joshua.guerra@northwindmaterials.com,TRUE,134268274581225952,All-Employees;Supply-Chain-All,Procurement Specialist - Supply Chain
thomas.gomez,"CN=Thomas Gomez,OU=InformationTechnology,DC=northwind,DC=local",Thomas Gomez,thomas.gomez@northwindmaterials.com,TRUE,134319569421743696,All-Employees;Information-Technology-All,Network Engineer - Information Technology
jonathan.murphy,"CN=Jonathan Murphy,OU=HumanResources,DC=northwind,DC=local",Jonathan Murphy,jonathan.murphy@northwindmaterials.com,TRUE,134299584393397824,All-Employees;Human-Resources-All,Recruiter - Human Resources
ctr.cristian.sosa,"CN=Cristian Sosa,OU=Contractors,DC=northwind,DC=local",Cristian Sosa,cristian.sosa@contractor.northwindmaterials.com,TRUE,134277292262617920,Contractors-All;All-Employees,Contractor - Staffing Partner A - vendor engagement
anne.bryan,"CN=Anne Bryan,OU=CustomerSuccess,DC=northwind,DC=local",Anne Bryan,anne.bryan@northwindmaterials.com,TRUE,134264253303342384,All-Employees;Customer-Success-All,Support Specialist - Customer Success
david.johnson,"CN=David Johnson,OU=SupplyChain,DC=northwind,DC=local",David Johnson,david.johnson@northwindmaterials.com,TRUE,134316358843332000,All-Employees;Supply-Chain-All,Procurement Specialist - Supply Chain
matthew.chavez,"CN=Matthew Chavez,OU=Finance,DC=northwind,DC=local",Matthew Chavez,matthew.chavez@northwindmaterials.com,TRUE,134280873951445984,All-Employees;Finance-All,Accountant - Finance
nichole.buck,"CN=Nichole Buck,OU=QualityAssurance,DC=northwind,DC=local",Nichole Buck,nichole.buck@northwindmaterials.com,FALSE,134282089763566192,All-Employees;Quality-Assurance-All,Quality Inspector - Quality Assurance
christopher.hamilton,"CN=Christopher Hamilton,OU=QualityAssurance,DC=northwind,DC=local",Christopher Hamilton,christopher.hamilton@northwindmaterials.com,TRUE,134251842167696928,All-Employees;Quality-Assurance-All,Quality Inspector - Quality Assurance
debra.wang,"CN=Debra Wang,OU=SupplyChain,DC=northwind,DC=local",Debra Wang,debra.wang@northwindmaterials.com,TRUE,134304029031626480,All-Employees;Supply-Chain-All,Procurement Specialist - Supply Chain
aaron.garrison,"CN=Aaron Garrison,OU=InformationTechnology,DC=northwind,DC=local",Aaron Garrison,aaron.garrison@northwindmaterials.com,TRUE,134259706890177296,All-Employees;Information-Technology-All,IT Support Specialist - Information Technology
terry.gibson,"CN=Terry Gibson,OU=QualityAssurance,DC=northwind,DC=local",Terry Gibson,terry.gibson@northwindmaterials.com,TRUE,134320209791144928,All-Employees;Quality-Assurance-All,QA Analyst - Quality Assurance
claudia.lin,"CN=Claudia Lin,OU=Operations,DC=northwind,DC=local",Claudia Lin,claudia.lin@northwindmaterials.com,TRUE,134285350396156992,All-Employees;Operations-All,Operations Analyst - Operations
christina.duran,"CN=Christina Duran,OU=Finance,DC=northwind,DC=local",Christina Duran,christina.duran@northwindmaterials.com,TRUE,134322692738121152,All-Employees;Finance-All,AP Specialist - Finance
tammy.dalton,"CN=Tammy Dalton,OU=Legal,DC=northwind,DC=local",Tammy Dalton,tammy.dalton@northwindmaterials.com,TRUE,134308644004287296,All-Employees;Legal-All,Paralegal - Legal
svc-should08,"CN=svc-should08,OU=ServiceAccounts,DC=northwind,DC=local",svc-should08,svc-should08@northwindmaterials.com,TRUE,134319274316659760,Service-Accounts,Non-interactive service/CI account
amber.may,"CN=Amber May,OU=Legal,DC=northwind,DC=local",Amber May,amber.may@northwindmaterials.com,TRUE,134304141531663040,All-Employees;Legal-All,Compliance Analyst - Legal
gabriel.parker,"CN=Gabriel Parker,OU=HumanResources,DC=northwind,DC=local",Gabriel Parker,gabriel.parker@northwindmaterials.com,TRUE,134282323073616656,All-Employees;Human-Resources-All,HR Generalist - Human Resources
alexis.tyler,"CN=Alexis Tyler,OU=Engineering,DC=northwind,DC=local",Alexis Tyler,alexis.tyler@northwindmaterials.com,TRUE,134300464789540976,All-Employees;Engineering-All,Senior Software Engineer - Engineering
diane.sweeney,"CN=Diane Sweeney,OU=Finance,DC=northwind,DC=local",Diane Sweeney,diane.sweeney@northwindmaterials.com,TRUE,134308711662325376,All-Employees;Finance-All,Accountant - Finance
daniel.smith,"CN=Daniel Smith,OU=Finance,DC=northwind,DC=local",Daniel Smith,daniels@northwindmaterials.com,TRUE,134272653070827696,All-Employees;Finance-All,Financial Analyst - Finance
ctr.melinda.delacruz,"CN=Melinda Delacruz,OU=Contractors,DC=northwind,DC=local",Melinda Delacruz,melinda.delacruz@contractor.northwindmaterials.com,TRUE,134313194252784400,Contractors-All;All-Employees,Contractor - Staffing Partner B - vendor engagement
martha.johnson,"CN=Martha Johnson,OU=Manufacturing,DC=northwind,DC=local",Martha Johnson,martha.johnson@northwindmaterials.com,TRUE,134255586072577904,All-Employees;Manufacturing-All,Plant Technician - Manufacturing
patrick.mitchell,"CN=Patrick Mitchell,OU=SupplyChain,DC=northwind,DC=local",Patrick Mitchell,patrick.mitchell@northwindmaterials.com,TRUE,134317152686239712,All-Employees;Supply-Chain-All,Supply Chain Analyst - Supply Chain
melissa.jones,"CN=Melissa Jones,OU=QualityAssurance,DC=northwind,DC=local",Melissa Jones,melissa.jones@northwindmaterials.com,TRUE,134280962363671360,All-Employees;Quality-Assurance-All,Quality Inspector - Quality Assurance
amanda.robinson,"CN=Amanda Robinson,OU=SupplyChain,DC=northwind,DC=local",Amanda Robinson,amanda.robinson@northwindmaterials.com,TRUE,134304378771502912,All-Employees;Supply-Chain-All,Procurement Specialist - Supply Chain
christopher.stephens,"CN=Christopher Stephens,OU=Finance,DC=northwind,DC=local",Christopher Stephens,christopher.stephens@northwindmaterials.com,TRUE,134262553487123456,All-Employees;Finance-All,Accountant - Finance
andrew.hernandez,"CN=Andrew Hernandez,OU=Finance,DC=northwind,DC=local",Andrew Hernandez,andrew.hernandez@northwindmaterials.com,FALSE,134303779913086160,All-Employees;Finance-All,AP Specialist - Finance
margaret.adams,"CN=Margaret Adams,OU=SupplyChain,DC=northwind,DC=local",Margaret Adams,margaret.adams@northwindmaterials.com,FALSE,134303685083092096,All-Employees;Supply-Chain-All,Procurement Specialist - Supply Chain
christina.robinson,"CN=Christina Robinson,OU=Manufacturing,DC=northwind,DC=local",Christina Robinson,christina.robinson@northwindmaterials.com,TRUE,134315494754331728,All-Employees;Manufacturing-All,Production Associate - Manufacturing
alexandra.donovan,"CN=Alexandra Donovan,OU=SupplyChain,DC=northwind,DC=local",Alexandra Donovan,alexandra.donovan@northwindmaterials.com,TRUE,134259450498924720,All-Employees;Supply-Chain-All,"Manager, Supply Chain - Supply Chain"
michael.jones,"CN=Michael Jones,OU=HumanResources,DC=northwind,DC=local",Michael Jones,michael.jones@northwindmaterials.com,TRUE,134254994593658880,All-Employees;Human-Resources-All,"Manager, Human Resources - Human Resources"
rachel.stewart,"CN=Rachel Stewart,OU=Finance,DC=northwind,DC=local",Rachel Stewart,rachel.stewart@northwindmaterials.com,TRUE,134309830278925872,All-Employees;Finance-All,AP Specialist - Finance
thomas.atkinson,"CN=Thomas Atkinson,OU=Engineering,DC=northwind,DC=local",Thomas Atkinson,thomas.atkinson@northwindmaterials.com,FALSE,134256462217983792,All-Employees;Engineering-All,Software Engineer - Engineering
russell.campbell,"CN=Russell Campbell,OU=SupplyChain,DC=northwind,DC=local",Russell Campbell,russell.campbell@northwindmaterials.com,TRUE,134281295322604784,All-Employees;Supply-Chain-All,Procurement Specialist - Supply Chain
maria.horton,"CN=Maria Horton,OU=Engineering,DC=northwind,DC=local",Maria Horton,maria.horton@northwindmaterials.com,TRUE,134279800444607984,All-Employees;Engineering-All,DevOps Engineer - Engineering
ctr.james.newman,"CN=James Newman,OU=Contractors,DC=northwind,DC=local",James Newman,james.newman@contractor.northwindmaterials.com,TRUE,134313936040188640,Contractors-All;All-Employees,Contractor - Staffing Partner A - vendor engagement
antonio.cervantes,"CN=Antonio Cervantes,OU=QualityAssurance,DC=northwind,DC=local",Antonio Cervantes,antonio.cervantes@northwindmaterials.com,TRUE,134259953525335424,All-Employees;Quality-Assurance-All,QA Analyst - Quality Assurance
madeline.richardson,"CN=Madeline Richardson,OU=CustomerSuccess,DC=northwind,DC=local",Madeline Richardson,madeline.richardson@northwindmaterials.com,TRUE,134260537091656912,All-Employees;Customer-Success-All,Support Specialist - Customer Success
vincent.white,"CN=Vincent White,OU=Engineering,DC=northwind,DC=local",Vincent White,vincent.white@northwindmaterials.com,TRUE,134257206950054688,All-Employees;Engineering-All,"Manager, Engineering - Engineering"
kristina.smith,"CN=Kristina Smith,OU=Engineering,DC=northwind,DC=local",Kristina Smith,kristina.smith@northwindmaterials.com,TRUE,134277778397660272,All-Employees;Engineering-All,DevOps Engineer - Engineering
christopher.tucker,"CN=Christopher Tucker,OU=Legal,DC=northwind,DC=local",Christopher Tucker,christopher.tucker@northwindmaterials.com,TRUE,134310200705392208,All-Employees;Legal-All,"Manager, Legal - Legal"
ctr.charles.mcdaniel,"CN=Charles Mcdaniel,OU=Contractors,DC=northwind,DC=local",Charles Mcdaniel,charles.mcdaniel@contractor.northwindmaterials.com,TRUE,134278687779768464,Contractors-All;All-Employees,Contractor - Staffing Partner B - vendor engagement
stephanie.black,"CN=Stephanie Black,OU=SupplyChain,DC=northwind,DC=local",Stephanie Black,stephanie.black@northwindmaterials.com,TRUE,134281456569579216,All-Employees;Supply-Chain-All,Procurement Specialist - Supply Chain
kelly.hughes,"CN=Kelly Hughes,OU=Finance,DC=northwind,DC=local",Kelly Hughes,kelly.hughes@northwindmaterials.com,TRUE,134308037485526048,All-Employees;Finance-All,Financial Analyst - Finance
sarah.andrews,"CN=Sarah Andrews,OU=Operations,DC=northwind,DC=local",Sarah Andrews,sarah.andrews@northwindmaterials.com,TRUE,134268929743779456,All-Employees;Operations-All,Logistics Coordinator - Operations
randy.garcia,"CN=Randy Garcia,OU=Finance,DC=northwind,DC=local",Randy Garcia,randy.garcia@northwindmaterials.com,TRUE,134259428014514816,All-Employees;Finance-All,Accountant - Finance
ctr.robert.bell,"CN=Robert Bell,OU=Contractors,DC=northwind,DC=local",Robert Bell,robert.bell@contractor.northwindmaterials.com,TRUE,134291690235177712,Contractors-All;All-Employees,Contractor - Staffing Partner B - vendor engagement
lindsey.martinez,"CN=Lindsey Martinez,OU=InformationTechnology,DC=northwind,DC=local",Lindsey Martinez,lindsey.martinez@northwindmaterials.com,TRUE,134297602511360144,All-Employees;Information-Technology-All,Systems Administrator - Information Technology
emma.alvarado,"CN=Emma Alvarado,OU=Legal,DC=northwind,DC=local",Emma Alvarado,emma.alvarado@northwindmaterials.com,TRUE,134298261385223328,All-Employees;Legal-All,Compliance Analyst - Legal
ctr.lawrence.may,"CN=Lawrence May,OU=Contractors,DC=northwind,DC=local",Lawrence May,lawrence.may@contractor.northwindmaterials.com,TRUE,134313835246140144,Contractors-All;All-Employees,Contractor - Staffing Partner A - vendor engagement
meghan.valencia,"CN=Meghan Valencia,OU=CustomerSuccess,DC=northwind,DC=local",Meghan Valencia,meghan.valencia@northwindmaterials.com,TRUE,134261599002125232,All-Employees;Customer-Success-All,Support Specialist - Customer Success
veronica.torres,"CN=Veronica Torres,OU=QualityAssurance,DC=northwind,DC=local",Veronica Torres,veronica.torres@northwindmaterials.com,TRUE,134286998458270096,All-Employees;Quality-Assurance-All,QA Analyst - Quality Assurance
victor.pena,"CN=Victor Pena,OU=QualityAssurance,DC=northwind,DC=local",Victor Pena,victor.pena@northwindmaterials.com,TRUE,134268415536679408,All-Employees;Quality-Assurance-All,QA Analyst - Quality Assurance
erica.sloan,"CN=Erica Sloan,OU=SupplyChain,DC=northwind,DC=local",Erica Sloan,erica.sloan@northwindmaterials.com,TRUE,134260769427318992,All-Employees;Supply-Chain-All,Supply Chain Analyst - Supply Chain
manuel.brewer,"CN=Manuel Brewer,OU=CustomerSuccess,DC=northwind,DC=local",Manuel Brewer,manuel.brewer@northwindmaterials.com,TRUE,134250912822086080,All-Employees;Customer-Success-All,Customer Success Associate - Customer Success
george.miller,"CN=George Miller,OU=Manufacturing,DC=northwind,DC=local",George Miller,george.miller@northwindmaterials.com,TRUE,134306850677798160,All-Employees;Manufacturing-All,Plant Technician - Manufacturing
dylan.lester,"CN=Dylan Lester,OU=Engineering,DC=northwind,DC=local",Dylan Lester,dylan.lester@northwindmaterials.com,TRUE,134275518169827392,All-Employees;Engineering-All,Senior Software Engineer - Engineering
michael.chambers,"CN=Michael Chambers,OU=CustomerSuccess,DC=northwind,DC=local",Michael Chambers,michael.chambers@northwindmaterials.com,TRUE,134318641088357184,All-Employees;Customer-Success-All,Support Specialist - Customer Success
caitlyn.morgan,"CN=Caitlyn Morgan,OU=Manufacturing,DC=northwind,DC=local",Caitlyn Morgan,caitlynm@northwindmaterials.com,TRUE,134284888656039792,All-Employees;Manufacturing-All,Machine Operator - Manufacturing
jean.miles,"CN=Jean Miles,OU=Engineering,DC=northwind,DC=local",Jean Miles,jean.miles@northwindmaterials.com,TRUE,134325133892387328,All-Employees;Engineering-All,QA Engineer - Engineering
zoe.peters,"CN=Zoe Peters,OU=Finance,DC=northwind,DC=local",Zoe Peters,zoe.peters@northwindmaterials.com,TRUE,134286669279947536,All-Employees;Finance-All,Financial Analyst - Finance
patrick.evans,"CN=Patrick Evans,OU=SupplyChain,DC=northwind,DC=local",Patrick Evans,patrick.evans@northwindmaterials.com,TRUE,134277551631284128,All-Employees;Supply-Chain-All,Supply Chain Analyst - Supply Chain
ctr.omar.mayer,"CN=Omar Mayer,OU=Contractors,DC=northwind,DC=local",Omar Mayer,omar.mayer@contractor.northwindmaterials.com,TRUE,134277617676932960,Contractors-All;All-Employees,Contractor - Staffing Partner B - vendor engagement
ctr.kenneth.thomas,"CN=Kenneth Thomas,OU=Contractors,DC=northwind,DC=local",Kenneth Thomas,kenneth.thomas@contractor.northwindmaterials.com,TRUE,134315861557131328,Contractors-All;All-Employees,Contractor - Staffing Partner B - vendor engagement
timothy.ballard,"CN=Timothy Ballard,OU=QualityAssurance,DC=northwind,DC=local",Timothy Ballard,timothy.ballard@northwindmaterials.com,TRUE,134308100717620624,All-Employees;Quality-Assurance-All,Quality Inspector - Quality Assurance
mitchell.peters,"CN=Mitchell Peters,OU=Engineering,DC=northwind,DC=local",Mitchell Peters,mitchell.peters@northwindmaterials.com,TRUE,134256135785085776,All-Employees;Engineering-All,Senior Software Engineer - Engineering
nathan.dickerson,"CN=Nathan Dickerson,OU=HumanResources,DC=northwind,DC=local",Nathan Dickerson,nathan.dickerson@northwindmaterials.com,TRUE,134303513072229952,All-Employees;Human-Resources-All,HR Generalist - Human Resources
tasha.valencia,"CN=Tasha Valencia,OU=Operations,DC=northwind,DC=local",Tasha Valencia,tasha.valencia@northwindmaterials.com,TRUE,134294063073230096,All-Employees;Operations-All,"Manager, Operations - Operations"
natasha.kelley,"CN=Natasha Kelley,OU=SupplyChain,DC=northwind,DC=local",Natasha Kelley,natasha.kelley@northwindmaterials.com,TRUE,134284990403083504,All-Employees;Supply-Chain-All,Procurement Specialist - Supply Chain
jonathan.rodriguez,"CN=Jonathan Rodriguez,OU=Engineering,DC=northwind,DC=local",Jonathan Rodriguez,jonathan.rodriguez@northwindmaterials.com,TRUE,134314955488679584,All-Employees;Engineering-All,Senior Software Engineer - Engineering
gail.scott,"CN=Gail Scott,OU=SupplyChain,DC=northwind,DC=local",Gail Scott,gail.scott@northwindmaterials.com,TRUE,134268870867859504,All-Employees;Supply-Chain-All,Supply Chain Analyst - Supply Chain
michael.morales,"CN=Michael Morales,OU=QualityAssurance,DC=northwind,DC=local",Michael Morales,michael.morales@northwindmaterials.com,FALSE,134276151317530976,All-Employees;Quality-Assurance-All,Quality Inspector - Quality Assurance
tyler.compton,"CN=Tyler Compton,OU=QualityAssurance,DC=northwind,DC=local",Tyler Compton,tyler.compton@northwindmaterials.com,TRUE,134298063012401424,All-Employees;Quality-Assurance-All,QA Analyst - Quality Assurance
kathryn.best,"CN=Kathryn Best,OU=InformationTechnology,DC=northwind,DC=local",Kathryn Best,kathryn.best@northwindmaterials.com,FALSE,134310566255153920,All-Employees;Information-Technology-All,Network Engineer - Information Technology
ctr.sara.garcia,"CN=Sara Garcia,OU=Contractors,DC=northwind,DC=local",Sara Garcia,sara.garcia@contractor.northwindmaterials.com,TRUE,134284041476999568,Contractors-All;All-Employees,Contractor - Staffing Partner A - vendor engagement
omar.smith,"CN=Omar Smith,OU=CustomerSuccess,DC=northwind,DC=local",Omar Smith,omar.smith@northwindmaterials.com,TRUE,134292178540301552,All-Employees;Customer-Success-All,Customer Success Associate - Customer Success
megan.morris,"CN=Megan Morris,OU=Engineering,DC=northwind,DC=local",Megan Morris,megan.morris@northwindmaterials.com,TRUE,134303658222306976,All-Employees;Engineering-All,Senior Software Engineer - Engineering
amber.williams,"CN=Amber Williams,OU=Manufacturing,DC=northwind,DC=local",Amber Williams,amber.williams@northwindmaterials.com,TRUE,134283115924591904,All-Employees;Manufacturing-All,Line Supervisor - Manufacturing
nicole.vasquez,"CN=Nicole Vasquez,OU=QualityAssurance,DC=northwind,DC=local",Nicole Vasquez,nicole.vasquez@northwindmaterials.com,TRUE,134287416361708544,All-Employees;Quality-Assurance-All,Quality Inspector - Quality Assurance
ctr.bianca.johnson,"CN=Bianca Johnson,OU=Contractors,DC=northwind,DC=local",Bianca Johnson,bianca.johnson@contractor.northwindmaterials.com,TRUE,134272050970747856,Contractors-All;All-Employees,Contractor - Staffing Partner A - vendor engagement
john.garcia,"CN=John Garcia,OU=SupplyChain,DC=northwind,DC=local",John Garcia,john.garcia@northwindmaterials.com,TRUE,134326253597490752,All-Employees;Supply-Chain-All,"Manager, Supply Chain - Supply Chain"
alexandra.logan,"CN=Alexandra Logan,OU=Operations,DC=northwind,DC=local",Alexandra Logan,alexandra.logan@northwindmaterials.com,TRUE,134313026025025008,All-Employees;Operations-All,Operations Analyst - Operations
joseph.jacobs,"CN=Joseph Jacobs,OU=SupplyChain,DC=northwind,DC=local",Joseph Jacobs,joseph.jacobs@northwindmaterials.com,TRUE,134291179919893056,All-Employees;Supply-Chain-All,"Manager, Supply Chain - Supply Chain"
cindy.johnson,"CN=Cindy Johnson,OU=InformationTechnology,DC=northwind,DC=local",Cindy Johnson,cindy.johnson@northwindmaterials.com,TRUE,134313013755066464,All-Employees;Information-Technology-All,Network Engineer - Information Technology
jose.russell,"CN=Jose Russell,OU=Finance,DC=northwind,DC=local",Jose Russell,jose.russell@northwindmaterials.com,TRUE,134305287260004848,All-Employees;Finance-All,Accountant - Finance
ellen.gonzalez,"CN=Ellen Gonzalez,OU=Manufacturing,DC=northwind,DC=local",Ellen Gonzalez,ellen.gonzalez@northwindmaterials.com,TRUE,134253291105382080,All-Employees;Manufacturing-All;Plant-Ops-Leads,Plant Technician - Manufacturing
erika.tucker,"CN=Erika Tucker,OU=QualityAssurance,DC=northwind,DC=local",Erika Tucker,erika.tucker@northwindmaterials.com,TRUE,134289857750774912,All-Employees;Quality-Assurance-All,QA Analyst - Quality Assurance
laurie.brown,"CN=Laurie Brown,OU=Finance,DC=northwind,DC=local",Laurie Brown,laurie.brown@northwindmaterials.com,TRUE,134277431066640032,All-Employees;Finance-All,Accountant - Finance
bobby.logan,"CN=Bobby Logan,OU=QualityAssurance,DC=northwind,DC=local",Bobby Logan,bobby.logan@northwindmaterials.com,TRUE,134303882816957952,All-Employees;Quality-Assurance-All,QA Analyst - Quality Assurance
melinda.christian,"CN=Melinda Christian,OU=CustomerSuccess,DC=northwind,DC=local",Melinda Christian,melinda.christian@northwindmaterials.com,TRUE,134279379536647536,All-Employees;Customer-Success-All,Customer Success Associate - Customer Success
ctr.dale.stevens,"CN=Dale Stevens,OU=Contractors,DC=northwind,DC=local",Dale Stevens,dale.stevens@contractor.northwindmaterials.com,TRUE,134295844751803888,Contractors-All;All-Employees,Contractor - Staffing Partner A - vendor engagement
chad.hodges,"CN=Chad Hodges,OU=Finance,DC=northwind,DC=local",Chad Hodges,chad.hodges@northwindmaterials.com,TRUE,134255199681459520,All-Employees;Finance-All,"Manager, Finance - Finance"
margaret.robertson,"CN=Margaret Robertson,OU=QualityAssurance,DC=northwind,DC=local",Margaret Robertson,margaret.robertson@northwindmaterials.com,TRUE,134300349410127968,All-Employees;Quality-Assurance-All,Quality Inspector - Quality Assurance
william.bates,"CN=William Bates,OU=QualityAssurance,DC=northwind,DC=local",William Bates,william.bates@northwindmaterials.com,TRUE,134260599344704816,All-Employees;Quality-Assurance-All,Quality Inspector - Quality Assurance
angela.greene,"CN=Angela Greene,OU=CustomerSuccess,DC=northwind,DC=local",Angela Greene,angela.greene@northwindmaterials.com,TRUE,134297371632118384,All-Employees;Customer-Success-All,Customer Success Associate - Customer Success
courtney.flowers,"CN=Courtney Flowers,OU=Finance,DC=northwind,DC=local",Courtney Flowers,courtney.flowers@northwindmaterials.com,TRUE,134301781842208368,All-Employees;Finance-All,Financial Analyst - Finance
gloria.martin,"CN=Gloria Martin,OU=Legal,DC=northwind,DC=local",Gloria Martin,gloria.martin@northwindmaterials.com,TRUE,134256159178199792,All-Employees;Legal-All,Compliance Analyst - Legal
destiny.smith,"CN=Destiny Smith,OU=QualityAssurance,DC=northwind,DC=local",Destiny Smith,destiny.smith@northwindmaterials.com,TRUE,134298208863144912,All-Employees;Quality-Assurance-All,"Manager, Quality Assurance - Quality Assurance"
manuel.moon,"CN=Manuel Moon,OU=Manufacturing,DC=northwind,DC=local",Manuel Moon,manuel.moon@northwindmaterials.com,TRUE,134254590442200000,All-Employees;Manufacturing-All;Plant-Ops-Leads,Production Associate - Manufacturing
ctr.megan.barker,"CN=Megan Barker,OU=Contractors,DC=northwind,DC=local",Megan Barker,megan.barker@contractor.northwindmaterials.com,TRUE,134283527507913792,Contractors-All;All-Employees,Contractor - Staffing Partner B - vendor engagement
gina.fox,"CN=Gina Fox,OU=Finance,DC=northwind,DC=local",Gina Fox,gina.fox@northwindmaterials.com,TRUE,134267556338077920,All-Employees;Finance-All,AP Specialist - Finance
savannah.roberson,"CN=Savannah Roberson,OU=Finance,DC=northwind,DC=local",Savannah Roberson,savannah.roberson@northwindmaterials.com,TRUE,134265240530896256,All-Employees;Finance-All,Accountant - Finance
ryan.khan,"CN=Ryan Khan,OU=InformationTechnology,DC=northwind,DC=local",Ryan Khan,ryan.khan@northwindmaterials.com,TRUE,134280247490967344,All-Employees;Information-Technology-All,IT Support Specialist - Information Technology
brittany.escobar,"CN=Brittany Escobar,OU=HumanResources,DC=northwind,DC=local",Brittany Escobar,brittany.escobar@northwindmaterials.com,TRUE,134322863207131600,All-Employees;Human-Resources-All,Recruiter - Human Resources
samantha.riddle,"CN=Samantha Riddle,OU=Operations,DC=northwind,DC=local",Samantha Riddle,samantha.riddle@northwindmaterials.com,TRUE,134312833446576256,All-Employees;Operations-All,Logistics Coordinator - Operations
kevin.miller,"CN=Kevin Miller,OU=Manufacturing,DC=northwind,DC=local",Kevin Miller,kevin.miller@northwindmaterials.com,TRUE,134265825119956416,All-Employees;Manufacturing-All,Plant Technician - Manufacturing
lisa.adams,"CN=Lisa Adams,OU=QualityAssurance,DC=northwind,DC=local",Lisa Adams,lisa.adams@northwindmaterials.com,TRUE,134314347284310800,All-Employees;Quality-Assurance-All,Quality Inspector - Quality Assurance
kristin.sanchez,"CN=Kristin Sanchez,OU=CustomerSuccess,DC=northwind,DC=local",Kristin Sanchez,kristin.sanchez@northwindmaterials.com,TRUE,134295840483452912,All-Employees;Customer-Success-All,Customer Success Associate - Customer Success
randy.velasquez,"CN=Randy Velasquez,OU=CustomerSuccess,DC=northwind,DC=local",Randy Velasquez,randy.velasquez@northwindmaterials.com,TRUE,134258839229985568,All-Employees;Customer-Success-All,Support Specialist - Customer Success
plant-shared-decade17,"CN=plant-shared-decade17,OU=ServiceAccounts,DC=northwind,DC=local",plant-shared-decade17,plant-shared-decade17@northwindmaterials.com,TRUE,134319156529278112,Service-Accounts,Non-interactive service/CI account
robert.hernandez,"CN=Robert Hernandez,OU=QualityAssurance,DC=northwind,DC=local",Robert Hernandez,robert.hernandez@northwindmaterials.com,TRUE,134263772630238400,All-Employees;Quality-Assurance-All,QA Analyst - Quality Assurance
samantha.schroeder,"CN=Samantha Schroeder,OU=Engineering,DC=northwind,DC=local",Samantha Schroeder,samantha.schroeder@northwindmaterials.com,TRUE,134296014326666400,All-Employees;Engineering-All,QA Engineer - Engineering
jared.bush,"CN=Bush, Jr. Jared,OU=Finance,DC=northwind,DC=local","Bush, Jr. Jared",jared.bush@northwindmaterials.com,TRUE,134258210316191872,All-Employees;Finance-All,Financial Analyst - Finance
julie.mccall,"CN=Julie Mccall,OU=SupplyChain,DC=northwind,DC=local",Julie Mccall,julie.mccall@northwindmaterials.com,TRUE,134326903801826960,All-Employees;Supply-Chain-All,Supply Chain Analyst - Supply Chain
kevin.zimmerman,"CN=Kevin Zimmerman,OU=SupplyChain,DC=northwind,DC=local",Kevin Zimmerman,kevin.zimmerman@northwindmaterials.com,TRUE,134306739553457216,All-Employees;Supply-Chain-All,Supply Chain Analyst - Supply Chain
curtis.barton,"CN=Curtis Barton,OU=QualityAssurance,DC=northwind,DC=local",Curtis Barton,curtis.barton@northwindmaterials.com,TRUE,134278986408993296,All-Employees;Quality-Assurance-All,QA Analyst - Quality Assurance
ann.moran11,"CN=Ann Moran,OU=Users,DC=northwind,DC=local",Ann Moran,ann.moran11@northwindmaterials.com,FALSE,134145183639345680,All-Employees,
joshua.knight,"CN=Joshua Knight,OU=Manufacturing,DC=northwind,DC=local",Joshua Knight,joshua.knight@northwindmaterials.com,TRUE,134312886424752688,All-Employees;Manufacturing-All,Production Associate - Manufacturing
hector.mullen,"CN=Hector Mullen,OU=SupplyChain,DC=northwind,DC=local",Hector Mullen,hector.mullen@northwindmaterials.com,TRUE,134315716760254368,All-Employees;Supply-Chain-All,Procurement Specialist - Supply Chain
meredith.tran,"CN=Meredith Tran,OU=Finance,DC=northwind,DC=local",Meredith Tran,meredith.tran@northwindmaterials.com,FALSE,134263881158636816,All-Employees;Finance-All,AP Specialist - Finance
kevin.dean,"CN=Kevin Dean,OU=CustomerSuccess,DC=northwind,DC=local",Kevin Dean,kevin.dean@northwindmaterials.com,TRUE,134268581493355792,All-Employees;Customer-Success-All,Customer Success Associate - Customer Success
casey.davis,"CN=Casey Davis,OU=Legal,DC=northwind,DC=local",Casey Davis,casey.davis@northwindmaterials.com,TRUE,134299462044545040,All-Employees;Legal-All,Paralegal - Legal
ctr.meagan.velasquez,"CN=Meagan Velasquez,OU=Contractors,DC=northwind,DC=local",Meagan Velasquez,meagan.velasquez@contractor.northwindmaterials.com,TRUE,134285933590801280,Contractors-All;All-Employees,Contractor - Staffing Partner A - vendor engagement
joshua.white,"CN=Joshua White,OU=Operations,DC=northwind,DC=local",Joshua White,joshua.white@northwindmaterials.com,TRUE,134321610801166320,All-Employees;Operations-All,Logistics Coordinator - Operations
john.wilson,"CN=John Wilson,OU=SupplyChain,DC=northwind,DC=local",John Wilson,john.wilson@northwindmaterials.com,TRUE,134252354364982960,All-Employees;Supply-Chain-All,Supply Chain Analyst - Supply Chain
erin.herrera,"CN=Erin Herrera,OU=SupplyChain,DC=northwind,DC=local",Erin Herrera,erin.herrera@northwindmaterials.com,TRUE,134263391381659088,All-Employees;Supply-Chain-All,"Manager, Supply Chain - Supply Chain"
justin.hendricks,"CN=Justin Hendricks,OU=SupplyChain,DC=northwind,DC=local",Justin Hendricks,justin.hendricks@northwindmaterials.com,TRUE,134317531342014384,All-Employees;Supply-Chain-All,Procurement Specialist - Supply Chain
courtney.mason,"CN=Courtney Mason,OU=Manufacturing,DC=northwind,DC=local",Courtney Mason,courtney.mason@northwindmaterials.com,TRUE,134297289609341024,All-Employees;Manufacturing-All,Line Supervisor - Manufacturing
dominic.thornton,"CN=Dominic Thornton,OU=Finance,DC=northwind,DC=local",Dominic Thornton,dominic.thornton@northwindmaterials.com,TRUE,134267526791571488,All-Employees;Finance-All,Accountant - Finance
tracy.stark,"CN=Tracy Stark,OU=Engineering,DC=northwind,DC=local",Tracy Stark,tracy.stark@northwindmaterials.com,TRUE,134276348643777568,All-Employees;Engineering-All,Software Engineer - Engineering
lisa.pierce,"CN=Lisa Pierce,OU=SupplyChain,DC=northwind,DC=local",Lisa Pierce,lisa.pierce@northwindmaterials.com,TRUE,134310617507492016,All-Employees;Supply-Chain-All,Supply Chain Analyst - Supply Chain
katherine.garrett,"CN=Katherine Garrett,OU=Legal,DC=northwind,DC=local",Katherine Garrett,katherine.garrett@northwindmaterials.com,TRUE,134318614006361568,All-Employees;Legal-All,Compliance Analyst - Legal
christopher.moore,"CN=Christopher Moore,OU=Manufacturing,DC=northwind,DC=local",Christopher Moore,christopher.moore@northwindmaterials.com,TRUE,134267414107033184,All-Employees;Manufacturing-All;Plant-Ops-Leads,Production Associate - Manufacturing
ctr.kelly.hernandez,"CN=Kelly Hernandez,OU=Contractors,DC=northwind,DC=local",Kelly Hernandez,kelly.hernandez@contractor.northwindmaterials.com,TRUE,134285519139903392,Contractors-All;All-Employees,Contractor - Staffing Partner A - vendor engagement
thomas.medina,"CN=Thomas Medina,OU=Finance,DC=northwind,DC=local",Thomas Medina,thomas.medina@northwindmaterials.com,TRUE,134285652677945152,All-Employees;Finance-All,Financial Analyst - Finance
denise.houston,"CN=Denise Houston,OU=CustomerSuccess,DC=northwind,DC=local",Denise Houston,denise.houston@northwindmaterials.com,TRUE,134301218868044320,All-Employees;Customer-Success-All,Support Specialist - Customer Success
warren.ayala,"CN=Warren Ayala,OU=Manufacturing,DC=northwind,DC=local",Warren Ayala,warren.ayala@northwindmaterials.com,TRUE,134270176578462272,All-Employees;Manufacturing-All,Machine Operator - Manufacturing
lindsay.nelson,"CN=Lindsay Nelson,OU=Operations,DC=northwind,DC=local",Lindsay Nelson,lindsay.nelson@northwindmaterials.com,TRUE,134317064373312048,All-Employees;Operations-All,Operations Analyst - Operations
amanda.boone,"CN=Amanda Boone,OU=InformationTechnology,DC=northwind,DC=local",Amanda Boone,amanda.boone@northwindmaterials.com,TRUE,134302467729823616,All-Employees;Information-Technology-All,Network Engineer - Information Technology
suzanne.nelson,"CN=Suzanne Nelson,OU=Manufacturing,DC=northwind,DC=local",Suzanne Nelson,suzanne.nelson@northwindmaterials.com,TRUE,134267629145765152,All-Employees;Manufacturing-All,Plant Technician - Manufacturing
ruben.mendez,"CN=Ruben Mendez,OU=QualityAssurance,DC=northwind,DC=local",Ruben Mendez,ruben.mendez@northwindmaterials.com,TRUE,134282433309882528,All-Employees;Quality-Assurance-All,Quality Inspector - Quality Assurance
erica.martin,"CN=Erica Martin,OU=Engineering,DC=northwind,DC=local",Erica Martin,erica.martin@northwindmaterials.com,FALSE,134287355541128592,All-Employees;Engineering-All,Software Engineer - Engineering
mark.ellis,"CN=Mark Ellis,OU=Operations,DC=northwind,DC=local",Mark Ellis,mark.ellis@northwindmaterials.com,TRUE,134283097398716064,All-Employees;Operations-All,Logistics Coordinator - Operations
tracy.gallagher,"CN=Tracy Gallagher,OU=CustomerSuccess,DC=northwind,DC=local",Tracy Gallagher,tracy.gallagher@northwindmaterials.com,TRUE,134278950451644608,All-Employees;Customer-Success-All,Customer Success Associate - Customer Success
caleb.walker,"CN=Caleb Walker,OU=CustomerSuccess,DC=northwind,DC=local",Caleb Walker,caleb.walker@northwindmaterials.com,TRUE,134264940608692400,All-Employees;Customer-Success-All,Customer Success Associate - Customer Success
shelley.woods,"CN=Shelley Woods,OU=SupplyChain,DC=northwind,DC=local",Shelley Woods,shelley.woods@northwindmaterials.com,TRUE,134272503531277408,All-Employees;Supply-Chain-All,Procurement Specialist - Supply Chain
svc-sfdc-integration,"CN=svc-sfdc-integration,OU=ServiceAccounts,DC=northwind,DC=local",svc-sfdc-integration,svc-sfdc-integration@northwindmaterials.com,TRUE,134320353587490352,Service-Accounts;Salesforce-Integration,"Integration account, originally set up by Jeffrey Robinson (terminated)"
brittany.gardner,"CN=Brittany Gardner,OU=QualityAssurance,DC=northwind,DC=local",Brittany Gardner,brittany.gardner@northwindmaterials.com,TRUE,134268146703229872,All-Employees;Quality-Assurance-All,Quality Inspector - Quality Assurance
chelsea.johnson,"CN=Chelsea Johnson,OU=Operations,DC=northwind,DC=local",Chelsea Johnson,chelsea.johnson@northwindmaterials.com,TRUE,134296976227264096,All-Employees;Operations-All,Operations Analyst - Operations
vanessa.phillips,"CN=Vanessa Phillips,OU=CustomerSuccess,DC=northwind,DC=local",Vanessa Phillips,vanessa.phillips@northwindmaterials.com,TRUE,134299505629893472,All-Employees;Customer-Success-All,Customer Success Associate - Customer Success
tammy.montoya,"CN=Tammy Montoya,OU=Legal,DC=northwind,DC=local",Tammy Montoya,tammy.montoya@northwindmaterials.com,TRUE,134269163132230256,All-Employees;Legal-All,Compliance Analyst - Legal
ctr.patrick.gonzalez,"CN=Patrick Gonzalez,OU=Contractors,DC=northwind,DC=local",Patrick Gonzalez,patrick.gonzalez@contractor.northwindmaterials.com,TRUE,134286022093093840,Contractors-All;All-Employees,Contractor - Staffing Partner B - vendor engagement
sarah.long,"CN=Sarah Long,OU=SupplyChain,DC=northwind,DC=local",Sarah Long,sarah.long@northwindmaterials.com,TRUE,134274068507682416,All-Employees;Supply-Chain-All,Supply Chain Analyst - Supply Chain
david.walker,"CN=David Walker,OU=Legal,DC=northwind,DC=local",David Walker,david.walker@northwindmaterials.com,TRUE,134291295344900912,All-Employees;Legal-All,"Manager, Legal - Legal"
brenda.haynes,"CN=Brenda Haynes,OU=CustomerSuccess,DC=northwind,DC=local",Brenda Haynes,brenda.haynes@northwindmaterials.com,TRUE,134307729250433712,All-Employees;Customer-Success-All,Support Specialist - Customer Success
jackie.meza,"CN=Jackie Meza,OU=InformationTechnology,DC=northwind,DC=local",Jackie Meza,jackie.meza@northwindmaterials.com,TRUE,134304581885813344,All-Employees;Information-Technology-All,Network Engineer - Information Technology
claudia.roberts,"CN=Claudia Roberts,OU=Legal,DC=northwind,DC=local",Claudia Roberts,claudia.roberts@northwindmaterials.com,TRUE,134298621804033168,All-Employees;Legal-All,Compliance Analyst - Legal
jerry.cruz,"CN=Jerry Cruz,OU=SupplyChain,DC=northwind,DC=local",Jerry Cruz,jerry.cruz@northwindmaterials.com,TRUE,134268742275877280,All-Employees;Supply-Chain-All,Procurement Specialist - Supply Chain
stephen.harrington,"CN=Stephen Harrington,OU=Engineering,DC=northwind,DC=local",Stephen Harrington,stephen.harrington@northwindmaterials.com,TRUE,134278696898784016,All-Employees;Engineering-All,QA Engineer - Engineering
rachel.elliott,"CN=Rachel Elliott,OU=CustomerSuccess,DC=northwind,DC=local",Rachel Elliott,rachel.elliott@northwindmaterials.com,TRUE,134276956870387568,All-Employees;Customer-Success-All,Support Specialist - Customer Success
tracy.guerrero,"CN=Tracy Guerrero,OU=Engineering,DC=northwind,DC=local",Tracy Guerrero,tracy.guerrero@northwindmaterials.com,TRUE,134304542952695616,All-Employees;Engineering-All,Senior Software Engineer - Engineering
brandon.garcia,"CN=Brandon Garcia,OU=SupplyChain,DC=northwind,DC=local",Brandon Garcia,brandon.garcia@northwindmaterials.com,TRUE,134308060361732528,All-Employees;Supply-Chain-All,Supply Chain Analyst - Supply Chain
caroline.andrade,"CN=Caroline Andrade,OU=CustomerSuccess,DC=northwind,DC=local",Caroline Andrade,caroline.andrade@northwindmaterials.com,TRUE,134266891312983424,All-Employees;Customer-Success-All,Support Specialist - Customer Success
amanda.hill,"CN=Amanda Hill,OU=QualityAssurance,DC=northwind,DC=local",Amanda Hill,amanda.hill@northwindmaterials.com,TRUE,134265544437040784,All-Employees;Quality-Assurance-All,Quality Inspector - Quality Assurance
sarah.gallegos,"CN=Sarah Gallegos,OU=CustomerSuccess,DC=northwind,DC=local",Sarah Gallegos,sarah.gallegos@northwindmaterials.com,FALSE,134265793505519664,All-Employees;Customer-Success-All,Support Specialist - Customer Success
robert.wood,"CN=Robert Wood,OU=Engineering,DC=northwind,DC=local",Robert Wood,robert.wood@northwindmaterials.com,TRUE,134310988701173808,All-Employees;Engineering-All,DevOps Engineer - Engineering
victoria.wilson,"CN=Victoria Wilson,OU=InformationTechnology,DC=northwind,DC=local",Victoria Wilson,victoria.wilson@northwindmaterials.com,TRUE,134299690793341728,All-Employees;Information-Technology-All,Network Engineer - Information Technology
jessica.rose,"CN=Jessica Rose,OU=Engineering,DC=northwind,DC=local",Jessica Rose,jessica.rose@northwindmaterials.com,FALSE,134262813443373712,All-Employees;Engineering-All,DevOps Engineer - Engineering
samuel.potts,"CN=Samuel Potts,OU=Finance,DC=northwind,DC=local",Samuel Potts,samuel.potts@northwindmaterials.com,TRUE,134287447220300560,All-Employees;Finance-All,AP Specialist - Finance
christian.scott,"CN=Christian Scott,OU=Legal,DC=northwind,DC=local",Christian Scott,christian.scott@northwindmaterials.com,TRUE,134302760841848208,All-Employees;Legal-All,Compliance Analyst - Legal
william.bryant,"CN=William Bryant,OU=Legal,DC=northwind,DC=local",William Bryant,william.bryant@northwindmaterials.com,TRUE,134268763967842496,All-Employees;Legal-All,Paralegal - Legal
leonard.taylor,"CN=Leonard Taylor,OU=Manufacturing,DC=northwind,DC=local",Leonard Taylor,leonard.taylor@northwindmaterials.com,TRUE,134268818766741632,All-Employees;Manufacturing-All,Machine Operator - Manufacturing
eric.martin,"CN=Eric Martin,OU=Legal,DC=northwind,DC=local",Eric Martin,eric.martin@northwindmaterials.com,TRUE,134262425968071440,All-Employees;Legal-All,Compliance Analyst - Legal
jacqueline.nelson,"CN=Jacqueline Nelson,OU=HumanResources,DC=northwind,DC=local",Jacqueline Nelson,jacqueline.nelson@northwindmaterials.com,TRUE,134253467708733856,All-Employees;Human-Resources-All,HR Generalist - Human Resources
jose.donovan,"CN=Jose Donovan,OU=Finance,DC=northwind,DC=local",Jose Donovan,jose.donovan@northwindmaterials.com,TRUE,134305891673538416,All-Employees;Finance-All,Financial Analyst - Finance
michelle.martinez,"CN=Michelle Martinez,OU=Engineering,DC=northwind,DC=local",Michelle Martinez,michelle.martinez@northwindmaterials.com,TRUE,134254255750865600,All-Employees;Engineering-All,Software Engineer - Engineering
ctr.matthew.ward,"CN=Matthew Ward,OU=Contractors,DC=northwind,DC=local",Matthew Ward,matthew.ward@contractor.northwindmaterials.com,TRUE,134316066870521680,Contractors-All;All-Employees,Contractor - Staffing Partner B - vendor engagement
virginia.rhodes,"CN=Virginia Rhodes,OU=SupplyChain,DC=northwind,DC=local",Virginia Rhodes,virginia.rhodes@northwindmaterials.com,TRUE,134278800862849920,All-Employees;Supply-Chain-All,Supply Chain Analyst - Supply Chain
ctr.robert.crawford,"CN=Robert Crawford,OU=Contractors,DC=northwind,DC=local",Robert Crawford,robert.crawford@contractor.northwindmaterials.com,TRUE,134291014005498656,Contractors-All;All-Employees,Contractor - Staffing Partner B - vendor engagement
ctr.charles.smith,"CN=Charles Smith,OU=Contractors,DC=northwind,DC=local",Charles Smith,charles.smith@contractor.northwindmaterials.com,TRUE,134322065463184992,Contractors-All;All-Employees,Contractor - Staffing Partner B - vendor engagement
jessica.franklin,"CN=Jessica Franklin,OU=InformationTechnology,DC=northwind,DC=local",Jessica Franklin,jessica.franklin@northwindmaterials.com,TRUE,134313203165383184,All-Employees;Information-Technology-All,Network Engineer - Information Technology
kelly.york,"CN=Kelly York,OU=SupplyChain,DC=northwind,DC=local",Kelly York,kelly.york@northwindmaterials.com,TRUE,134267898623754608,All-Employees;Supply-Chain-All,Procurement Specialist - Supply Chain
robert.washington,"CN=Robert Washington,OU=Legal,DC=northwind,DC=local",Robert Washington,robert.washington@northwindmaterials.com,TRUE,134322414598110720,All-Employees;Legal-All,Paralegal - Legal
jonathan.hughes,"CN=Jonathan Hughes,OU=CustomerSuccess,DC=northwind,DC=local",Jonathan Hughes,jonathan.hughes@northwindmaterials.com,TRUE,134252230010535152,All-Employees;Customer-Success-All,Support Specialist - Customer Success
stacy.hull,"CN=Stacy Hull,OU=Finance,DC=northwind,DC=local",Stacy Hull,stacy.hull@northwindmaterials.com,TRUE,134265766552347984,All-Employees;Finance-All,Accountant - Finance
noah.whitaker,"CN=Noah Whitaker,OU=InformationTechnology,DC=northwind,DC=local",Noah Whitaker,noah.whitaker@northwindmaterials.com,TRUE,134321474929728912,All-Employees;Information-Technology-All,Network Engineer - Information Technology
bailey.perez,"CN=Bailey Perez,OU=CustomerSuccess,DC=northwind,DC=local",Bailey Perez,bailey.perez@northwindmaterials.com,TRUE,134287723441087024,All-Employees;Customer-Success-All,Customer Success Associate - Customer Success
joseph.mahoney,"CN=Joseph Mahoney,OU=Operations,DC=northwind,DC=local",Joseph Mahoney,joseph.mahoney@northwindmaterials.com,TRUE,134278534540428736,All-Employees;Operations-All,"Manager, Operations - Operations"
johnathan.owens,"CN=Johnathan Owens,OU=QualityAssurance,DC=northwind,DC=local",Johnathan Owens,johnathan.owens@northwindmaterials.com,TRUE,134307929713031376,All-Employees;Quality-Assurance-All,QA Analyst - Quality Assurance
patrick.joyce,"CN=Patrick Joyce,OU=Engineering,DC=northwind,DC=local",Patrick Joyce,patrick.joyce@northwindmaterials.com,TRUE,134261610681263424,All-Employees;Engineering-All,Software Engineer - Engineering
jacqueline.parker,"CN=Jacqueline Parker,OU=SupplyChain,DC=northwind,DC=local",Jacqueline Parker,jacqueline.parker@northwindmaterials.com,TRUE,134266664891557680,All-Employees;Supply-Chain-All,Procurement Specialist - Supply Chain
james.martinez,"CN=James Martinez,OU=SupplyChain,DC=northwind,DC=local",James Martinez,james.martinez@northwindmaterials.com,TRUE,134299575576571824,All-Employees;Supply-Chain-All,Procurement Specialist - Supply Chain
samantha.thompson,"CN=Samantha Thompson,OU=Engineering,DC=northwind,DC=local",Samantha Thompson,samantha.thompson@northwindmaterials.com,FALSE,134279241163254288,All-Employees;Engineering-All,Senior Software Engineer - Engineering
kyle.reed,"CN=Kyle Reed,OU=SupplyChain,DC=northwind,DC=local",Kyle Reed,kyle.reed@northwindmaterials.com,TRUE,134281609101861008,All-Employees;Supply-Chain-All,Supply Chain Analyst - Supply Chain
laurie.taylor,"CN=Laurie Taylor,OU=InformationTechnology,DC=northwind,DC=local",Laurie Taylor,laurie.taylor@northwindmaterials.com,TRUE,134306012166764496,All-Employees;Information-Technology-All,Systems Administrator - Information Technology
oscar.bray,"CN=Oscar Bray,OU=Engineering,DC=northwind,DC=local",Oscar Bray,oscar.bray@northwindmaterials.com,TRUE,134311755888689936,All-Employees;Engineering-All,Senior Software Engineer - Engineering
katie.good,"CN=Katie Good,OU=SupplyChain,DC=northwind,DC=local",Katie Good,katie.good@northwindmaterials.com,TRUE,134252262968918096,All-Employees;Supply-Chain-All,Supply Chain Analyst - Supply Chain
jenna.butler,"CN=Jenna Butler,OU=SupplyChain,DC=northwind,DC=local",Jenna Butler,jenna.butler@northwindmaterials.com,TRUE,134293972693411024,All-Employees;Supply-Chain-All,Procurement Specialist - Supply Chain
ctr.kevin.roth,"CN=Kevin Roth,OU=Contractors,DC=northwind,DC=local",Kevin Roth,kevin.roth@contractor.northwindmaterials.com,TRUE,134276598470730592,Contractors-All;All-Employees,Contractor - Staffing Partner A - vendor engagement
harry.smith,"CN=Harry Smith,OU=HumanResources,DC=northwind,DC=local",Harry Smith,harry.smith@northwindmaterials.com,TRUE,134290398601813600,All-Employees;Human-Resources-All,HR Generalist - Human Resources
karen.carrillo,"CN=Karen Carrillo,OU=Manufacturing,DC=northwind,DC=local",Karen Carrillo,karen.carrillo@northwindmaterials.com,TRUE,134307036481421408,All-Employees;Manufacturing-All,Plant Technician - Manufacturing
cassie.kirby,"CN=Cassie Kirby,OU=Manufacturing,DC=northwind,DC=local",Cassie Kirby,cassie.kirby@northwindmaterials.com,TRUE,134260640233954368,All-Employees;Manufacturing-All,Production Associate - Manufacturing
anthony.gomez,"CN=Anthony Gomez,OU=CustomerSuccess,DC=northwind,DC=local",Anthony Gomez,anthony.gomez@northwindmaterials.com,TRUE,134294525944329584,All-Employees;Customer-Success-All,Customer Success Associate - Customer Success
joshua.riddle,"CN=Joshua Riddle,OU=SupplyChain,DC=northwind,DC=local",Joshua Riddle,joshua.riddle@northwindmaterials.com,FALSE,134279882485930800,All-Employees;Supply-Chain-All,Supply Chain Analyst - Supply Chain
alicia.wright,"CN=Alicia Wright,OU=Engineering,DC=northwind,DC=local",Alicia Wright,alicia.wright@northwindmaterials.com,TRUE,134316803984207568,All-Employees;Engineering-All,Software Engineer - Engineering
rebecca.larson,"CN=Rebecca Larson,OU=Manufacturing,DC=northwind,DC=local",Rebecca Larson,rebecca.larson@northwindmaterials.com,TRUE,134282298049125648,All-Employees;Manufacturing-All,Production Associate - Manufacturing
ctr.anne.tyler,"CN=Anne Tyler,OU=Contractors,DC=northwind,DC=local",Anne Tyler,anne.tyler@contractor.northwindmaterials.com,TRUE,134253060124442272,Contractors-All;All-Employees,Contractor - Staffing Partner A - vendor engagement
jeanette.gonzales,"CN=Jeanette Gonzales,OU=SupplyChain,DC=northwind,DC=local",Jeanette Gonzales,jeanette.gonzales@northwindmaterials.com,TRUE,134302227625031040,All-Employees;Supply-Chain-All,Procurement Specialist - Supply Chain
christine.sanchez,"CN=Christine Sanchez,OU=CustomerSuccess,DC=northwind,DC=local",Christine Sanchez,christine.sanchez@northwindmaterials.com,TRUE,134265083840971712,All-Employees;Customer-Success-All,Support Specialist - Customer Success
gina.garner,"CN=Gina Garner,OU=CustomerSuccess,DC=northwind,DC=local",Gina Garner,gina.garner@northwindmaterials.com,TRUE,134317070193615280,All-Employees;Customer-Success-All,Customer Success Associate - Customer Success
emily.walker,"CN=Emily Walker,OU=CustomerSuccess,DC=northwind,DC=local",Emily Walker,emily.walker@northwindmaterials.com,TRUE,134272103206508672,All-Employees;Customer-Success-All,Customer Success Associate - Customer Success
judy.lambert,"CN=Judy Lambert,OU=SupplyChain,DC=northwind,DC=local",Judy Lambert,judy.lambert@northwindmaterials.com,TRUE,134256579139068704,All-Employees;Supply-Chain-All,"Manager, Supply Chain - Supply Chain"
alicia.edwards,"CN=Alicia Edwards,OU=Engineering,DC=northwind,DC=local",Alicia Edwards,alicia.edwards@northwindmaterials.com,TRUE,134309225024057600,All-Employees;Engineering-All,DevOps Engineer - Engineering
justin.nichols,"CN=Justin Nichols,OU=Finance,DC=northwind,DC=local",Justin Nichols,justin.nichols@northwindmaterials.com,TRUE,134305296347004752,All-Employees;Finance-All,AP Specialist - Finance
scott.lewis,"CN=Scott Lewis,OU=CustomerSuccess,DC=northwind,DC=local",Scott Lewis,scott.lewis@northwindmaterials.com,TRUE,134283871575042032,All-Employees;Customer-Success-All,Customer Success Associate - Customer Success
carrie.wolf,"CN=Carrie Wolf,OU=SupplyChain,DC=northwind,DC=local",Carrie Wolf,carrie.wolf@northwindmaterials.com,TRUE,134317031828491344,All-Employees;Supply-Chain-All,Supply Chain Analyst - Supply Chain
svc-forget21,"CN=svc-forget21,OU=ServiceAccounts,DC=northwind,DC=local",svc-forget21,svc-forget21@northwindmaterials.com,TRUE,134305641728752896,Service-Accounts,Owned by IT Automation team
diane.adams,"CN=Diane Adams,OU=SupplyChain,DC=northwind,DC=local",Diane Adams,diane.adams@northwindmaterials.com,TRUE,134327224853717808,All-Employees;Supply-Chain-All,Supply Chain Analyst - Supply Chain
barbara.berry,"CN=Barbara Berry,OU=SupplyChain,DC=northwind,DC=local",Barbara Berry,barbara.berry@northwindmaterials.com,TRUE,134295590959438240,All-Employees;Supply-Chain-All,Procurement Specialist - Supply Chain
ctr.lee.villa,"CN=Lee Villa,OU=Contractors,DC=northwind,DC=local",Lee Villa,lee.villa@contractor.northwindmaterials.com,TRUE,134262064100431824,Contractors-All;All-Employees,Contractor - Staffing Partner A - vendor engagement
alexander.clark,"CN=Alexander Clark,OU=Finance,DC=northwind,DC=local",Alexander Clark,alexander.clark@northwindmaterials.com,TRUE,134299288201543872,All-Employees;Finance-All,Accountant - Finance
curtis.gutierrez,"CN=Curtis Gutierrez,OU=Manufacturing,DC=northwind,DC=local",Curtis Gutierrez,curtis.gutierrez@northwindmaterials.com,TRUE,134301224487466896,All-Employees;Manufacturing-All;Plant-Ops-Leads,Line Supervisor - Manufacturing
samuel.lee,"CN=Samuel Lee,OU=SupplyChain,DC=northwind,DC=local",Samuel Lee,samuel.lee@northwindmaterials.com,TRUE,134286777978051680,All-Employees;Supply-Chain-All,Procurement Specialist - Supply Chain
beth.cross,"CN=Beth Cross,OU=SupplyChain,DC=northwind,DC=local",Beth Cross,beth.cross@northwindmaterials.com,TRUE,134318007258879120,All-Employees;Supply-Chain-All,Supply Chain Analyst - Supply Chain
christine.galvan,"CN=Christine Galvan,OU=Finance,DC=northwind,DC=local",Christine Galvan,christine.galvan@northwindmaterials.com,TRUE,134296772244698640,All-Employees;Finance-All,Accountant - Finance
ctr.christina.payne,"CN=Christina Payne,OU=Contractors,DC=northwind,DC=local",Christina Payne,christina.payne@contractor.northwindmaterials.com,TRUE,134261824271748032,Contractors-All;All-Employees,Contractor - Staffing Partner A - vendor engagement
ctr.samantha.shaw,"CN=Samantha Shaw,OU=Contractors,DC=northwind,DC=local",Samantha Shaw,samantha.shaw@contractor.northwindmaterials.com,TRUE,134304667274921984,Contractors-All;All-Employees,Contractor - Staffing Partner A - vendor engagement
maria.scott,"CN=Maria Scott,OU=CustomerSuccess,DC=northwind,DC=local",Maria Scott,maria.scott@northwindmaterials.com,TRUE,134313927310064624,All-Employees;Customer-Success-All,Support Specialist - Customer Success
jacob.smith,"CN=Jacob Smith,OU=Manufacturing,DC=northwind,DC=local",Jacob Smith,jacob.smith@northwindmaterials.com,TRUE,134298347749886208,All-Employees;Manufacturing-All,Plant Technician - Manufacturing
angela.jones,"CN=Angela Jones,OU=Finance,DC=northwind,DC=local",Angela Jones,angela.jones@northwindmaterials.com,TRUE,134287922320355472,All-Employees;Finance-All,Accountant - Finance
kenneth.baker,"CN=Kenneth Baker,OU=QualityAssurance,DC=northwind,DC=local",Kenneth Baker,kenneth.baker@northwindmaterials.com,TRUE,134264025178102400,All-Employees;Quality-Assurance-All,QA Analyst - Quality Assurance
sabrina.phillips,"CN=Sabrina Phillips,OU=SupplyChain,DC=northwind,DC=local",Sabrina Phillips,sabrina.phillips@northwindmaterials.com,TRUE,134283394911722736,All-Employees;Supply-Chain-All,Supply Chain Analyst - Supply Chain
michael.johnson,"CN=Michael Johnson,OU=CustomerSuccess,DC=northwind,DC=local",Michael Johnson,michael.johnson@northwindmaterials.com,TRUE,134320438870432432,All-Employees;Customer-Success-All,Support Specialist - Customer Success
ctr.peggy.shaw,"CN=Peggy Shaw,OU=Contractors,DC=northwind,DC=local",Peggy Shaw,peggy.shaw@contractor.northwindmaterials.com,TRUE,134316984873615536,Contractors-All;All-Employees,Contractor - Staffing Partner B - vendor engagement
john.caldwell,"CN=John Caldwell,OU=Manufacturing,DC=northwind,DC=local",John Caldwell,john.caldwell@northwindmaterials.com,TRUE,134266644440479184,All-Employees;Manufacturing-All,"Manager, Manufacturing - Manufacturing"
james.west,"CN=James West,OU=Finance,DC=northwind,DC=local",James West,james.west@northwindmaterials.com,TRUE,134317284844207376,All-Employees;Finance-All,"Manager, Finance - Finance"
heather.torres,"CN=Heather Torres,OU=Engineering,DC=northwind,DC=local",Heather Torres,heather.torres@northwindmaterials.com,TRUE,134290150528372576,All-Employees;Engineering-All,Software Engineer - Engineering
stacy.cook,"CN=Stacy Cook,OU=Manufacturing,DC=northwind,DC=local",Stacy Cook,stacy.cook@northwindmaterials.com,TRUE,134286699266399264,All-Employees;Manufacturing-All,Machine Operator - Manufacturing
ctr.lee.odonnell,"CN=Lee Odonnell,OU=Contractors,DC=northwind,DC=local",Lee Odonnell,lee.odonnell@contractor.northwindmaterials.com,TRUE,134312380774529824,Contractors-All;All-Employees,Contractor - Staffing Partner A - vendor engagement
andrew.brown,"CN=Andrew Brown,OU=Legal,DC=northwind,DC=local",Andrew Brown,andrew.brown@northwindmaterials.com,TRUE,134283399550444816,All-Employees;Legal-All,Paralegal - Legal
yolanda.ferrell,"CN=Yolanda Ferrell,OU=Engineering,DC=northwind,DC=local",Yolanda Ferrell,yolanda.ferrell@northwindmaterials.com,TRUE,134266569001342656,All-Employees;Engineering-All,"Manager, Engineering - Engineering"
benjamin.rogers,"CN=Benjamin Rogers,OU=Manufacturing,DC=northwind,DC=local",Benjamin Rogers,benjamin.rogers@northwindmaterials.com,FALSE,134273089504031280,All-Employees;Manufacturing-All,Production Associate - Manufacturing
ctr.samantha.nielsen,"CN=Samantha Nielsen,OU=Contractors,DC=northwind,DC=local",Samantha Nielsen,samantha.nielsen@contractor.northwindmaterials.com,TRUE,134309244526737808,Contractors-All;All-Employees,Contractor - Staffing Partner B - vendor engagement
stephen.marks,"CN=Stephen Marks,OU=SupplyChain,DC=northwind,DC=local",Stephen Marks,stephen.marks@northwindmaterials.com,TRUE,134307510526192112,All-Employees;Supply-Chain-All,Supply Chain Analyst - Supply Chain
leah.shields,"CN=Leah Shields,OU=InformationTechnology,DC=northwind,DC=local",Leah Shields,leah.shields@northwindmaterials.com,TRUE,134298200162067744,All-Employees;Information-Technology-All,"Manager, Information Technology - Information Technology"
ivan.jones,"CN=Ivan Jones,OU=CustomerSuccess,DC=northwind,DC=local",Ivan Jones,ivan.jones@northwindmaterials.com,TRUE,134276112884017488,All-Employees;Customer-Success-All,Support Specialist - Customer Success
joseph.davidson,"CN=Joseph Davidson,OU=InformationTechnology,DC=northwind,DC=local",Joseph Davidson,joseph.davidson@northwindmaterials.com,FALSE,134293941860207632,All-Employees;Information-Technology-All,"Manager, Information Technology - Information Technology"
erika.mitchell,"CN=Erika Mitchell,OU=Engineering,DC=northwind,DC=local",Erika Mitchell,erika.mitchell@northwindmaterials.com,TRUE,134284081986626096,All-Employees;Engineering-All,Senior Software Engineer - Engineering
ctr.russell.kennedy,"CN=Russell Kennedy,OU=Contractors,DC=northwind,DC=local",Russell Kennedy,russell.kennedy@contractor.northwindmaterials.com,TRUE,134253713067573536,Contractors-All;All-Employees,Contractor - Staffing Partner A - vendor engagement
charles.walsh,"CN=Charles Walsh,OU=Legal,DC=northwind,DC=local",Charles Walsh,charles.walsh@northwindmaterials.com,TRUE,134281654716401760,All-Employees;Legal-All,Paralegal - Legal
jason.hahn,"CN=Jason Hahn,OU=InformationTechnology,DC=northwind,DC=local",Jason Hahn,jason.hahn@northwindmaterials.com,TRUE,134251048509357808,All-Employees;Information-Technology-All,Director of Information Technology - Information Technology
steven.campbell,"CN=Steven Campbell,OU=Engineering,DC=northwind,DC=local",Steven Campbell,steven.campbell@northwindmaterials.com,TRUE,134252922039258960,All-Employees;Engineering-All,Senior Software Engineer - Engineering
theresa.edwards,"CN=Theresa Edwards,OU=Operations,DC=northwind,DC=local",Theresa Edwards,theresa.edwards@northwindmaterials.com,TRUE,134311352488308384,All-Employees;Operations-All,Operations Analyst - Operations
shannon.schultz,"CN=Shannon Schultz,OU=SupplyChain,DC=northwind,DC=local",Shannon Schultz,shannon.schultz@northwindmaterials.com,TRUE,134305156934100272,All-Employees;Supply-Chain-All,Supply Chain Analyst - Supply Chain
christopher.johnson,"CN=Christopher Johnson,OU=Engineering,DC=northwind,DC=local",Christopher Johnson,christopher.johnson@northwindmaterials.com,TRUE,134278880171087968,All-Employees;Engineering-All,DevOps Engineer - Engineering
amanda.lopez,"CN=Amanda Lopez,OU=InformationTechnology,DC=northwind,DC=local",Amanda Lopez,amanda.lopez@northwindmaterials.com,TRUE,134319298446319488,All-Employees;Information-Technology-All,IT Support Specialist - Information Technology
michael.johnson,"CN=Michael Johnson,OU=SupplyChain,DC=northwind,DC=local",Michael Johnson,michael.johnson@northwindmaterials.com,TRUE,134311319277539920,All-Employees;Supply-Chain-All,Procurement Specialist - Supply Chain
tara.lawrence,"CN=Tara Lawrence,OU=Manufacturing,DC=northwind,DC=local",Tara Lawrence,tara.lawrence@northwindmaterials.com,FALSE,134257343229784752,All-Employees;Manufacturing-All;Plant-Ops-Leads,Machine Operator - Manufacturing
sean.padilla,"CN=Sean Padilla,OU=Legal,DC=northwind,DC=local",Sean Padilla,sean.padilla@northwindmaterials.com,FALSE,134326521410364864,All-Employees;Legal-All,Compliance Analyst - Legal
jill.preston,"CN=Jill Preston,OU=InformationTechnology,DC=northwind,DC=local",Jill Preston,jill.preston@northwindmaterials.com,TRUE,134287574713344592,All-Employees;Information-Technology-All,Systems Administrator - Information Technology
sherri.martin,"CN=Sherri Martin,OU=Legal,DC=northwind,DC=local",Sherri Martin,sherri.martin@northwindmaterials.com,TRUE,134303185211234688,All-Employees;Legal-All,Paralegal - Legal
jose.henderson,"CN=Jose Henderson,OU=QualityAssurance,DC=northwind,DC=local",Jose Henderson,jose.henderson@northwindmaterials.com,TRUE,134303691396136448,All-Employees;Quality-Assurance-All,QA Analyst - Quality Assurance
george.carter,"CN=George Carter,OU=Manufacturing,DC=northwind,DC=local",George Carter,george.carter@northwindmaterials.com,TRUE,134308884684293104,All-Employees;Manufacturing-All,Plant Technician - Manufacturing
james.hicks,"CN=James Hicks,OU=InformationTechnology,DC=northwind,DC=local",James Hicks,james.hicks@northwindmaterials.com,TRUE,134277720661269664,All-Employees;Information-Technology-All,Network Engineer - Information Technology
jennifer.walters,"CN=Jennifer Walters,OU=Operations,DC=northwind,DC=local",Jennifer Walters,jennifer.walters@northwindmaterials.com,TRUE,134275447838262272,All-Employees;Operations-All,Logistics Coordinator - Operations
beverly.johnston,"CN=Beverly Johnston,OU=QualityAssurance,DC=northwind,DC=local",Beverly Johnston,beverly.johnston@northwindmaterials.com,TRUE,134306888136957472,All-Employees;Quality-Assurance-All,Quality Inspector - Quality Assurance
william.crawford,"CN=William Crawford,OU=HumanResources,DC=northwind,DC=local",William Crawford,william.crawford@northwindmaterials.com,TRUE,134281635557430400,All-Employees;Human-Resources-All,HR Coordinator - Human Resources
alejandra.park,"CN=Alejandra Park,OU=CustomerSuccess,DC=northwind,DC=local",Alejandra Park,alejandra.park@northwindmaterials.com,TRUE,134318245276423200,All-Employees;Customer-Success-All,Customer Success Associate - Customer Success
dominique.blanchard,"CN=Dominique Blanchard,OU=Operations,DC=northwind,DC=local",Dominique Blanchard,dominique.blanchard@northwindmaterials.com,TRUE,134315871361763008,All-Employees;Operations-All,Logistics Coordinator - Operations
angela.cohen,"CN=Angela Cohen,OU=Manufacturing,DC=northwind,DC=local",Angela Cohen,angela.cohen@northwindmaterials.com,TRUE,134286400318460448,All-Employees;Manufacturing-All,Director of Manufacturing - Manufacturing
amber.nelson,"CN=Amber Nelson,OU=Legal,DC=northwind,DC=local",Amber Nelson,amber.nelson@northwindmaterials.com,TRUE,134326680833574848,All-Employees;Legal-All,Paralegal - Legal
brandy.dominguez,"CN=Brandy Dominguez,OU=Legal,DC=northwind,DC=local",Brandy Dominguez,brandy.dominguez@northwindmaterials.com,TRUE,134290549085360832,All-Employees;Legal-All,Paralegal - Legal
donald.hinton,"CN=Donald Hinton,OU=Manufacturing,DC=northwind,DC=local",Donald Hinton,donald.hinton@northwindmaterials.com,TRUE,134305216075285888,All-Employees;Manufacturing-All;Plant-Ops-Leads,Line Supervisor - Manufacturing
chris.mitchell,"CN=Chris Mitchell,OU=Finance,DC=northwind,DC=local",Chris Mitchell,chris.mitchell@northwindmaterials.com,TRUE,134254482310539664,All-Employees;Finance-All,AP Specialist - Finance
megan.villegas,"CN=Megan Villegas,OU=Engineering,DC=northwind,DC=local",Megan Villegas,megan.villegas@northwindmaterials.com,TRUE,134278173446920512,All-Employees;Engineering-All,Software Engineer - Engineering
maria.martinez,"CN=Maria Martinez,OU=Finance,DC=northwind,DC=local",Maria Martinez,maria.martinez@northwindmaterials.com,FALSE,134312697257155152,All-Employees;Finance-All,Accountant - Finance
david.smith,"CN=David Smith,OU=Finance,DC=northwind,DC=local",David Smith,david.smith@northwindmaterials.com,TRUE,134287502571963600,All-Employees;Finance-All,AP Specialist - Finance
kelli.smith,"CN=Kelli Smith,OU=Legal,DC=northwind,DC=local",Kelli Smith,kelli.smith@northwindmaterials.com,TRUE,134304845743321744,All-Employees;Legal-All,Paralegal - Legal
lisa.adams,"CN=Lisa Adams,OU=QualityAssurance,DC=northwind,DC=local",Lisa Adams,lisa.adams@northwindmaterials.com,TRUE,134287475600009360,All-Employees;Quality-Assurance-All,"Manager, Quality Assurance - Quality Assurance"
emily.clements,"CN=Emily Clements,OU=Manufacturing,DC=northwind,DC=local",Emily Clements,emily.clements@northwindmaterials.com,TRUE,134258503171187328,All-Employees;Manufacturing-All,Plant Technician - Manufacturing
cynthia.rogers,"CN=Cynthia Rogers,OU=Finance,DC=northwind,DC=local",Cynthia Rogers,cynthia.rogers@northwindmaterials.com,TRUE,134263895779040800,All-Employees;Finance-All,Financial Analyst - Finance
thomas.hernandez,"CN=Thomas Hernandez,OU=CustomerSuccess,DC=northwind,DC=local",Thomas Hernandez,thomas.hernandez@northwindmaterials.com,TRUE,134313358561077936,All-Employees;Customer-Success-All,Support Specialist - Customer Success
craig.ramirez,"CN=Craig Ramirez,OU=Manufacturing,DC=northwind,DC=local",Craig Ramirez,craig.ramirez@northwindmaterials.com,TRUE,134325864037320352,All-Employees;Manufacturing-All,Director of Manufacturing - Manufacturing
christine.martinez,"CN=Christine Martinez,OU=HumanResources,DC=northwind,DC=local",Christine Martinez,christine.martinez@northwindmaterials.com,TRUE,134312889001171264,All-Employees;Human-Resources-All,HR Generalist - Human Resources
mckenzie.roth,"CN=Mckenzie Roth,OU=SupplyChain,DC=northwind,DC=local",Mckenzie Roth,mckenzie.roth@northwindmaterials.com,TRUE,134268878920164128,All-Employees;Supply-Chain-All,Supply Chain Analyst - Supply Chain
anne.reid,"CN=Anne Reid,OU=Engineering,DC=northwind,DC=local",Anne Reid,anne.reid@northwindmaterials.com,TRUE,134324680118177648,All-Employees;Engineering-All,Senior Software Engineer - Engineering
jason.murphy,"CN=Jason Murphy,OU=Finance,DC=northwind,DC=local",Jason Murphy,jason.murphy@northwindmaterials.com,TRUE,134287516594709648,All-Employees;Finance-All,Accountant - Finance
ashley.huff,"CN=Ashley Huff,OU=SupplyChain,DC=northwind,DC=local",Ashley Huff,ashley.huff@northwindmaterials.com,TRUE,134262236881829376,All-Employees;Supply-Chain-All,Supply Chain Analyst - Supply Chain
laura.valencia,"CN=Laura Valencia,OU=InformationTechnology,DC=northwind,DC=local",Laura Valencia,laura.valencia@northwindmaterials.com,TRUE,134263674475456608,All-Employees;Information-Technology-All,"Manager, Information Technology - Information Technology"
jennifer.sellers,"CN=Jennifer Sellers,OU=Finance,DC=northwind,DC=local",Jennifer Sellers,jennifer.sellers@northwindmaterials.com,TRUE,134273852699052640,All-Employees;Finance-All,Accountant - Finance
richard.shaw,"CN=Richard Shaw,OU=QualityAssurance,DC=northwind,DC=local",Richard Shaw,richard.shaw@northwindmaterials.com,TRUE,134286314760667360,All-Employees;Quality-Assurance-All,QA Analyst - Quality Assurance
john.duran,"CN=John Duran,OU=InformationTechnology,DC=northwind,DC=local",John Duran,john.duran@northwindmaterials.com,TRUE,134285180638250096,All-Employees;Information-Technology-All,Systems Administrator - Information Technology
maria.garcia,"CN=Maria Garcia,OU=Engineering,DC=northwind,DC=local",Maria Garcia,maria.garcia@northwindmaterials.com,TRUE,134263943214130480,All-Employees;Engineering-All,QA Engineer - Engineering
hannah.butler,"CN=Hannah Butler,OU=CustomerSuccess,DC=northwind,DC=local",Hannah Butler,hannah.butler@northwindmaterials.com,TRUE,134313304379389360,All-Employees;Customer-Success-All,Customer Success Associate - Customer Success
krista.camacho,"CN=Krista Camacho,OU=SupplyChain,DC=northwind,DC=local",Krista Camacho,krista.camacho@northwindmaterials.com,TRUE,134284572782068864,All-Employees;Supply-Chain-All,Supply Chain Analyst - Supply Chain
ctr.abigail.smith,"CN=Abigail Smith,OU=Contractors,DC=northwind,DC=local",Abigail Smith,abigail.smith@contractor.northwindmaterials.com,TRUE,134284543465310160,Contractors-All;All-Employees,Contractor - Staffing Partner B - vendor engagement
gail.evans,"CN=Gail Evans,OU=CustomerSuccess,DC=northwind,DC=local",Gail Evans,gail.evans@northwindmaterials.com,FALSE,134288569487456544,All-Employees;Customer-Success-All,Customer Success Associate - Customer Success
kimberly.diaz,"CN=Kimberly Diaz,OU=HumanResources,DC=northwind,DC=local",Kimberly Diaz,kimberly.diaz@northwindmaterials.com,TRUE,134273743214884384,All-Employees;Human-Resources-All,HR Coordinator - Human Resources
gregory.medina,"CN=Gregory Medina,OU=Engineering,DC=northwind,DC=local",Gregory Medina,gregory.medina@northwindmaterials.com,TRUE,134303787900862096,All-Employees;Engineering-All,DevOps Engineer - Engineering
elizabeth.miller,"CN=Elizabeth Miller,OU=Operations,DC=northwind,DC=local",Elizabeth Miller,elizabeth.miller@northwindmaterials.com,FALSE,134257784986881712,All-Employees;Operations-All,Logistics Coordinator - Operations
matthew.moore,"CN=Matthew Moore,OU=CustomerSuccess,DC=northwind,DC=local",Matthew Moore,matthew.moore@northwindmaterials.com,TRUE,134277271731707328,All-Employees;Customer-Success-All,VP of Customer Success - Customer Success
robyn.bailey,"CN=Robyn Bailey,OU=CustomerSuccess,DC=northwind,DC=local",Robyn Bailey,robyn.bailey@northwindmaterials.com,TRUE,134303743377809424,All-Employees;Customer-Success-All,Customer Success Associate - Customer Success
ryan.simon,"CN=Ryan Simon,OU=CustomerSuccess,DC=northwind,DC=local",Ryan Simon,ryan.simon@northwindmaterials.com,TRUE,134280552662475536,All-Employees;Customer-Success-All,Support Specialist - Customer Success
bryan.kelley,"CN=Bryan Kelley,OU=Legal,DC=northwind,DC=local",Bryan Kelley,bryan.kelley@northwindmaterials.com,TRUE,134253619512254768,All-Employees;Legal-All,Compliance Analyst - Legal
kelsey.hayes,"CN=Kelsey Hayes,OU=Legal,DC=northwind,DC=local",Kelsey Hayes,kelsey.hayes@northwindmaterials.com,TRUE,134280922573115200,All-Employees;Legal-All,Compliance Analyst - Legal
hunter.burch,"CN=Hunter Burch,OU=Manufacturing,DC=northwind,DC=local",Hunter Burch,hunter.burch@northwindmaterials.com,TRUE,134320385674827344,All-Employees;Manufacturing-All,Line Supervisor - Manufacturing
jason.henry,"CN=Jason Henry,OU=InformationTechnology,DC=northwind,DC=local",Jason Henry,jason.henry@northwindmaterials.com,TRUE,134268056895522592,All-Employees;Information-Technology-All,IT Support Specialist - Information Technology
taylor.alexander,"CN=Taylor Alexander,OU=QualityAssurance,DC=northwind,DC=local",Taylor Alexander,taylor.alexander@northwindmaterials.com,TRUE,134273524069365616,All-Employees;Quality-Assurance-All,Quality Inspector - Quality Assurance
erin.wilson,"CN=Erin Wilson,OU=InformationTechnology,DC=northwind,DC=local",Erin Wilson,erin.wilson@northwindmaterials.com,TRUE,134256100353961968,All-Employees;Information-Technology-All,Systems Administrator - Information Technology
james.brooks,"CN=James Brooks,OU=Legal,DC=northwind,DC=local",James Brooks,james.brooks@northwindmaterials.com,TRUE,134259393160519600,All-Employees;Legal-All,Compliance Analyst - Legal
jennifer.sanders,"CN=Jennifer Sanders,OU=QualityAssurance,DC=northwind,DC=local",Jennifer Sanders,jennifer.sanders@northwindmaterials.com,TRUE,134282396192306272,All-Employees;Quality-Assurance-All,Quality Inspector - Quality Assurance
sandra.jones,"CN=Sandra Jones,OU=QualityAssurance,DC=northwind,DC=local",Sandra Jones,sandra.jones@northwindmaterials.com,TRUE,134313999949984640,All-Employees;Quality-Assurance-All,Quality Inspector - Quality Assurance
stacy.mcintosh,"CN=Stacy Mcintosh,OU=InformationTechnology,DC=northwind,DC=local",Stacy Mcintosh,stacy.mcintosh@northwindmaterials.com,TRUE,134264936552823456,All-Employees;Information-Technology-All,Systems Administrator - Information Technology
jeffrey.bradford,"CN=Jeffrey Bradford,OU=CustomerSuccess,DC=northwind,DC=local",Jeffrey Bradford,jeffrey.bradford@northwindmaterials.com,TRUE,134273527397347168,All-Employees;Customer-Success-All,Support Specialist - Customer Success
heidi.martinez,"CN=Heidi Martinez,OU=SupplyChain,DC=northwind,DC=local",Heidi Martinez,heidi.martinez@northwindmaterials.com,TRUE,134279974979493328,All-Employees;Supply-Chain-All,Procurement Specialist - Supply Chain
zachary.hays,"CN=Zachary Hays,OU=SupplyChain,DC=northwind,DC=local",Zachary Hays,zachary.hays@northwindmaterials.com,TRUE,134270444575895200,All-Employees;Supply-Chain-All,Procurement Specialist - Supply Chain
kathleen.carter,"CN=Kathleen Carter,OU=SupplyChain,DC=northwind,DC=local",Kathleen Carter,kathleen.carter@northwindmaterials.com,TRUE,134254445627898336,All-Employees;Supply-Chain-All,Procurement Specialist - Supply Chain
jamie.robinson,"CN=Jamie Robinson,OU=Engineering,DC=northwind,DC=local",Jamie Robinson,jamie.robinson@northwindmaterials.com,TRUE,134313654160337504,All-Employees;Engineering-All,Senior Software Engineer - Engineering
eric.alexander,"CN=Eric Alexander,OU=CustomerSuccess,DC=northwind,DC=local",Eric Alexander,eric.alexander@northwindmaterials.com,TRUE,134312372876195696,All-Employees;Customer-Success-All,Customer Success Associate - Customer Success
cynthia.johnson,"CN=Cynthia Johnson,OU=CustomerSuccess,DC=northwind,DC=local",Cynthia Johnson,cynthia.johnson@northwindmaterials.com,TRUE,134307260157757840,All-Employees;Customer-Success-All,Support Specialist - Customer Success
joshua.wilson,"CN=Joshua Wilson,OU=Operations,DC=northwind,DC=local",Joshua Wilson,joshua.wilson@northwindmaterials.com,TRUE,134259524731421344,All-Employees;Operations-All,Logistics Coordinator - Operations
richard.martin,"CN=Richard Martin,OU=SupplyChain,DC=northwind,DC=local",Richard Martin,richard.martin@northwindmaterials.com,TRUE,134264316116774272,All-Employees;Supply-Chain-All,Procurement Specialist - Supply Chain
kenneth.flores,"CN=Kenneth Flores,OU=Engineering,DC=northwind,DC=local",Kenneth Flores,kenneth.flores@northwindmaterials.com,TRUE,134321213932254336,All-Employees;Engineering-All,Senior Software Engineer - Engineering
misty.wilkins,"CN=Misty Wilkins,OU=CustomerSuccess,DC=northwind,DC=local",Misty Wilkins,misty.wilkins@northwindmaterials.com,TRUE,134304196582732256,All-Employees;Customer-Success-All,Customer Success Associate - Customer Success
patricia.evans,"CN=Patricia Evans,OU=Finance,DC=northwind,DC=local",Patricia Evans,patricia.evans@northwindmaterials.com,TRUE,134304979613643584,All-Employees;Finance-All,Financial Analyst - Finance
elaine.charles,"CN=Elaine Charles,OU=Finance,DC=northwind,DC=local",Elaine Charles,elaine.charles@northwindmaterials.com,TRUE,134265501443906960,All-Employees;Finance-All,AP Specialist - Finance
joseph.williams,"CN=Joseph Williams,OU=SupplyChain,DC=northwind,DC=local",Joseph Williams,joseph.williams@northwindmaterials.com,TRUE,134312066267221216,All-Employees;Supply-Chain-All,Supply Chain Analyst - Supply Chain
kristin.walker,"CN=Kristin Walker,OU=QualityAssurance,DC=northwind,DC=local",Kristin Walker,kristin.walker@northwindmaterials.com,TRUE,134301245670763344,All-Employees;Quality-Assurance-All,Quality Inspector - Quality Assurance
ctr.paul.clark,"CN=Paul Clark,OU=Contractors,DC=northwind,DC=local",Paul Clark,paul.clark@contractor.northwindmaterials.com,TRUE,134296971711234272,Contractors-All;All-Employees,Contractor - Staffing Partner B - vendor engagement
dennis.porter,"CN=Dennis Porter,OU=Manufacturing,DC=northwind,DC=local",Dennis Porter,dennis.porter@northwindmaterials.com,TRUE,134284923091143664,All-Employees;Manufacturing-All,Machine Operator - Manufacturing
nathan.shaw,"CN=Nathan Shaw,OU=CustomerSuccess,DC=northwind,DC=local",Nathan Shaw,nathan.shaw@northwindmaterials.com,TRUE,134300210403915984,All-Employees;Customer-Success-All,Customer Success Associate - Customer Success
john.reed,"CN=John Reed,OU=SupplyChain,DC=northwind,DC=local",John Reed,john.reed@northwindmaterials.com,TRUE,134310570113639408,All-Employees;Supply-Chain-All,Procurement Specialist - Supply Chain
michael.farmer,"CN=Michael Farmer,OU=Legal,DC=northwind,DC=local",Michael Farmer,michael.farmer@northwindmaterials.com,TRUE,134323182073467904,All-Employees;Legal-All,Compliance Analyst - Legal
terrance.costa,"CN=Terrance Costa,OU=Finance,DC=northwind,DC=local",Terrance Costa,terrance.costa@northwindmaterials.com,TRUE,134257229120020144,All-Employees;Finance-All,Financial Analyst - Finance
gavin.johnson,"CN=Gavin Johnson,OU=Finance,DC=northwind,DC=local",Gavin Johnson,gavin.johnson@northwindmaterials.com,TRUE,134307884593059904,All-Employees;Finance-All,Accountant - Finance
joseph.christian,"CN=Joseph Christian,OU=Manufacturing,DC=northwind,DC=local",Joseph Christian,joseph.christian@northwindmaterials.com,TRUE,134285446143769472,All-Employees;Manufacturing-All;Plant-Ops-Leads,Line Supervisor - Manufacturing
edward.snyder,"CN=Edward Snyder,OU=QualityAssurance,DC=northwind,DC=local",Edward Snyder,edward.snyder@northwindmaterials.com,FALSE,134267683657839872,All-Employees;Quality-Assurance-All,Quality Inspector - Quality Assurance
brian.romero,"CN=Brian Romero,OU=InformationTechnology,DC=northwind,DC=local",Brian Romero,brian.romero@northwindmaterials.com,TRUE,134270409382752784,All-Employees;Information-Technology-All,Network Engineer - Information Technology
joseph.morton,"CN=Joseph Morton,OU=Engineering,DC=northwind,DC=local",Joseph Morton,joseph.morton@northwindmaterials.com,TRUE,134304467738660432,All-Employees;Engineering-All,QA Engineer - Engineering
ctr.robert.walker,"CN=Robert Walker,OU=Contractors,DC=northwind,DC=local",Robert Walker,robert.walker@contractor.northwindmaterials.com,TRUE,134284860019455536,Contractors-All;All-Employees,Contractor - Staffing Partner A - vendor engagement
thomas.delacruz,"CN=Thomas Delacruz,OU=QualityAssurance,DC=northwind,DC=local",Thomas Delacruz,thomas.delacruz@northwindmaterials.com,TRUE,134314554328735968,All-Employees;Quality-Assurance-All,Quality Inspector - Quality Assurance
benjamin.gonzalez,"CN=Benjamin Gonzalez,OU=QualityAssurance,DC=northwind,DC=local",Benjamin Gonzalez,benjamin.gonzalez@northwindmaterials.com,TRUE,134274719175412368,All-Employees;Quality-Assurance-All,Quality Inspector - Quality Assurance
mary.murphy,"CN=Mary Murphy,OU=Engineering,DC=northwind,DC=local",Mary Murphy,mary.murphy@northwindmaterials.com,TRUE,134259138004348480,All-Employees;Engineering-All,QA Engineer - Engineering
tammy.ballard,"CN=Tammy Ballard,OU=Manufacturing,DC=northwind,DC=local",Tammy Ballard,tammy.ballard@northwindmaterials.com,TRUE,134299437867278992,All-Employees;Manufacturing-All,Production Associate - Manufacturing
crystal.williams,"CN=Crystal Williams,OU=QualityAssurance,DC=northwind,DC=local",Crystal Williams,crystal.williams@northwindmaterials.com,TRUE,134292599464092464,All-Employees;Quality-Assurance-All,Quality Inspector - Quality Assurance
catherine.gomez,"CN=Catherine Gomez,OU=Legal,DC=northwind,DC=local",Catherine Gomez,catherine.gomez@northwindmaterials.com,TRUE,134303305871896016,All-Employees;Legal-All,Compliance Analyst - Legal
shelby.byrd,"CN=Shelby Byrd,OU=CustomerSuccess,DC=northwind,DC=local",Shelby Byrd,shelby.byrd@northwindmaterials.com,TRUE,134252914751613776,All-Employees;Customer-Success-All,Customer Success Associate - Customer Success
oscar.taylor,"CN=Oscar Taylor,OU=Manufacturing,DC=northwind,DC=local",Oscar Taylor,oscar.taylor@northwindmaterials.com,TRUE,134259533926233248,All-Employees;Manufacturing-All,Line Supervisor - Manufacturing
andrew.willis,"CN=Andrew Willis,OU=SupplyChain,DC=northwind,DC=local",Andrew Willis,andrew.willis@northwindmaterials.com,TRUE,134260560791293776,All-Employees;Supply-Chain-All,Supply Chain Analyst - Supply Chain
danielle.hensley,"CN=Danielle Hensley,OU=SupplyChain,DC=northwind,DC=local",Danielle Hensley,danielle.hensley@northwindmaterials.com,TRUE,134274863943049504,All-Employees;Supply-Chain-All,Supply Chain Analyst - Supply Chain
ctr.anthony.hanna,"CN=Anthony Hanna,OU=Contractors,DC=northwind,DC=local",Anthony Hanna,anthony.hanna@contractor.northwindmaterials.com,TRUE,134278410165823328,Contractors-All;All-Employees,Contractor - Staffing Partner A - vendor engagement
ctr.leonard.harding,"CN=Leonard Harding,OU=Contractors,DC=northwind,DC=local",Leonard Harding,leonard.harding@contractor.northwindmaterials.com,TRUE,134250167306104832,Contractors-All;All-Employees,Contractor - Staffing Partner B - vendor engagement
kathryn.jordan,"CN=Kathryn Jordan,OU=Manufacturing,DC=northwind,DC=local",Kathryn Jordan,kathryn.jordan@northwindmaterials.com,TRUE,134251118869588224,All-Employees;Manufacturing-All,Plant Technician - Manufacturing
terrance.franco,"CN=Terrance Franco,OU=Engineering,DC=northwind,DC=local",Terrance Franco,terrance.franco@northwindmaterials.com,FALSE,134281854943984416,All-Employees;Engineering-All,Software Engineer - Engineering
timothy.booth,"CN=Timothy Booth,OU=CustomerSuccess,DC=northwind,DC=local",Timothy Booth,timothy.booth@northwindmaterials.com,TRUE,134318556590068304,All-Employees;Customer-Success-All,Support Specialist - Customer Success
ctr.antonio.potter,"CN=Antonio Potter,OU=Contractors,DC=northwind,DC=local",Antonio Potter,antonio.potter@contractor.northwindmaterials.com,TRUE,134288644252076544,Contractors-All;All-Employees,Contractor - Staffing Partner B - vendor engagement
tammy.gutierrez,"CN=Tammy Gutierrez,OU=Manufacturing,DC=northwind,DC=local",Tammy Gutierrez,tammy.gutierrez@northwindmaterials.com,TRUE,134305883152786960,All-Employees;Manufacturing-All;Plant-Ops-Leads,Production Associate - Manufacturing
eric.pierce,"CN=Eric Pierce,OU=SupplyChain,DC=northwind,DC=local",Eric Pierce,eric.pierce@northwindmaterials.com,TRUE,134310265725366800,All-Employees;Supply-Chain-All,Procurement Specialist - Supply Chain
brandon.nichols,"CN=Brandon Nichols,OU=Finance,DC=northwind,DC=local",Brandon Nichols,brandon.nichols@northwindmaterials.com,TRUE,134260605400337136,All-Employees;Finance-All,Financial Analyst - Finance
john.foster,"CN=John Foster,OU=InformationTechnology,DC=northwind,DC=local",John Foster,john.foster@northwindmaterials.com,TRUE,134280418010965600,All-Employees;Information-Technology-All,"Manager, Information Technology - Information Technology"
michael.matthews,"CN=Michael Matthews,OU=QualityAssurance,DC=northwind,DC=local",Michael Matthews,michael.matthews@northwindmaterials.com,TRUE,134281179429530544,All-Employees;Quality-Assurance-All,QA Analyst - Quality Assurance
ryan.mueller,"CN=Ryan Mueller,OU=Manufacturing,DC=northwind,DC=local",Ryan Mueller,ryan.mueller@northwindmaterials.com,TRUE,134257673012243264,All-Employees;Manufacturing-All;Plant-Ops-Leads,Machine Operator - Manufacturing
christopher.lopez,"CN=Christopher Lopez,OU=InformationTechnology,DC=northwind,DC=local",Christopher Lopez,christopher.lopez@northwindmaterials.com,FALSE,134263049640327456,All-Employees;Information-Technology-All,"Manager, Information Technology - Information Technology"
andrea.brown,"CN=Andrea Brown,OU=QualityAssurance,DC=northwind,DC=local",Andrea Brown,andrea.brown@northwindmaterials.com,TRUE,134282404471210576,All-Employees;Quality-Assurance-All,QA Analyst - Quality Assurance
robert.johnson,"CN=Robert Johnson,OU=Finance,DC=northwind,DC=local",Robert Johnson,robert.johnson@northwindmaterials.com,TRUE,134325523649146592,All-Employees;Finance-All,VP of Finance - Finance
kimberly.morris,"CN=Kimberly Morris,OU=Engineering,DC=northwind,DC=local",Kimberly Morris,kimberly.morris@northwindmaterials.com,TRUE,134277076433502080,All-Employees;Engineering-All,DevOps Engineer - Engineering
jacob.cole,"CN=Jacob Cole,OU=Legal,DC=northwind,DC=local",Jacob Cole,jacob.cole@northwindmaterials.com,FALSE,134296153669207136,All-Employees;Legal-All,Paralegal - Legal
brandon.obrien,"CN=Brandon Obrien,OU=Finance,DC=northwind,DC=local",Brandon Obrien,brandon.obrien@northwindmaterials.com,TRUE,134321963209312336,All-Employees;Finance-All,AP Specialist - Finance
allison.luna,"CN=Allison Luna,OU=Engineering,DC=northwind,DC=local",Allison Luna,allison.luna@northwindmaterials.com,TRUE,134302570148844048,All-Employees;Engineering-All,Senior Software Engineer - Engineering
ctr.courtney.green,"CN=Courtney Green,OU=Contractors,DC=northwind,DC=local",Courtney Green,courtney.green@contractor.northwindmaterials.com,TRUE,134292501932346464,Contractors-All;All-Employees,Contractor - Staffing Partner B - vendor engagement
amanda.ball,"CN=Amanda Ball,OU=QualityAssurance,DC=northwind,DC=local",Amanda Ball,amanda.ball@northwindmaterials.com,TRUE,134324137487484384,All-Employees;Quality-Assurance-All,"Manager, Quality Assurance - Quality Assurance"
laura.kelly,"CN=Laura Kelly,OU=CustomerSuccess,DC=northwind,DC=local",Laura Kelly,laura.kelly@northwindmaterials.com,TRUE,134277170658408720,All-Employees;Customer-Success-All,Support Specialist - Customer Success
jennifer.wilson,"CN=Jennifer Wilson,OU=CustomerSuccess,DC=northwind,DC=local",Jennifer Wilson,jennifer.wilson@northwindmaterials.com,TRUE,134272301445517600,All-Employees;Customer-Success-All,Support Specialist - Customer Success
debbie.hunt,"CN=Debbie Hunt,OU=Legal,DC=northwind,DC=local",Debbie Hunt,debbie.hunt@northwindmaterials.com,TRUE,134299069404084352,All-Employees;Legal-All,Paralegal - Legal
joseph.miller,"CN=Joseph Miller,OU=Finance,DC=northwind,DC=local",Joseph Miller,josephm@northwindmaterials.com,TRUE,134295169324264912,All-Employees;Finance-All,Accountant - Finance
ctr.valerie.mcmillan,"CN=Valerie Mcmillan,OU=Contractors,DC=northwind,DC=local",Valerie Mcmillan,valerie.mcmillan@contractor.northwindmaterials.com,TRUE,134307270954374640,Contractors-All;All-Employees,Contractor - Staffing Partner B - vendor engagement
edward.shaffer,"CN=Edward Shaffer,OU=CustomerSuccess,DC=northwind,DC=local",Edward Shaffer,edward.shaffer@northwindmaterials.com,TRUE,134319248166431744,All-Employees;Customer-Success-All,Customer Success Associate - Customer Success
steven.dunn,"CN=Steven Dunn,OU=QualityAssurance,DC=northwind,DC=local",Steven Dunn,steven.dunn@northwindmaterials.com,TRUE,134326462765267184,All-Employees;Quality-Assurance-All,Quality Inspector - Quality Assurance
angela.randall,"CN=Angela Randall,OU=Finance,DC=northwind,DC=local",Angela Randall,angela.randall@northwindmaterials.com,TRUE,134261301904720080,All-Employees;Finance-All,Financial Analyst - Finance
rodney.owens,"CN=Rodney Owens,OU=Engineering,DC=northwind,DC=local",Rodney Owens,rodney.owens@northwindmaterials.com,TRUE,134312254178835984,All-Employees;Engineering-All,"Manager, Engineering - Engineering"
jennifer.zuniga,"CN=Jennifer Zuniga,OU=Manufacturing,DC=northwind,DC=local",Jennifer Zuniga,jennifer.zuniga@northwindmaterials.com,FALSE,134295479416432432,All-Employees;Manufacturing-All,Line Supervisor - Manufacturing
carolyn.smith,"CN=Carolyn Smith,OU=InformationTechnology,DC=northwind,DC=local",Carolyn Smith,carolyn.smith@northwindmaterials.com,TRUE,134261522956045744,All-Employees;Information-Technology-All,Systems Administrator - Information Technology
joseph.perry,"CN=Joseph Perry,OU=Engineering,DC=northwind,DC=local",Joseph Perry,joseph.perry@northwindmaterials.com,FALSE,134278393301461456,All-Employees;Engineering-All,Software Engineer - Engineering
cameron.hill,"CN=Cameron Hill,OU=Legal,DC=northwind,DC=local",Cameron Hill,cameron.hill@northwindmaterials.com,TRUE,134283490474562800,All-Employees;Legal-All,Compliance Analyst - Legal
samantha.bright,"CN=Samantha Bright,OU=SupplyChain,DC=northwind,DC=local",Samantha Bright,samantha.bright@northwindmaterials.com,TRUE,134307056728698144,All-Employees;Supply-Chain-All,Supply Chain Analyst - Supply Chain
david.hall,"CN=David Hall,OU=SupplyChain,DC=northwind,DC=local",David Hall,davidh@northwindmaterials.com,TRUE,134270120184545856,All-Employees;Supply-Chain-All,Supply Chain Analyst - Supply Chain
candice.medina,"CN=Candice Medina,OU=SupplyChain,DC=northwind,DC=local",Candice Medina,candice.medina@northwindmaterials.com,TRUE,134250917835119680,All-Employees;Supply-Chain-All,Supply Chain Analyst - Supply Chain
cynthia.kelley,"CN=Cynthia Kelley,OU=QualityAssurance,DC=northwind,DC=local",Cynthia Kelley,cynthia.kelley@northwindmaterials.com,TRUE,134297056842951424,All-Employees;Quality-Assurance-All,QA Analyst - Quality Assurance
jeffrey.ray,"CN=Jeffrey Ray,OU=SupplyChain,DC=northwind,DC=local",Jeffrey Ray,jeffrey.ray@northwindmaterials.com,TRUE,134276618941847360,All-Employees;Supply-Chain-All,Supply Chain Analyst - Supply Chain
lisa.smith,"CN=Lisa Smith,OU=QualityAssurance,DC=northwind,DC=local",Lisa Smith,lisa.smith@northwindmaterials.com,TRUE,134310943663767744,All-Employees;Quality-Assurance-All,VP of Quality Assurance - Quality Assurance
anthony.williams,"CN=Anthony Williams,OU=Engineering,DC=northwind,DC=local",Anthony Williams,anthony.williams@northwindmaterials.com,TRUE,134327143980407632,All-Employees;Engineering-All,Software Engineer - Engineering
kristin.rodriguez,"CN=Kristin Rodriguez,OU=CustomerSuccess,DC=northwind,DC=local",Kristin Rodriguez,kristin.rodriguez@northwindmaterials.com,TRUE,134321754686259568,All-Employees;Customer-Success-All,"Manager, Customer Success - Customer Success"
sarah.anderson,"CN=Sarah Anderson,OU=Manufacturing,DC=northwind,DC=local",Sarah Anderson,sarah.anderson@northwindmaterials.com,TRUE,134291312087535904,All-Employees;Manufacturing-All,Production Associate - Manufacturing
jamie.aguilar,"CN=Jamie Aguilar,OU=Engineering,DC=northwind,DC=local",Jamie Aguilar,jamie.aguilar@northwindmaterials.com,TRUE,134261602945048384,All-Employees;Engineering-All,Software Engineer - Engineering
micheal.nunez,"CN=Micheal Nunez,OU=Finance,DC=northwind,DC=local",Micheal Nunez,micheal.nunez@northwindmaterials.com,TRUE,134314776436192896,All-Employees;Finance-All,AP Specialist - Finance
michael.flores,"CN=Michael Flores,OU=CustomerSuccess,DC=northwind,DC=local",Michael Flores,michael.flores@northwindmaterials.com,TRUE,134250743236769040,All-Employees;Customer-Success-All,Customer Success Associate - Customer Success
stephanie.key,"CN=Stephanie Key,OU=Engineering,DC=northwind,DC=local",Stephanie Key,stephanie.key@northwindmaterials.com,TRUE,134290011073562144,All-Employees;Engineering-All,Senior Software Engineer - Engineering
jennifer.mason,"CN=Jennifer Mason,OU=Finance,DC=northwind,DC=local",Jennifer Mason,jennifer.mason@northwindmaterials.com,TRUE,134321082238006320,All-Employees;Finance-All,Accountant - Finance
rebecca.bailey,"CN=Rebecca Bailey,OU=Finance,DC=northwind,DC=local",Rebecca Bailey,rebecca.bailey@northwindmaterials.com,TRUE,134304442399505136,All-Employees;Finance-All,Accountant - Finance
ctr.kayla.martin,"CN=Kayla Martin,OU=Contractors,DC=northwind,DC=local",Kayla Martin,kayla.martin@contractor.northwindmaterials.com,TRUE,134324442773852576,Contractors-All;All-Employees,Contractor - Staffing Partner A - vendor engagement
veronica.perez,"CN=Veronica Perez,OU=QualityAssurance,DC=northwind,DC=local",Veronica Perez,veronica.perez@northwindmaterials.com,TRUE,134261428958751696,All-Employees;Quality-Assurance-All,QA Analyst - Quality Assurance
robert.castaneda,"CN=Robert Castaneda,OU=Manufacturing,DC=northwind,DC=local",Robert Castaneda,robert.castaneda@northwindmaterials.com,TRUE,134271239395147088,All-Employees;Manufacturing-All,Plant Technician - Manufacturing
jonathan.rivera,"CN=Jonathan Rivera,OU=SupplyChain,DC=northwind,DC=local",Jonathan Rivera,jonathan.rivera@northwindmaterials.com,TRUE,134277639574984384,All-Employees;Supply-Chain-All,Procurement Specialist - Supply Chain
kimberly.palmer,"CN=Kimberly Palmer,OU=SupplyChain,DC=northwind,DC=local",Kimberly Palmer,kimberly.palmer@northwindmaterials.com,TRUE,134257425024748672,All-Employees;Supply-Chain-All,Supply Chain Analyst - Supply Chain
larry.wilson,"CN=Larry Wilson,OU=Engineering,DC=northwind,DC=local",Larry Wilson,larry.wilson@northwindmaterials.com,TRUE,134279167165675296,All-Employees;Engineering-All,QA Engineer - Engineering
rebecca.hernandez,"CN=Rebecca Hernandez,OU=Finance,DC=northwind,DC=local",Rebecca Hernandez,rebecca.hernandez@northwindmaterials.com,TRUE,134269175142578144,All-Employees;Finance-All,Financial Analyst - Finance
jose.young,"CN=Jose Young,OU=InformationTechnology,DC=northwind,DC=local",Jose Young,jose.young@northwindmaterials.com,TRUE,134317656900560400,All-Employees;Information-Technology-All,IT Support Specialist - Information Technology
brian.smith,"CN=Brian Smith,OU=Engineering,DC=northwind,DC=local",Brian Smith,brian.smith@northwindmaterials.com,TRUE,134289135146340176,All-Employees;Engineering-All,DevOps Engineer - Engineering
karen.anderson,"CN=Karen Anderson,OU=Manufacturing,DC=northwind,DC=local",Karen Anderson,karen.anderson@northwindmaterials.com,TRUE,134252638330473152,All-Employees;Manufacturing-All;Plant-Ops-Leads,Machine Operator - Manufacturing
cody.stanley,"CN=Cody Stanley,OU=Finance,DC=northwind,DC=local",Cody Stanley,cody.stanley@northwindmaterials.com,TRUE,134299355948613088,All-Employees;Finance-All,Accountant - Finance
ctr.joyce.smith,"CN=Joyce Smith,OU=Contractors,DC=northwind,DC=local",Joyce Smith,joyce.smith@contractor.northwindmaterials.com,TRUE,134278640301967312,Contractors-All;All-Employees,Contractor - Staffing Partner A - vendor engagement
travis.mcguire,"CN=Travis Mcguire,OU=SupplyChain,DC=northwind,DC=local",Travis Mcguire,travis.mcguire@northwindmaterials.com,TRUE,134296289787585168,All-Employees;Supply-Chain-All,Procurement Specialist - Supply Chain
elizabeth.jensen,"CN=Elizabeth Jensen,OU=Engineering,DC=northwind,DC=local",Elizabeth Jensen,elizabeth.jensen@northwindmaterials.com,TRUE,134271577658179360,All-Employees;Engineering-All,Senior Software Engineer - Engineering
ctr.edgar.rios,"CN=Edgar Rios,OU=Contractors,DC=northwind,DC=local",Edgar Rios,edgar.rios@contractor.northwindmaterials.com,TRUE,134274411106820368,Contractors-All;All-Employees,Contractor - Staffing Partner A - vendor engagement
frank.owens,"CN=Frank Owens,OU=Manufacturing,DC=northwind,DC=local",Frank Owens,frank.owens@northwindmaterials.com,TRUE,134285108717104608,All-Employees;Manufacturing-All,Machine Operator - Manufacturing
plant-shared-increase19,"CN=plant-shared-increase19,OU=ServiceAccounts,DC=northwind,DC=local",plant-shared-increase19,plant-shared-increase19@northwindmaterials.com,TRUE,134304015028060624,Service-Accounts,Non-interactive service/CI account
jonathan.hall,"CN=Jonathan Hall,OU=InformationTechnology,DC=northwind,DC=local",Jonathan Hall,jonathan.hall@northwindmaterials.com,TRUE,134284203660582688,All-Employees;Information-Technology-All,Network Engineer - Information Technology
ctr.steven.day,"CN=Steven Day,OU=Contractors,DC=northwind,DC=local",Steven Day,steven.day@contractor.northwindmaterials.com,TRUE,134319501837842576,Contractors-All;All-Employees,Contractor - Staffing Partner B - vendor engagement
kimberly.jones,"CN=Kimberly Jones,OU=Engineering,DC=northwind,DC=local",Kimberly Jones,kimberly.jones@northwindmaterials.com,TRUE,134301525509659168,All-Employees;Engineering-All,QA Engineer - Engineering
vincent.williams,"CN=Vincent Williams,OU=CustomerSuccess,DC=northwind,DC=local",Vincent Williams,vincent.williams@northwindmaterials.com,TRUE,134250246523175376,All-Employees;Customer-Success-All,Customer Success Associate - Customer Success
katherine.thompson,"CN=Katherine Thompson,OU=QualityAssurance,DC=northwind,DC=local",Katherine Thompson,katherine.thompson@northwindmaterials.com,TRUE,134283142945824560,All-Employees;Quality-Assurance-All,Quality Inspector - Quality Assurance
marie.wise,"CN=Marie Wise,OU=SupplyChain,DC=northwind,DC=local",Marie Wise,marie.wise@northwindmaterials.com,TRUE,134291365659273440,All-Employees;Supply-Chain-All,Supply Chain Analyst - Supply Chain
marcus.cordova,"CN=Marcus Cordova,OU=QualityAssurance,DC=northwind,DC=local",Marcus Cordova,marcus.cordova@northwindmaterials.com,FALSE,134268661539618016,All-Employees;Quality-Assurance-All,QA Analyst - Quality Assurance
stephen.house,"CN=Stephen House,OU=Engineering,DC=northwind,DC=local",Stephen House,stephen.house@northwindmaterials.com,TRUE,134303451725057376,All-Employees;Engineering-All,QA Engineer - Engineering
sara.mcdowell,"CN=Sara Mcdowell,OU=Finance,DC=northwind,DC=local",Sara Mcdowell,sara.mcdowell@northwindmaterials.com,TRUE,134312709869791648,All-Employees;Finance-All,Financial Analyst - Finance
paul.frye,"CN=Paul Frye,OU=Engineering,DC=northwind,DC=local",Paul Frye,paul.frye@northwindmaterials.com,TRUE,134279273642341168,All-Employees;Engineering-All,Senior Software Engineer - Engineering
kevin.cross,"CN=Kevin Cross,OU=Manufacturing,DC=northwind,DC=local",Kevin Cross,kevin.cross@northwindmaterials.com,TRUE,134314253138092752,All-Employees;Manufacturing-All,Machine Operator - Manufacturing
amy.clark,"CN=Amy Clark,OU=Operations,DC=northwind,DC=local",Amy Clark,amy.clark@northwindmaterials.com,TRUE,134308529528531456,All-Employees;Operations-All,Operations Analyst - Operations
albert.ballard,"CN=Albert Ballard,OU=SupplyChain,DC=northwind,DC=local",Albert Ballard,albert.ballard@northwindmaterials.com,TRUE,134251125946465488,All-Employees;Supply-Chain-All,Procurement Specialist - Supply Chain
tyler.strong,"CN=Tyler Strong,OU=Engineering,DC=northwind,DC=local",Tyler Strong,tyler.strong@northwindmaterials.com,TRUE,134261841160966528,All-Employees;Engineering-All,Senior Software Engineer - Engineering
william.bruce,"CN=William Bruce,OU=Manufacturing,DC=northwind,DC=local",William Bruce,william.bruce@northwindmaterials.com,TRUE,134256326023288400,All-Employees;Manufacturing-All;Plant-Ops-Leads,Line Supervisor - Manufacturing
john.bennett,"CN=John Bennett,OU=Legal,DC=northwind,DC=local",John Bennett,john.bennett@northwindmaterials.com,TRUE,134303005644076016,All-Employees;Legal-All,Compliance Analyst - Legal
margaret.jones,"CN=Margaret Jones,OU=Engineering,DC=northwind,DC=local",Margaret Jones,margaret.jones@northwindmaterials.com,TRUE,134286806046479152,All-Employees;Engineering-All,QA Engineer - Engineering
mark.martinez,"CN=Mark Martinez,OU=SupplyChain,DC=northwind,DC=local",Mark Martinez,mark.martinez@northwindmaterials.com,FALSE,134284051283535408,All-Employees;Supply-Chain-All,Procurement Specialist - Supply Chain
shannon.cook,"CN=Shannon Cook,OU=SupplyChain,DC=northwind,DC=local",Shannon Cook,shannon.cook@northwindmaterials.com,TRUE,134314950580706240,All-Employees;Supply-Chain-All,Supply Chain Analyst - Supply Chain
dakota.brown,"CN=Dakota Brown,OU=Legal,DC=northwind,DC=local",Dakota Brown,dakota.brown@northwindmaterials.com,TRUE,134291575728493536,All-Employees;Legal-All,Compliance Analyst - Legal
leonard.ali,"CN=Leonard Ali,OU=Engineering,DC=northwind,DC=local",Leonard Ali,leonard.ali@northwindmaterials.com,TRUE,134286541438842752,All-Employees;Engineering-All,DevOps Engineer - Engineering
brenda.goodwin,"CN=Brenda Goodwin,OU=Finance,DC=northwind,DC=local",Brenda Goodwin,brenda.goodwin@northwindmaterials.com,TRUE,134296397496638896,All-Employees;Finance-All,AP Specialist - Finance
kevin.huerta,"CN=Kevin Huerta,OU=HumanResources,DC=northwind,DC=local",Kevin Huerta,kevin.huerta@northwindmaterials.com,TRUE,134325054827352560,All-Employees;Human-Resources-All,HR Coordinator - Human Resources
ctr.ethan.horton,"CN=Ethan Horton,OU=Contractors,DC=northwind,DC=local",Ethan Horton,ethan.horton@contractor.northwindmaterials.com,TRUE,134277088879196544,Contractors-All;All-Employees,Contractor - Staffing Partner A - vendor engagement
gary.duran,"CN=Gary Duran,OU=Finance,DC=northwind,DC=local",Gary Duran,gary.duran@northwindmaterials.com,TRUE,134303962944167520,All-Employees;Finance-All,Financial Analyst - Finance
ashley.graham,"CN=Ashley Graham,OU=Engineering,DC=northwind,DC=local",Ashley Graham,ashley.graham@northwindmaterials.com,TRUE,134306732578896528,All-Employees;Engineering-All,DevOps Engineer - Engineering
michael.montoya,"CN=Michael Montoya,OU=SupplyChain,DC=northwind,DC=local",Michael Montoya,michael.montoya@northwindmaterials.com,TRUE,134253065853080288,All-Employees;Supply-Chain-All,Procurement Specialist - Supply Chain
cody.anderson,"CN=Cody Anderson,OU=Legal,DC=northwind,DC=local",Cody Anderson,cody.anderson@northwindmaterials.com,TRUE,134326516458307568,All-Employees;Legal-All,Paralegal - Legal
randy.collins,"CN=Randy Collins,OU=SupplyChain,DC=northwind,DC=local",Randy Collins,randy.collins@northwindmaterials.com,TRUE,134292642051316560,All-Employees;Supply-Chain-All,Supply Chain Analyst - Supply Chain
julie.wilson,"CN=Julie Wilson,OU=Finance,DC=northwind,DC=local",Julie Wilson,julie.wilson@northwindmaterials.com,TRUE,134253219708199616,All-Employees;Finance-All,AP Specialist - Finance
bonnie.kennedy,"CN=Bonnie Kennedy,OU=SupplyChain,DC=northwind,DC=local",Bonnie Kennedy,bonnie.kennedy@northwindmaterials.com,TRUE,134260204740208576,All-Employees;Supply-Chain-All,Supply Chain Analyst - Supply Chain
jonathan.hess,"CN=Jonathan Hess,OU=InformationTechnology,DC=northwind,DC=local",Jonathan Hess,jonathan.hess@northwindmaterials.com,TRUE,134300122476586896,All-Employees;Information-Technology-All,Network Engineer - Information Technology
kyle.nolan,"CN=Kyle Nolan,OU=InformationTechnology,DC=northwind,DC=local",Kyle Nolan,kyle.nolan@northwindmaterials.com,TRUE,134307054460806864,All-Employees;Information-Technology-All,"Manager, Information Technology - Information Technology"
gregory.rubio,"CN=Gregory Rubio,OU=Engineering,DC=northwind,DC=local",Gregory Rubio,gregory.rubio@northwindmaterials.com,TRUE,134256959760349280,All-Employees;Engineering-All,DevOps Engineer - Engineering
andrew.martinez,"CN=Andrew Martinez,OU=CustomerSuccess,DC=northwind,DC=local",Andrew Martinez,andrew.martinez@northwindmaterials.com,TRUE,134252151282291584,All-Employees;Customer-Success-All,Support Specialist - Customer Success
kayla.todd,"CN=Kayla Todd,OU=InformationTechnology,DC=northwind,DC=local",Kayla Todd,kayla.todd@northwindmaterials.com,TRUE,134325285108085024,All-Employees;Information-Technology-All,IT Support Specialist - Information Technology
devin.reyes,"CN=Devin Reyes,OU=SupplyChain,DC=northwind,DC=local",Devin Reyes,devin.reyes@northwindmaterials.com,TRUE,134325701096976192,All-Employees;Supply-Chain-All,Procurement Specialist - Supply Chain
leslie.cox,"CN=Leslie Cox,OU=CustomerSuccess,DC=northwind,DC=local",Leslie Cox,leslie.cox@northwindmaterials.com,TRUE,134257038422330592,All-Employees;Customer-Success-All,Customer Success Associate - Customer Success
jeremy.garcia,"CN=Jeremy Garcia,OU=Finance,DC=northwind,DC=local",Jeremy Garcia,jeremy.garcia@northwindmaterials.com,TRUE,134269334262775280,All-Employees;Finance-All,Financial Analyst - Finance
isaac.frazier,"CN=Isaac Frazier,OU=Finance,DC=northwind,DC=local",Isaac Frazier,isaac.frazier@northwindmaterials.com,TRUE,134253054825343744,All-Employees;Finance-All,AP Specialist - Finance
sherri.moore,"CN=Sherri Moore,OU=Engineering,DC=northwind,DC=local",Sherri Moore,sherri.moore@northwindmaterials.com,TRUE,134274098839612272,All-Employees;Engineering-All,Software Engineer - Engineering
jodi.hancock,"CN=Jodi Hancock,OU=InformationTechnology,DC=northwind,DC=local",Jodi Hancock,jodi.hancock@northwindmaterials.com,TRUE,134258866754041136,All-Employees;Information-Technology-All,IT Support Specialist - Information Technology
eric.ward,"CN=Eric Ward,OU=Manufacturing,DC=northwind,DC=local",Eric Ward,eric.ward@northwindmaterials.com,TRUE,134312110382114288,All-Employees;Manufacturing-All;Plant-Ops-Leads,Production Associate - Manufacturing
jennifer.poole,"CN=Jennifer Poole,OU=InformationTechnology,DC=northwind,DC=local",Jennifer Poole,jennifer.poole@northwindmaterials.com,TRUE,134255459255544560,All-Employees;Information-Technology-All,IT Support Specialist - Information Technology
donald.love,"CN=Donald Love,OU=SupplyChain,DC=northwind,DC=local",Donald Love,donald.love@northwindmaterials.com,TRUE,134266503292098272,All-Employees;Supply-Chain-All,Procurement Specialist - Supply Chain
frank.armstrong,"CN=Frank Armstrong,OU=Engineering,DC=northwind,DC=local",Frank Armstrong,frank.armstrong@northwindmaterials.com,TRUE,134290124734164720,All-Employees;Engineering-All,DevOps Engineer - Engineering
mary.baker,"CN=Mary Baker,OU=QualityAssurance,DC=northwind,DC=local",Mary Baker,mary.baker@northwindmaterials.com,TRUE,134256758459553376,All-Employees;Quality-Assurance-All,Quality Inspector - Quality Assurance
alexa.wood,"CN=Alexa Wood,OU=InformationTechnology,DC=northwind,DC=local",Alexa Wood,alexa.wood@northwindmaterials.com,TRUE,134316762296588480,All-Employees;Information-Technology-All,Network Engineer - Information Technology
plant-shared-data16,"CN=plant-shared-data16,OU=ServiceAccounts,DC=northwind,DC=local",plant-shared-data16,plant-shared-data16@northwindmaterials.com,TRUE,134307830414407744,Service-Accounts,Non-interactive service/CI account
ctr.paul.henson,"CN=Paul Henson,OU=Contractors,DC=northwind,DC=local",Paul Henson,paul.henson@contractor.northwindmaterials.com,TRUE,134313487751501296,Contractors-All;All-Employees,Contractor - Staffing Partner B - vendor engagement
tammy.ramirez,"CN=Tammy Ramirez,OU=Engineering,DC=northwind,DC=local",Tammy Ramirez,tammy.ramirez@northwindmaterials.com,TRUE,134281360698714960,All-Employees;Engineering-All,"Manager, Engineering - Engineering"
destiny.ruiz,"CN=Destiny Ruiz,OU=QualityAssurance,DC=northwind,DC=local",Destiny Ruiz,destiny.ruiz@northwindmaterials.com,TRUE,134265293318624624,All-Employees;Quality-Assurance-All,Quality Inspector - Quality Assurance
nathan.davis,"CN=Nathan Davis,OU=InformationTechnology,DC=northwind,DC=local",Nathan Davis,nathan.davis@northwindmaterials.com,TRUE,134278963539679344,All-Employees;Information-Technology-All,IT Support Specialist - Information Technology
jennifer.evans,"CN=Jennifer Evans,OU=SupplyChain,DC=northwind,DC=local",Jennifer Evans,jennifere@northwindmaterials.com,TRUE,134263469978750320,All-Employees;Supply-Chain-All,"Manager, Supply Chain - Supply Chain"
mark.bates,"CN=Mark Bates,OU=QualityAssurance,DC=northwind,DC=local",Mark Bates,mark.bates@northwindmaterials.com,TRUE,134313781480425584,All-Employees;Quality-Assurance-All,QA Analyst - Quality Assurance
michelle.rivera,"CN=Michelle Rivera,OU=SupplyChain,DC=northwind,DC=local",Michelle Rivera,michelle.rivera@northwindmaterials.com,TRUE,134313318588210320,All-Employees;Supply-Chain-All,Supply Chain Analyst - Supply Chain
amanda.may,"CN=Amanda May,OU=QualityAssurance,DC=northwind,DC=local",Amanda May,amanda.may@northwindmaterials.com,TRUE,134254564594293552,All-Employees;Quality-Assurance-All,QA Analyst - Quality Assurance
jodi.evans,"CN=Jodi Evans,OU=SupplyChain,DC=northwind,DC=local",Jodi Evans,jodi.evans@northwindmaterials.com,TRUE,134292995906092848,All-Employees;Supply-Chain-All,Supply Chain Analyst - Supply Chain
caleb.mcneil,"CN=Caleb Mcneil,OU=QualityAssurance,DC=northwind,DC=local",Caleb Mcneil,caleb.mcneil@northwindmaterials.com,TRUE,134280293182090096,All-Employees;Quality-Assurance-All,QA Analyst - Quality Assurance
svc-meet10,"CN=svc-meet10,OU=ServiceAccounts,DC=northwind,DC=local",svc-meet10,svc-meet10@northwindmaterials.com,TRUE,134306512236844080,Service-Accounts,Non-interactive service/CI account
diana.smith,"CN=Diana Smith,OU=Engineering,DC=northwind,DC=local",Diana Smith,diana.smith@northwindmaterials.com,FALSE,134299320430401472,All-Employees;Engineering-All,Senior Software Engineer - Engineering
brittney.johnson,"CN=Brittney Johnson,OU=Manufacturing,DC=northwind,DC=local",Brittney Johnson,brittney.johnson@northwindmaterials.com,TRUE,134296790994251408,All-Employees;Manufacturing-All,Line Supervisor - Manufacturing
sean.baker,"CN=Sean Baker,OU=Finance,DC=northwind,DC=local",Sean Baker,sean.baker@northwindmaterials.com,TRUE,134305324869034144,All-Employees;Finance-All,Financial Analyst - Finance
stacey.joyce,"CN=Stacey Joyce,OU=Finance,DC=northwind,DC=local",Stacey Joyce,stacey.joyce@northwindmaterials.com,TRUE,134308168093860448,All-Employees;Finance-All,Financial Analyst - Finance
alexis.giles,"CN=Alexis Giles,OU=SupplyChain,DC=northwind,DC=local",Alexis Giles,alexis.giles@northwindmaterials.com,TRUE,134303975422459200,All-Employees;Supply-Chain-All,Supply Chain Analyst - Supply Chain
kelly.adams,"CN=Kelly Adams,OU=SupplyChain,DC=northwind,DC=local",Kelly Adams,kelly.adams@northwindmaterials.com,TRUE,134303513515241168,All-Employees;Supply-Chain-All,Supply Chain Analyst - Supply Chain
theodore.lee,"CN=Theodore Lee,OU=Engineering,DC=northwind,DC=local",Theodore Lee,theodore.lee@northwindmaterials.com,TRUE,134277609294766736,All-Employees;Engineering-All,DevOps Engineer - Engineering
daniel.yu,"CN=Daniel Yu,OU=Manufacturing,DC=northwind,DC=local",Daniel Yu,daniel.yu@northwindmaterials.com,TRUE,134305555033685072,All-Employees;Manufacturing-All,Production Associate - Manufacturing
robert.nixon,"CN=Robert Nixon,OU=SupplyChain,DC=northwind,DC=local",Robert Nixon,robert.nixon@northwindmaterials.com,TRUE,134296479151435408,All-Employees;Supply-Chain-All,Supply Chain Analyst - Supply Chain
bianca.nguyen,"CN=Bianca Nguyen,OU=Finance,DC=northwind,DC=local",Bianca Nguyen,bianca.nguyen@northwindmaterials.com,TRUE,134276008761025680,All-Employees;Finance-All,Financial Analyst - Finance
mary.johnston,"CN=Mary Johnston,OU=SupplyChain,DC=northwind,DC=local",Mary Johnston,mary.johnston@northwindmaterials.com,TRUE,134315028839543168,All-Employees;Supply-Chain-All,Procurement Specialist - Supply Chain
ctr.ryan.macdonald,"CN=Ryan Macdonald,OU=Contractors,DC=northwind,DC=local",Ryan Macdonald,ryan.macdonald@contractor.northwindmaterials.com,TRUE,134309707848062832,Contractors-All;All-Employees,Contractor - Staffing Partner A - vendor engagement
jeffrey.brown,"CN=Jeffrey Brown,OU=CustomerSuccess,DC=northwind,DC=local",Jeffrey Brown,jeffrey.brown@northwindmaterials.com,TRUE,134296827551130864,All-Employees;Customer-Success-All,Support Specialist - Customer Success
shelly.moore,"CN=Shelly Moore,OU=SupplyChain,DC=northwind,DC=local",Shelly Moore,shelly.moore@northwindmaterials.com,TRUE,134261116101690560,All-Employees;Supply-Chain-All,Supply Chain Analyst - Supply Chain
plant-shared-national03,"CN=plant-shared-national03,OU=ServiceAccounts,DC=northwind,DC=local",plant-shared-national03,plant-shared-national03@northwindmaterials.com,TRUE,134314612423166848,Service-Accounts,Owned by IT Automation team
gregory.harrell,"CN=Gregory Harrell,OU=CustomerSuccess,DC=northwind,DC=local",Gregory Harrell,gregory.harrell@northwindmaterials.com,TRUE,134275188281074224,All-Employees;Customer-Success-All,Customer Success Associate - Customer Success
nicholas.lang,"CN=Nicholas Lang,OU=CustomerSuccess,DC=northwind,DC=local",Nicholas Lang,nicholas.lang@northwindmaterials.com,TRUE,134323734225085056,All-Employees;Customer-Success-All,Support Specialist - Customer Success
brooke.harvey,"CN=Brooke Harvey,OU=Finance,DC=northwind,DC=local",Brooke Harvey,brooke.harvey@northwindmaterials.com,TRUE,134304261963462960,All-Employees;Finance-All,"Manager, Finance - Finance"
ctr.gabriel.gray,"CN=Gabriel Gray,OU=Contractors,DC=northwind,DC=local",Gabriel Gray,gabriel.gray@contractor.northwindmaterials.com,TRUE,134276575132680352,Contractors-All;All-Employees,Contractor - Staffing Partner B - vendor engagement
stephen.solis,"CN=Stephen Solis,OU=CustomerSuccess,DC=northwind,DC=local",Stephen Solis,stephen.solis@northwindmaterials.com,TRUE,134265459186510752,All-Employees;Customer-Success-All,Support Specialist - Customer Success
debra.moody,"CN=Debra Moody,OU=SupplyChain,DC=northwind,DC=local",Debra Moody,debra.moody@northwindmaterials.com,TRUE,134277780077429840,All-Employees;Supply-Chain-All,Procurement Specialist - Supply Chain
christina.ramirez,"CN=Christina Ramirez,OU=SupplyChain,DC=northwind,DC=local",Christina Ramirez,christina.ramirez@northwindmaterials.com,TRUE,134266659356167744,All-Employees;Supply-Chain-All,Supply Chain Analyst - Supply Chain
jeffrey.lawrence,"CN=Jeffrey Lawrence,OU=Operations,DC=northwind,DC=local",Jeffrey Lawrence,jeffrey.lawrence@northwindmaterials.com,TRUE,134285515310824112,All-Employees;Operations-All,VP of Operations - Operations
angela.peters,"CN=Angela Peters,OU=Engineering,DC=northwind,DC=local",Angela Peters,angela.peters@northwindmaterials.com,FALSE,134297410337884240,All-Employees;Engineering-All,DevOps Engineer - Engineering
katie.anderson,"CN=Katie Anderson,OU=Operations,DC=northwind,DC=local",Katie Anderson,katie.anderson@northwindmaterials.com,TRUE,134307151265475520,All-Employees;Operations-All,Logistics Coordinator - Operations
samantha.davis,"CN=Samantha Davis,OU=QualityAssurance,DC=northwind,DC=local",Samantha Davis,samantha.davis@northwindmaterials.com,TRUE,134267089165309872,All-Employees;Quality-Assurance-All,Quality Inspector - Quality Assurance
michael.stephens,"CN=Michael Stephens,OU=CustomerSuccess,DC=northwind,DC=local",Michael Stephens,michael.stephens@northwindmaterials.com,TRUE,134281335892675952,All-Employees;Customer-Success-All,Customer Success Associate - Customer Success
francisco.ewing,"CN=Francisco Ewing,OU=Manufacturing,DC=northwind,DC=local",Francisco Ewing,francisco.ewing@northwindmaterials.com,TRUE,134288532523378416,All-Employees;Manufacturing-All;Plant-Ops-Leads,Line Supervisor - Manufacturing
mary.wiley,"CN=Mary Wiley,OU=Legal,DC=northwind,DC=local",Mary Wiley,mary.wiley@northwindmaterials.com,TRUE,134301179699813664,All-Employees;Legal-All,Paralegal - Legal
laura.grant,"CN=Laura Grant,OU=Finance,DC=northwind,DC=local",Laura Grant,laura.grant@northwindmaterials.com,TRUE,134324913969450720,All-Employees;Finance-All,AP Specialist - Finance
bobby.mahoney,"CN=Bobby Mahoney,OU=InformationTechnology,DC=northwind,DC=local",Bobby Mahoney,bobby.mahoney@northwindmaterials.com,TRUE,134306971329881824,All-Employees;Information-Technology-All,Network Engineer - Information Technology
david.moore,"CN=David Moore,OU=SupplyChain,DC=northwind,DC=local",David Moore,david.moore@northwindmaterials.com,TRUE,134316219973843872,All-Employees;Supply-Chain-All,Procurement Specialist - Supply Chain
travis.joyce,"CN=Travis Joyce,OU=Finance,DC=northwind,DC=local",Travis Joyce,travis.joyce@northwindmaterials.com,TRUE,134322918849067776,All-Employees;Finance-All,Accountant - Finance
lori.white,"CN=Lori White,OU=SupplyChain,DC=northwind,DC=local",Lori White,lori.white@northwindmaterials.com,TRUE,134322827119298768,All-Employees;Supply-Chain-All,Supply Chain Analyst - Supply Chain
chase.king,"CN=Chase King,OU=Engineering,DC=northwind,DC=local",Chase King,chase.king@northwindmaterials.com,TRUE,134284635458012464,All-Employees;Engineering-All,QA Engineer - Engineering
erin.jones,"CN=Erin Jones,OU=Finance,DC=northwind,DC=local",Erin Jones,erin.jones@northwindmaterials.com,TRUE,134315724855561568,All-Employees;Finance-All,Financial Analyst - Finance
robin.ellis,"CN=Robin Ellis,OU=Engineering,DC=northwind,DC=local",Robin Ellis,robin.ellis@northwindmaterials.com,TRUE,134252909225707824,All-Employees;Engineering-All,Director of Engineering - Engineering
stephen.rodriguez,"CN=Stephen Rodriguez,OU=SupplyChain,DC=northwind,DC=local",Stephen Rodriguez,stephen.rodriguez@northwindmaterials.com,TRUE,134269696399619712,All-Employees;Supply-Chain-All,Procurement Specialist - Supply Chain
alyssa.chavez,"CN=Alyssa Chavez,OU=HumanResources,DC=northwind,DC=local",Alyssa Chavez,alyssa.chavez@northwindmaterials.com,TRUE,134287982777115136,All-Employees;Human-Resources-All,HR Coordinator - Human Resources
randy.watson,"CN=Randy Watson,OU=Engineering,DC=northwind,DC=local",Randy Watson,randy.watson@northwindmaterials.com,TRUE,134290216636495168,All-Employees;Engineering-All,DevOps Engineer - Engineering
david.olson,"CN=David Olson,OU=CustomerSuccess,DC=northwind,DC=local",David Olson,david.olson@northwindmaterials.com,TRUE,134295189554246480,All-Employees;Customer-Success-All,Customer Success Associate - Customer Success
eric.phillips,"CN=Eric Phillips,OU=Engineering,DC=northwind,DC=local",Eric Phillips,eric.phillips@northwindmaterials.com,TRUE,134286459507487584,All-Employees;Engineering-All,"Manager, Engineering - Engineering"
sharon.meyer,"CN=Sharon Meyer,OU=Manufacturing,DC=northwind,DC=local",Sharon Meyer,sharon.meyer@northwindmaterials.com,TRUE,134290337692218048,All-Employees;Manufacturing-All,Machine Operator - Manufacturing
david.caldwell,"CN=David Caldwell,OU=Manufacturing,DC=northwind,DC=local",David Caldwell,david.caldwell@northwindmaterials.com,TRUE,134302452502320992,All-Employees;Manufacturing-All,Production Associate - Manufacturing
becky.lewis,"CN=Becky Lewis,OU=QualityAssurance,DC=northwind,DC=local",Becky Lewis,becky.lewis@northwindmaterials.com,TRUE,134261949837589664,All-Employees;Quality-Assurance-All,Quality Inspector - Quality Assurance
michael.norman,"CN=Michael Norman,OU=InformationTechnology,DC=northwind,DC=local",Michael Norman,michael.norman@northwindmaterials.com,TRUE,134280751802001728,All-Employees;Information-Technology-All,Network Engineer - Information Technology
shane.gates,"CN=Shane Gates,OU=InformationTechnology,DC=northwind,DC=local",Shane Gates,shane.gates@northwindmaterials.com,TRUE,134251822365204672,All-Employees;Information-Technology-All,IT Support Specialist - Information Technology
michael.perkins,"CN=Michael Perkins,OU=Legal,DC=northwind,DC=local",Michael Perkins,michael.perkins@northwindmaterials.com,TRUE,134275649189729056,All-Employees;Legal-All,Paralegal - Legal
joseph.espinoza,"CN=Joseph Espinoza,OU=SupplyChain,DC=northwind,DC=local",Joseph Espinoza,joseph.espinoza@northwindmaterials.com,TRUE,134271938268922768,All-Employees;Supply-Chain-All,Supply Chain Analyst - Supply Chain
lisa.evans,"CN=Lisa Evans,OU=HumanResources,DC=northwind,DC=local",Lisa Evans,lisa.evans@northwindmaterials.com,TRUE,134288748543240816,All-Employees;Human-Resources-All,"Manager, Human Resources - Human Resources"
carlos.ramos,"CN=Carlos Ramos,OU=QualityAssurance,DC=northwind,DC=local",Carlos Ramos,carlos.ramos@northwindmaterials.com,TRUE,134310378669835312,All-Employees;Quality-Assurance-All,Quality Inspector - Quality Assurance
jennifer.lewis8,"CN=Jennifer Lewis,OU=Users,DC=northwind,DC=local",Jennifer Lewis,jennifer.lewis8@northwindmaterials.com,TRUE,134079726686851088,All-Employees,
richard.morgan,"CN=Richard Morgan,OU=SupplyChain,DC=northwind,DC=local",Richard Morgan,richard.morgan@northwindmaterials.com,TRUE,134281831277574864,All-Employees;Supply-Chain-All,Supply Chain Analyst - Supply Chain
amanda.webb,"CN=Amanda Webb,OU=Manufacturing,DC=northwind,DC=local",Amanda Webb,amanda.webb@northwindmaterials.com,TRUE,134304254710008720,All-Employees;Manufacturing-All,Plant Technician - Manufacturing
ctr.maria.brown,"CN=Maria Brown,OU=Contractors,DC=northwind,DC=local",Maria Brown,maria.brown@contractor.northwindmaterials.com,TRUE,134260223430082048,Contractors-All;All-Employees,Contractor - Staffing Partner B - vendor engagement
james.mccullough,"CN=James Mccullough,OU=Legal,DC=northwind,DC=local",James Mccullough,james.mccullough@northwindmaterials.com,TRUE,134319096437051616,All-Employees;Legal-All,Paralegal - Legal
nathan.mccoy,"CN=Nathan Mccoy,OU=Finance,DC=northwind,DC=local",Nathan Mccoy,nathan.mccoy@northwindmaterials.com,TRUE,134265088919214864,All-Employees;Finance-All,Accountant - Finance
brooke.austin,"CN=Brooke Austin,OU=Engineering,DC=northwind,DC=local",Brooke Austin,brooke.austin@northwindmaterials.com,FALSE,134257742150986544,All-Employees;Engineering-All,DevOps Engineer - Engineering
alexandra.barnes,"CN=Alexandra Barnes,OU=Finance,DC=northwind,DC=local",Alexandra Barnes,alexandra.barnes@northwindmaterials.com,TRUE,134318390474216992,All-Employees;Finance-All,AP Specialist - Finance
ctr.robert.hoover,"CN=Robert Hoover,OU=Contractors,DC=northwind,DC=local",Robert Hoover,robert.hoover@contractor.northwindmaterials.com,TRUE,134304238206238416,Contractors-All;All-Employees,Contractor - Staffing Partner A - vendor engagement
james.gonzalez,"CN=James Gonzalez,OU=Finance,DC=northwind,DC=local",James Gonzalez,james.gonzalez@northwindmaterials.com,TRUE,134281944608741440,All-Employees;Finance-All,Accountant - Finance
natalie.arroyo,"CN=Natalie Arroyo,OU=Operations,DC=northwind,DC=local",Natalie Arroyo,natalie.arroyo@northwindmaterials.com,TRUE,134273239374653472,All-Employees;Operations-All,"Manager, Operations - Operations"
robin.spencer,"CN=Robin Spencer,OU=QualityAssurance,DC=northwind,DC=local",Robin Spencer,robin.spencer@northwindmaterials.com,TRUE,134316156096017792,All-Employees;Quality-Assurance-All,QA Analyst - Quality Assurance
brianna.jackson,"CN=Brianna Jackson,OU=Manufacturing,DC=northwind,DC=local",Brianna Jackson,brianna.jackson@northwindmaterials.com,TRUE,134263820998625920,All-Employees;Manufacturing-All;Plant-Ops-Leads,Production Associate - Manufacturing
plant-shared-very18,"CN=plant-shared-very18,OU=ServiceAccounts,DC=northwind,DC=local",plant-shared-very18,plant-shared-very18@northwindmaterials.com,TRUE,134319942907812512,Service-Accounts,Owned by IT Automation team
kristen.olson,"CN=Kristen Olson,OU=Operations,DC=northwind,DC=local",Kristen Olson,kristen.olson@northwindmaterials.com,TRUE,134303775300654160,All-Employees;Operations-All,Logistics Coordinator - Operations
dominic.tyler,"CN=Dominic Tyler,OU=CustomerSuccess,DC=northwind,DC=local",Dominic Tyler,dominic.tyler@northwindmaterials.com,TRUE,134305497804600672,All-Employees;Customer-Success-All,Support Specialist - Customer Success
samuel.horton,"CN=Samuel Horton,OU=Engineering,DC=northwind,DC=local",Samuel Horton,samuel.horton@northwindmaterials.com,TRUE,134258040821285056,All-Employees;Engineering-All,Senior Software Engineer - Engineering
kathleen.lowe,"CN=Kathleen Lowe,OU=CustomerSuccess,DC=northwind,DC=local",Kathleen Lowe,kathleen.lowe@northwindmaterials.com,TRUE,134278935159894528,All-Employees;Customer-Success-All,Customer Success Associate - Customer Success
kristin.weber,"CN=Kristin Weber,OU=QualityAssurance,DC=northwind,DC=local",Kristin Weber,kristin.weber@northwindmaterials.com,TRUE,134262347196643360,All-Employees;Quality-Assurance-All,Quality Inspector - Quality Assurance
kyle.harmon,"CN=Kyle Harmon,OU=Finance,DC=northwind,DC=local",Kyle Harmon,kyle.harmon@northwindmaterials.com,TRUE,134326054130797984,All-Employees;Finance-All,Financial Analyst - Finance
brandon.yang,"CN=Brandon Yang,OU=Finance,DC=northwind,DC=local",Brandon Yang,brandon.yang@northwindmaterials.com,FALSE,134316132970987200,All-Employees;Finance-All,Financial Analyst - Finance
sean.lyons,"CN=Sean Lyons,OU=SupplyChain,DC=northwind,DC=local",Sean Lyons,sean.lyons@northwindmaterials.com,TRUE,134317877655080560,All-Employees;Supply-Chain-All,Procurement Specialist - Supply Chain
steven.dixon,"CN=Steven Dixon,OU=SupplyChain,DC=northwind,DC=local",Steven Dixon,steven.dixon@northwindmaterials.com,TRUE,134299775430379664,All-Employees;Supply-Chain-All,Supply Chain Analyst - Supply Chain
matthew.schwartz,"CN=Matthew Schwartz,OU=HumanResources,DC=northwind,DC=local",Matthew Schwartz,matthew.schwartz@northwindmaterials.com,TRUE,134298484304517248,All-Employees;Human-Resources-All,Recruiter - Human Resources
samantha.holt,"CN=Samantha Holt,OU=SupplyChain,DC=northwind,DC=local",Samantha Holt,samantha.holt@northwindmaterials.com,TRUE,134306986865849456,All-Employees;Supply-Chain-All,Procurement Specialist - Supply Chain
todd.hardy,"CN=Todd Hardy,OU=SupplyChain,DC=northwind,DC=local",Todd Hardy,todd.hardy@northwindmaterials.com,TRUE,134289382627341824,All-Employees;Supply-Chain-All,Procurement Specialist - Supply Chain
daniel.coleman,"CN=Daniel Coleman,OU=Operations,DC=northwind,DC=local",Daniel Coleman,daniel.coleman@northwindmaterials.com,TRUE,134305984008998016,All-Employees;Operations-All,Operations Analyst - Operations
amy.li,"CN=Amy Li,OU=InformationTechnology,DC=northwind,DC=local",Amy Li,amy.li@northwindmaterials.com,FALSE,134289923867491456,All-Employees;Information-Technology-All,IT Support Specialist - Information Technology
jacob.ramirez,"CN=Jacob Ramirez,OU=Legal,DC=northwind,DC=local",Jacob Ramirez,jacob.ramirez@northwindmaterials.com,FALSE,134319896566776288,All-Employees;Legal-All,Paralegal - Legal
sean.white,"CN=Sean White,OU=CustomerSuccess,DC=northwind,DC=local",Sean White,sean.white@northwindmaterials.com,TRUE,134275916577087344,All-Employees;Customer-Success-All,Customer Success Associate - Customer Success
megan.murphy,"CN=Megan Murphy,OU=SupplyChain,DC=northwind,DC=local",Megan Murphy,megan.murphy@northwindmaterials.com,TRUE,134275028339696032,All-Employees;Supply-Chain-All,Procurement Specialist - Supply Chain
james.johnson,"CN=James Johnson,OU=Manufacturing,DC=northwind,DC=local",James Johnson,james.johnson@northwindmaterials.com,TRUE,134264611184858304,All-Employees;Manufacturing-All,Plant Technician - Manufacturing
maria.rodgers,"CN=Maria Rodgers,OU=SupplyChain,DC=northwind,DC=local",Maria Rodgers,maria.rodgers@northwindmaterials.com,TRUE,134313567607924384,All-Employees;Supply-Chain-All,Procurement Specialist - Supply Chain
richard.morgan,"CN=Richard Morgan,OU=SupplyChain,DC=northwind,DC=local",Richard Morgan,richard.morgan@northwindmaterials.com,TRUE,134318938130771488,All-Employees;Supply-Chain-All,"Manager, Supply Chain - Supply Chain"
timothy.blair,"CN=Timothy Blair,OU=Engineering,DC=northwind,DC=local",Timothy Blair,timothy.blair@northwindmaterials.com,TRUE,134304364703135504,All-Employees;Engineering-All,DevOps Engineer - Engineering
rita.harrell,"CN=Rita Harrell,OU=CustomerSuccess,DC=northwind,DC=local",Rita Harrell,rita.harrell@northwindmaterials.com,TRUE,134308013329814032,All-Employees;Customer-Success-All,"Manager, Customer Success - Customer Success"
mark.cook,"CN=Mark Cook,OU=QualityAssurance,DC=northwind,DC=local",Mark Cook,mark.cook@northwindmaterials.com,TRUE,134282245504591888,All-Employees;Quality-Assurance-All,QA Analyst - Quality Assurance
lawrence.ibarra,"CN=Lawrence Ibarra,OU=QualityAssurance,DC=northwind,DC=local",Lawrence Ibarra,lawrence.ibarra@northwindmaterials.com,TRUE,134263885034624800,All-Employees;Quality-Assurance-All,Quality Inspector - Quality Assurance
kristen.gordon,"CN=Kristen Gordon,OU=Engineering,DC=northwind,DC=local",Kristen Gordon,kristen.gordon@northwindmaterials.com,TRUE,134272955082623200,All-Employees;Engineering-All,QA Engineer - Engineering
reginald.robinson,"CN=Reginald Robinson,OU=Legal,DC=northwind,DC=local",Reginald Robinson,reginald.robinson@northwindmaterials.com,TRUE,134320151558371984,All-Employees;Legal-All,"Manager, Legal - Legal"
tracy.taylor,"CN=Tracy Taylor,OU=Engineering,DC=northwind,DC=local",Tracy Taylor,tracy.taylor@northwindmaterials.com,TRUE,134269356894499360,All-Employees;Engineering-All,DevOps Engineer - Engineering
ctr.harold.ingram,"CN=Harold Ingram,OU=Contractors,DC=northwind,DC=local",Harold Ingram,harold.ingram@contractor.northwindmaterials.com,TRUE,134269565733177264,Contractors-All;All-Employees,Contractor - Staffing Partner A - vendor engagement
chris.schneider,"CN=Chris Schneider,OU=Engineering,DC=northwind,DC=local",Chris Schneider,chris.schneider@northwindmaterials.com,FALSE,134262378696791120,All-Employees;Engineering-All,QA Engineer - Engineering
bryan.james,"CN=Bryan James,OU=Engineering,DC=northwind,DC=local",Bryan James,bryan.james@northwindmaterials.com,TRUE,134271517180289776,All-Employees;Engineering-All,"Manager, Engineering - Engineering"
lisa.turner,"CN=Lisa Turner,OU=CustomerSuccess,DC=northwind,DC=local",Lisa Turner,lisa.turner@northwindmaterials.com,TRUE,134288799549020000,All-Employees;Customer-Success-All,Support Specialist - Customer Success
amanda.fitzpatrick,"CN=Amanda Fitzpatrick,OU=Finance,DC=northwind,DC=local",Amanda Fitzpatrick,amanda.fitzpatrick@northwindmaterials.com,TRUE,134264413137277616,All-Employees;Finance-All,Financial Analyst - Finance
oscar.ferguson,"CN=Oscar Ferguson,OU=QualityAssurance,DC=northwind,DC=local",Oscar Ferguson,oscar.ferguson@northwindmaterials.com,TRUE,134250570324724096,All-Employees;Quality-Assurance-All,QA Analyst - Quality Assurance
scott.gomez,"CN=Scott Gomez,OU=Engineering,DC=northwind,DC=local",Scott Gomez,scott.gomez@northwindmaterials.com,TRUE,134263622493171296,All-Employees;Engineering-All,Software Engineer - Engineering
juan.vasquez,"CN=Juan Vasquez,OU=HumanResources,DC=northwind,DC=local",Juan Vasquez,juan.vasquez@northwindmaterials.com,TRUE,134319051792700352,All-Employees;Human-Resources-All,Recruiter - Human Resources
daniel.hall,"CN=Daniel Hall,OU=QualityAssurance,DC=northwind,DC=local",Daniel Hall,daniel.hall@northwindmaterials.com,TRUE,134309458797146400,All-Employees;Quality-Assurance-All,QA Analyst - Quality Assurance
ariel.hodge,"CN=Ariel Hodge,OU=CustomerSuccess,DC=northwind,DC=local",Ariel Hodge,ariel.hodge@northwindmaterials.com,TRUE,134319569589729024,All-Employees;Customer-Success-All,Support Specialist - Customer Success
john.harris,"CN=John Harris,OU=SupplyChain,DC=northwind,DC=local",John Harris,john.harris@northwindmaterials.com,TRUE,134299825949419952,All-Employees;Supply-Chain-All,Procurement Specialist - Supply Chain
charles.martin,"CN=Charles Martin,OU=CustomerSuccess,DC=northwind,DC=local",Charles Martin,charles.martin@northwindmaterials.com,TRUE,134254167613767680,All-Employees;Customer-Success-All,Customer Success Associate - Customer Success
albert.bradley,"CN=Albert Bradley,OU=Manufacturing,DC=northwind,DC=local",Albert Bradley,albert.bradley@northwindmaterials.com,TRUE,134312716610799984,All-Employees;Manufacturing-All;Plant-Ops-Leads,Plant Technician - Manufacturing
tamara.young,"CN=Tamara Young,OU=InformationTechnology,DC=northwind,DC=local",Tamara Young,tamara.young@northwindmaterials.com,TRUE,134263471031242672,All-Employees;Information-Technology-All,IT Support Specialist - Information Technology
donna.peck,"CN=Donna Peck,OU=SupplyChain,DC=northwind,DC=local",Donna Peck,donna.peck@northwindmaterials.com,TRUE,134320346253516864,All-Employees;Supply-Chain-All,Supply Chain Analyst - Supply Chain
justin.sims,"CN=Justin Sims,OU=SupplyChain,DC=northwind,DC=local",Justin Sims,justin.sims@northwindmaterials.com,TRUE,134267153789269872,All-Employees;Supply-Chain-All,Procurement Specialist - Supply Chain
jeffery.huang,"CN=Jeffery Huang,OU=QualityAssurance,DC=northwind,DC=local",Jeffery Huang,jeffery.huang@northwindmaterials.com,TRUE,134280222985200240,All-Employees;Quality-Assurance-All,Quality Inspector - Quality Assurance
jacqueline.gibson,"CN=Jacqueline Gibson,OU=Finance,DC=northwind,DC=local",Jacqueline Gibson,jacqueline.gibson@northwindmaterials.com,TRUE,134259568992217616,All-Employees;Finance-All,Accountant - Finance
andrea.williams,"CN=Andrea Williams,OU=QualityAssurance,DC=northwind,DC=local",Andrea Williams,andrea.williams@northwindmaterials.com,TRUE,134268867862915648,All-Employees;Quality-Assurance-All,"Manager, Quality Assurance - Quality Assurance"
ctr.matthew.harrington,"CN=Matthew Harrington,OU=Contractors,DC=northwind,DC=local",Matthew Harrington,matthew.harrington@contractor.northwindmaterials.com,TRUE,134303570408617040,Contractors-All;All-Employees,Contractor - Staffing Partner A - vendor engagement
victoria.moreno,"CN=Victoria Moreno,OU=SupplyChain,DC=northwind,DC=local",Victoria Moreno,victoria.moreno@northwindmaterials.com,TRUE,134289146043188240,All-Employees;Supply-Chain-All,Procurement Specialist - Supply Chain
susan.gordon,"CN=Susan Gordon,OU=QualityAssurance,DC=northwind,DC=local",Susan Gordon,susan.gordon@northwindmaterials.com,TRUE,134257388025679296,All-Employees;Quality-Assurance-All,Quality Inspector - Quality Assurance
jason.lopez,"CN=Jason Lopez,OU=Finance,DC=northwind,DC=local",Jason Lopez,jason.lopez@northwindmaterials.com,FALSE,134295788816372224,All-Employees;Finance-All,AP Specialist - Finance
ctr.tiffany.fisher,"CN=Tiffany Fisher,OU=Contractors,DC=northwind,DC=local",Tiffany Fisher,tiffany.fisher@contractor.northwindmaterials.com,TRUE,134291971665066192,Contractors-All;All-Employees,Contractor - Staffing Partner A - vendor engagement
vanessa.spencer,"CN=Vanessa Spencer,OU=QualityAssurance,DC=northwind,DC=local",Vanessa Spencer,vanessa.spencer@northwindmaterials.com,FALSE,134302181313103680,All-Employees;Quality-Assurance-All,QA Analyst - Quality Assurance
molly.gomez,"CN=Molly Gomez,OU=Engineering,DC=northwind,DC=local",Molly Gomez,molly.gomez@northwindmaterials.com,TRUE,134286696808831184,All-Employees;Engineering-All,Senior Software Engineer - Engineering
vicki.mendoza,"CN=Vicki Mendoza,OU=Finance,DC=northwind,DC=local",Vicki Mendoza,vicki.mendoza@northwindmaterials.com,TRUE,134293003275534864,All-Employees;Finance-All,Financial Analyst - Finance
craig.turner,"CN=Craig Turner,OU=SupplyChain,DC=northwind,DC=local",Craig Turner,craig.turner@northwindmaterials.com,TRUE,134293761389514864,All-Employees;Supply-Chain-All,Procurement Specialist - Supply Chain
shane.smith,"CN=Shane Smith,OU=InformationTechnology,DC=northwind,DC=local",Shane Smith,shane.smith@northwindmaterials.com,TRUE,134293293223500704,All-Employees;Information-Technology-All,Systems Administrator - Information Technology
nancy.scott,"CN=Nancy Scott,OU=CustomerSuccess,DC=northwind,DC=local",Nancy Scott,nancy.scott@northwindmaterials.com,TRUE,134281059779705792,All-Employees;Customer-Success-All,Customer Success Associate - Customer Success
kevin.williams,"CN=Kevin Williams,OU=Operations,DC=northwind,DC=local",Kevin Williams,kevin.williams@northwindmaterials.com,TRUE,134327108936149248,All-Employees;Operations-All,Logistics Coordinator - Operations
ctr.christopher.snyder,"CN=Christopher Snyder,OU=Contractors,DC=northwind,DC=local",Christopher Snyder,christopher.snyder@contractor.northwindmaterials.com,TRUE,134277610255439264,Contractors-All;All-Employees,Contractor - Staffing Partner A - vendor engagement
jennifer.ortiz,"CN=Jennifer Ortiz,OU=Legal,DC=northwind,DC=local",Jennifer Ortiz,jennifer.ortiz@northwindmaterials.com,TRUE,134252191308803840,All-Employees;Legal-All,Paralegal - Legal
ctr.dale.banks,"CN=Dale Banks,OU=Contractors,DC=northwind,DC=local",Dale Banks,dale.banks@contractor.northwindmaterials.com,TRUE,134297428406495552,Contractors-All;All-Employees,Contractor - Staffing Partner B - vendor engagement
jeffrey.hayes,"CN=Jeffrey Hayes,OU=Engineering,DC=northwind,DC=local",Jeffrey Hayes,jeffrey.hayes@northwindmaterials.com,TRUE,134307993919542480,All-Employees;Engineering-All,Senior Software Engineer - Engineering
ctr.michael.campbell,"CN=Michael Campbell,OU=Contractors,DC=northwind,DC=local",Michael Campbell,michael.campbell@contractor.northwindmaterials.com,TRUE,134280467085570704,Contractors-All;All-Employees,Contractor - Staffing Partner A - vendor engagement
sierra.wagner,"CN=Sierra Wagner,OU=CustomerSuccess,DC=northwind,DC=local",Sierra Wagner,sierra.wagner@northwindmaterials.com,TRUE,134301825285093808,All-Employees;Customer-Success-All,Support Specialist - Customer Success
ctr.stephanie.brooks,"CN=Stephanie Brooks,OU=Contractors,DC=northwind,DC=local",Stephanie Brooks,stephanie.brooks@contractor.northwindmaterials.com,TRUE,134302555941738144,Contractors-All;All-Employees,Contractor - Staffing Partner A - vendor engagement
lindsay.francis,"CN=Lindsay Francis,OU=Operations,DC=northwind,DC=local",Lindsay Francis,lindsay.francis@northwindmaterials.com,TRUE,134281308167811648,All-Employees;Operations-All,Logistics Coordinator - Operations
gina.mckenzie,"CN=Gina Mckenzie,OU=QualityAssurance,DC=northwind,DC=local",Gina Mckenzie,gina.mckenzie@northwindmaterials.com,TRUE,134323957206882976,All-Employees;Quality-Assurance-All,QA Analyst - Quality Assurance
cynthia.harris,"CN=Cynthia Harris,OU=InformationTechnology,DC=northwind,DC=local",Cynthia Harris,cynthia.harris@northwindmaterials.com,TRUE,134266781727490656,All-Employees;Information-Technology-All,Systems Administrator - Information Technology
kaitlyn.barker,"CN=Kaitlyn Barker,OU=QualityAssurance,DC=northwind,DC=local",Kaitlyn Barker,kaitlyn.barker@northwindmaterials.com,TRUE,134316705610805136,All-Employees;Quality-Assurance-All,QA Analyst - Quality Assurance
jonathan.fletcher,"CN=Jonathan Fletcher,OU=Engineering,DC=northwind,DC=local",Jonathan Fletcher,jonathan.fletcher@northwindmaterials.com,TRUE,134284078358589344,All-Employees;Engineering-All,"Manager, Engineering - Engineering"
anthony.vega,"CN=Anthony Vega,OU=QualityAssurance,DC=northwind,DC=local",Anthony Vega,anthony.vega@northwindmaterials.com,TRUE,134255541032915952,All-Employees;Quality-Assurance-All,Quality Inspector - Quality Assurance
anthony.wilson,"CN=Anthony Wilson,OU=Legal,DC=northwind,DC=local",Anthony Wilson,anthony.wilson@northwindmaterials.com,TRUE,134254949600681488,All-Employees;Legal-All,Paralegal - Legal
shawn.edwards,"CN=Shawn Edwards,OU=Finance,DC=northwind,DC=local",Shawn Edwards,shawn.edwards@northwindmaterials.com,TRUE,134260064420186096,All-Employees;Finance-All,Accountant - Finance
alyssa.allen,"CN=Alyssa Allen,OU=Finance,DC=northwind,DC=local",Alyssa Allen,alyssa.allen@northwindmaterials.com,TRUE,134322305497544864,All-Employees;Finance-All,Financial Analyst - Finance
jane.smith,"CN=Jane Smith,OU=InformationTechnology,DC=northwind,DC=local",Jane Smith,jane.smith@northwindmaterials.com,TRUE,134250332764986464,All-Employees;Information-Technology-All,IT Support Specialist - Information Technology
kelly.arroyo,"CN=Kelly Arroyo,OU=QualityAssurance,DC=northwind,DC=local",Kelly Arroyo,kelly.arroyo@northwindmaterials.com,TRUE,134273456436659200,All-Employees;Quality-Assurance-All,Quality Inspector - Quality Assurance
michele.campbell,"CN=Michele Campbell,OU=Finance,DC=northwind,DC=local",Michele Campbell,michele.campbell@northwindmaterials.com,FALSE,134303172942882800,All-Employees;Finance-All,Accountant - Finance
jessica.long,"CN=Jessica Long,OU=CustomerSuccess,DC=northwind,DC=local",Jessica Long,jessica.long@northwindmaterials.com,TRUE,134326480916668976,All-Employees;Customer-Success-All,Support Specialist - Customer Success
svc-director06,"CN=svc-director06,OU=ServiceAccounts,DC=northwind,DC=local",svc-director06,svc-director06@northwindmaterials.com,TRUE,134302112578269792,Service-Accounts,Owned by IT Automation team
ashley.lee,"CN=Ashley Lee,OU=HumanResources,DC=northwind,DC=local",Ashley Lee,ashley.lee@northwindmaterials.com,TRUE,134278640372142864,All-Employees;Human-Resources-All,HR Coordinator - Human Resources
nicole.thompson,"CN=Nicole Thompson,OU=SupplyChain,DC=northwind,DC=local",Nicole Thompson,nicole.thompson@northwindmaterials.com,TRUE,134265778313715312,All-Employees;Supply-Chain-All,Supply Chain Analyst - Supply Chain
thomas.carlson,"CN=Thomas Carlson,OU=Engineering,DC=northwind,DC=local",Thomas Carlson,thomas.carlson@northwindmaterials.com,TRUE,134256540750824240,All-Employees;Engineering-All,Software Engineer - Engineering
scott.mills,"CN=Scott Mills,OU=QualityAssurance,DC=northwind,DC=local",Scott Mills,scott.mills@northwindmaterials.com,TRUE,134250274972746368,All-Employees;Quality-Assurance-All,QA Analyst - Quality Assurance
kimberly.banks,"CN=Kimberly Banks,OU=Finance,DC=northwind,DC=local",Kimberly Banks,kimberly.banks@northwindmaterials.com,TRUE,134274988443806800,All-Employees;Finance-All,Accountant - Finance
david.stein,"CN=David Stein,OU=Manufacturing,DC=northwind,DC=local",David Stein,david.stein@northwindmaterials.com,TRUE,134301237287542928,All-Employees;Manufacturing-All;Plant-Ops-Leads,Production Associate - Manufacturing
wendy.rice,"CN=Wendy Rice,OU=Engineering,DC=northwind,DC=local",Wendy Rice,wendy.rice@northwindmaterials.com,TRUE,134266271613995280,All-Employees;Engineering-All,"Manager, Engineering - Engineering"
timothy.morales,"CN=Timothy Morales,OU=QualityAssurance,DC=northwind,DC=local",Timothy Morales,timothy.morales@northwindmaterials.com,TRUE,134316304775473392,All-Employees;Quality-Assurance-All,QA Analyst - Quality Assurance
linda.melendez,"CN=Linda Melendez,OU=Engineering,DC=northwind,DC=local",Linda Melendez,linda.melendez@northwindmaterials.com,TRUE,134306839725678768,All-Employees;Engineering-All,DevOps Engineer - Engineering
stephen.solis,"CN=Stephen Solis,OU=Legal,DC=northwind,DC=local",Stephen Solis,stephen.solis@northwindmaterials.com,TRUE,134249908807008704,All-Employees;Legal-All,Compliance Analyst - Legal
nancy.edwards,"CN=Nancy Edwards,OU=SupplyChain,DC=northwind,DC=local",Nancy Edwards,nancy.edwards@northwindmaterials.com,TRUE,134286608841395440,All-Employees;Supply-Chain-All,Director of Supply Chain - Supply Chain
william.ford,"CN=William Ford,OU=Operations,DC=northwind,DC=local",William Ford,william.ford@northwindmaterials.com,FALSE,134325059981858736,All-Employees;Operations-All,Logistics Coordinator - Operations
sean.montes,"CN=Sean Montes,OU=Finance,DC=northwind,DC=local",Sean Montes,sean.montes@northwindmaterials.com,TRUE,134278679421772480,All-Employees;Finance-All,Financial Analyst - Finance
ctr.teresa.durham,"CN=Teresa Durham,OU=Contractors,DC=northwind,DC=local",Teresa Durham,teresa.durham@contractor.northwindmaterials.com,TRUE,134268364598482624,Contractors-All;All-Employees,Contractor - Staffing Partner B - vendor engagement
bradley.berry,"CN=Bradley Berry,OU=Finance,DC=northwind,DC=local",Bradley Berry,bradley.berry@northwindmaterials.com,TRUE,134256614208803408,All-Employees;Finance-All,Accountant - Finance
daniel.gordon,"CN=Daniel Gordon,OU=QualityAssurance,DC=northwind,DC=local",Daniel Gordon,daniel.gordon@northwindmaterials.com,TRUE,134266356448411472,All-Employees;Quality-Assurance-All,Quality Inspector - Quality Assurance
jacob.reid,"CN=Jacob Reid,OU=SupplyChain,DC=northwind,DC=local",Jacob Reid,jacob.reid@northwindmaterials.com,TRUE,134266131531765296,All-Employees;Supply-Chain-All,Procurement Specialist - Supply Chain
chelsea.lee,"CN=Chelsea Lee,OU=Manufacturing,DC=northwind,DC=local",Chelsea Lee,chelsea.lee@northwindmaterials.com,TRUE,134312611159585136,All-Employees;Manufacturing-All,Plant Technician - Manufacturing
denise.gonzalez,"CN=Denise Gonzalez,OU=Operations,DC=northwind,DC=local",Denise Gonzalez,denise.gonzalez@northwindmaterials.com,TRUE,134315424541165088,All-Employees;Operations-All,Operations Analyst - Operations
susan.sanders,"CN=Susan Sanders,OU=QualityAssurance,DC=northwind,DC=local",Susan Sanders,susan.sanders@northwindmaterials.com,TRUE,134259234958736976,All-Employees;Quality-Assurance-All,Quality Inspector - Quality Assurance
ctr.peter.griffith,"CN=Peter Griffith,OU=Contractors,DC=northwind,DC=local",Peter Griffith,peter.griffith@contractor.northwindmaterials.com,TRUE,134310592064269664,Contractors-All;All-Employees,Contractor - Staffing Partner A - vendor engagement
victoria.phillips,"CN=Victoria Phillips,OU=SupplyChain,DC=northwind,DC=local",Victoria Phillips,victoria.phillips@northwindmaterials.com,TRUE,134253205985213200,All-Employees;Supply-Chain-All,Procurement Specialist - Supply Chain
kyle.sanders,"CN=Kyle Sanders,OU=InformationTechnology,DC=northwind,DC=local",Kyle Sanders,kyle.sanders@northwindmaterials.com,TRUE,134286830188832672,All-Employees;Information-Technology-All,Network Engineer - Information Technology
kenneth.fowler,"CN=Kenneth Fowler,OU=SupplyChain,DC=northwind,DC=local",Kenneth Fowler,kenneth.fowler@northwindmaterials.com,TRUE,134306851659355216,All-Employees;Supply-Chain-All,"Manager, Supply Chain - Supply Chain"
martin.ward,"CN=Martin Ward,OU=HumanResources,DC=northwind,DC=local",Martin Ward,martin.ward@northwindmaterials.com,TRUE,134281177815530544,All-Employees;Human-Resources-All,HR Coordinator - Human Resources
susan.brooks,"CN=Susan Brooks,OU=Manufacturing,DC=northwind,DC=local",Susan Brooks,susan.brooks@northwindmaterials.com,TRUE,134316535124345104,All-Employees;Manufacturing-All,Plant Technician - Manufacturing
aaron.nguyen,"CN=Aaron Nguyen,OU=Manufacturing,DC=northwind,DC=local",Aaron Nguyen,aaron.nguyen@northwindmaterials.com,TRUE,134297435272935920,All-Employees;Manufacturing-All,"Manager, Manufacturing - Manufacturing"
kristina.jones,"CN=Kristina Jones,OU=Legal,DC=northwind,DC=local",Kristina Jones,kristina.jones@northwindmaterials.com,TRUE,134318074165440480,All-Employees;Legal-All,Compliance Analyst - Legal
rebecca.carlson,"CN=Rebecca Carlson,OU=Engineering,DC=northwind,DC=local",Rebecca Carlson,rebeccac@northwindmaterials.com,TRUE,134280064362566944,All-Employees;Engineering-All,QA Engineer - Engineering
ctr.holly.evans,"CN=Holly Evans,OU=Contractors,DC=northwind,DC=local",Holly Evans,holly.evans@contractor.northwindmaterials.com,TRUE,134281507988297424,Contractors-All;All-Employees,Contractor - Staffing Partner B - vendor engagement
diana.moore,"CN=Diana Moore,OU=Engineering,DC=northwind,DC=local",Diana Moore,diana.moore@northwindmaterials.com,TRUE,134256976671632784,All-Employees;Engineering-All,Software Engineer - Engineering
lindsey.lee,"CN=Lindsey Lee,OU=CustomerSuccess,DC=northwind,DC=local",Lindsey Lee,lindsey.lee@northwindmaterials.com,TRUE,134293533749988000,All-Employees;Customer-Success-All,"Manager, Customer Success - Customer Success"
ctr.samuel.fuller,"CN=Samuel Fuller,OU=Contractors,DC=northwind,DC=local",Samuel Fuller,samuel.fuller@contractor.northwindmaterials.com,TRUE,134295642089794624,Contractors-All;All-Employees,Contractor - Staffing Partner A - vendor engagement
daniel.fowler,"CN=Daniel Fowler,OU=HumanResources,DC=northwind,DC=local",Daniel Fowler,daniel.fowler@northwindmaterials.com,TRUE,134285609423503152,All-Employees;Human-Resources-All,HR Generalist - Human Resources
heather.taylor,"CN=Heather Taylor,OU=CustomerSuccess,DC=northwind,DC=local",Heather Taylor,heather.taylor@northwindmaterials.com,TRUE,134253959102457040,All-Employees;Customer-Success-All,Support Specialist - Customer Success
jacqueline.scott,"CN=Jacqueline Scott,OU=QualityAssurance,DC=northwind,DC=local",Jacqueline Scott,jacqueline.scott@northwindmaterials.com,FALSE,134293489724117888,All-Employees;Quality-Assurance-All,Quality Inspector - Quality Assurance
donna.adkins,"CN=Donna Adkins,OU=Manufacturing,DC=northwind,DC=local",Donna Adkins,donna.adkins@northwindmaterials.com,TRUE,134320338526902752,All-Employees;Manufacturing-All,Line Supervisor - Manufacturing
nancy.baker,"CN=Nancy Baker,OU=Finance,DC=northwind,DC=local",Nancy Baker,nancy.baker@northwindmaterials.com,TRUE,134309098395189520,All-Employees;Finance-All,"Manager, Finance - Finance"
brenda.bailey,"CN=Brenda Bailey,OU=Engineering,DC=northwind,DC=local",Brenda Bailey,brenda.bailey@northwindmaterials.com,TRUE,134264563466768176,All-Employees;Engineering-All,DevOps Engineer - Engineering
jonathan.scott,"CN=Jonathan Scott,OU=Manufacturing,DC=northwind,DC=local",Jonathan Scott,jonathan.scott@northwindmaterials.com,TRUE,134309096174140752,All-Employees;Manufacturing-All,Line Supervisor - Manufacturing
ctr.krista.harper,"CN=Krista Harper,OU=Contractors,DC=northwind,DC=local",Krista Harper,krista.harper@contractor.northwindmaterials.com,TRUE,134255558405549104,Contractors-All;All-Employees,Contractor - Staffing Partner A - vendor engagement
gary.morton,"CN=Gary Morton,OU=Operations,DC=northwind,DC=local",Gary Morton,gary.morton@northwindmaterials.com,TRUE,134274796818442112,All-Employees;Operations-All,Logistics Coordinator - Operations
david.munoz,"CN=David Munoz,OU=Finance,DC=northwind,DC=local",David Munoz,david.munoz@northwindmaterials.com,FALSE,134317380932011440,All-Employees;Finance-All,Accountant - Finance
benjamin.shaw,"CN=Benjamin Shaw,OU=Finance,DC=northwind,DC=local",Benjamin Shaw,benjamin.shaw@northwindmaterials.com,TRUE,134291842510628512,All-Employees;Finance-All,Financial Analyst - Finance
melissa.burke,"CN=Melissa Burke,OU=QualityAssurance,DC=northwind,DC=local",Melissa Burke,melissa.burke@northwindmaterials.com,TRUE,134318598482923024,All-Employees;Quality-Assurance-All,Quality Inspector - Quality Assurance
ashlee.sparks,"CN=Ashlee Sparks,OU=Finance,DC=northwind,DC=local",Ashlee Sparks,ashlee.sparks@northwindmaterials.com,TRUE,134283728617295344,All-Employees;Finance-All,AP Specialist - Finance
ctr.jennifer.savage,"CN=Jennifer Savage,OU=Contractors,DC=northwind,DC=local",Jennifer Savage,jennifer.savage@contractor.northwindmaterials.com,TRUE,134290314732847744,Contractors-All;All-Employees,Contractor - Staffing Partner A - vendor engagement
benjamin.preston,"CN=Benjamin Preston,OU=Engineering,DC=northwind,DC=local",Benjamin Preston,benjamin.preston@northwindmaterials.com,FALSE,134270537014361456,All-Employees;Engineering-All,QA Engineer - Engineering
sonya.wilkins,"CN=Sonya Wilkins,OU=InformationTechnology,DC=northwind,DC=local",Sonya Wilkins,sonya.wilkins@northwindmaterials.com,TRUE,134265777684390816,All-Employees;Information-Technology-All,IT Support Specialist - Information Technology
jacqueline.hill,"CN=Jacqueline Hill,OU=QualityAssurance,DC=northwind,DC=local",Jacqueline Hill,jacqueline.hill@northwindmaterials.com,TRUE,134291429941844784,All-Employees;Quality-Assurance-All,QA Analyst - Quality Assurance
diane.walker,"CN=Diane Walker,OU=Engineering,DC=northwind,DC=local",Diane Walker,diane.walker@northwindmaterials.com,TRUE,134304500542769968,All-Employees;Engineering-All,Software Engineer - Engineering
ctr.hector.smith,"CN=Hector Smith,OU=Contractors,DC=northwind,DC=local",Hector Smith,hector.smith@contractor.northwindmaterials.com,TRUE,134263401929124592,Contractors-All;All-Employees,Contractor - Staffing Partner B - vendor engagement
paul.jefferson,"CN=Paul Jefferson,OU=Manufacturing,DC=northwind,DC=local",Paul Jefferson,paul.jefferson@northwindmaterials.com,TRUE,134274518492426400,All-Employees;Manufacturing-All;Plant-Ops-Leads,Line Supervisor - Manufacturing
ctr.ashley.cervantes,"CN=Ashley Cervantes,OU=Contractors,DC=northwind,DC=local",Ashley Cervantes,ashley.cervantes@contractor.northwindmaterials.com,TRUE,134261150011406400,Contractors-All;All-Employees,Contractor - Staffing Partner A - vendor engagement
cynthia.poole,"CN=Cynthia Poole,OU=CustomerSuccess,DC=northwind,DC=local",Cynthia Poole,cynthia.poole@northwindmaterials.com,TRUE,134299981804190768,All-Employees;Customer-Success-All,Customer Success Associate - Customer Success
heather.brown,"CN=Heather Brown,OU=QualityAssurance,DC=northwind,DC=local",Heather Brown,heather.brown@northwindmaterials.com,TRUE,134299622929101776,All-Employees;Quality-Assurance-All,Quality Inspector - Quality Assurance
richard.donovan,"CN=Richard Donovan,OU=SupplyChain,DC=northwind,DC=local",Richard Donovan,richard.donovan@northwindmaterials.com,TRUE,134262092235215168,All-Employees;Supply-Chain-All,Procurement Specialist - Supply Chain
corey.schultz,"CN=Corey Schultz,OU=SupplyChain,DC=northwind,DC=local",Corey Schultz,corey.schultz@northwindmaterials.com,TRUE,134292443255610816,All-Employees;Supply-Chain-All,Supply Chain Analyst - Supply Chain
andrew.wright,"CN=Andrew Wright,OU=SupplyChain,DC=northwind,DC=local",Andrew Wright,andrew.wright@northwindmaterials.com,TRUE,134260414287911888,All-Employees;Supply-Chain-All,Procurement Specialist - Supply Chain
ctr.christian.reyes,"CN=Christian Reyes,OU=Contractors,DC=northwind,DC=local",Christian Reyes,christian.reyes@contractor.northwindmaterials.com,TRUE,134307232329160208,Contractors-All;All-Employees,Contractor - Staffing Partner B - vendor engagement
elizabeth.rivera,"CN=Elizabeth Rivera,OU=InformationTechnology,DC=northwind,DC=local",Elizabeth Rivera,elizabeth.rivera@northwindmaterials.com,TRUE,134316875030167280,All-Employees;Information-Technology-All,"Manager, Information Technology - Information Technology"
yvonne.higgins,"CN=Yvonne Higgins,OU=Engineering,DC=northwind,DC=local",Yvonne Higgins,yvonne.higgins@northwindmaterials.com,TRUE,134296607987066448,All-Employees;Engineering-All,DevOps Engineer - Engineering
kyle.henry,"CN=Kyle Henry,OU=QualityAssurance,DC=northwind,DC=local",Kyle Henry,kyle.henry@northwindmaterials.com,TRUE,134317962608220160,All-Employees;Quality-Assurance-All,Quality Inspector - Quality Assurance
carrie.parsons,"CN=Carrie Parsons,OU=Engineering,DC=northwind,DC=local",Carrie Parsons,carrie.parsons@northwindmaterials.com,TRUE,134262773008077024,All-Employees;Engineering-All,QA Engineer - Engineering
matthew.chapman,"CN=Matthew Chapman,OU=Manufacturing,DC=northwind,DC=local",Matthew Chapman,matthew.chapman@northwindmaterials.com,TRUE,134250122477677248,All-Employees;Manufacturing-All;Plant-Ops-Leads,"Manager, Manufacturing - Manufacturing"
ctr.jillian.stewart,"CN=Jillian Stewart,OU=Contractors,DC=northwind,DC=local",Jillian Stewart,jillian.stewart@contractor.northwindmaterials.com,TRUE,134261211368301024,Contractors-All;All-Employees,Contractor - Staffing Partner B - vendor engagement
ian.morales,"CN=Ian Morales,OU=Manufacturing,DC=northwind,DC=local",Ian Morales,ian.morales@northwindmaterials.com,TRUE,134250218144336256,All-Employees;Manufacturing-All,Plant Technician - Manufacturing
julia.hoffman,"CN=Julia Hoffman,OU=Legal,DC=northwind,DC=local",Julia Hoffman,julia.hoffman@northwindmaterials.com,TRUE,134264475347243424,All-Employees;Legal-All,Paralegal - Legal
robert.parrish,"CN=Robert Parrish,OU=Legal,DC=northwind,DC=local",Robert Parrish,robert.parrish@northwindmaterials.com,TRUE,134270955994488448,All-Employees;Legal-All,Compliance Analyst - Legal
ctr.tyler.ballard,"CN=Tyler Ballard,OU=Contractors,DC=northwind,DC=local",Tyler Ballard,tyler.ballard@contractor.northwindmaterials.com,TRUE,134260598327253856,Contractors-All;All-Employees,Contractor - Staffing Partner A - vendor engagement
joel.cochran,"CN=Joel Cochran,OU=Operations,DC=northwind,DC=local",Joel Cochran,joel.cochran@northwindmaterials.com,TRUE,134264890871561152,All-Employees;Operations-All,Operations Analyst - Operations
joshua.becker,"CN=Joshua Becker,OU=CustomerSuccess,DC=northwind,DC=local",Joshua Becker,joshua.becker@northwindmaterials.com,TRUE,134278103231139568,All-Employees;Customer-Success-All,Support Specialist - Customer Success
amanda.gill,"CN=Amanda Gill,OU=InformationTechnology,DC=northwind,DC=local",Amanda Gill,amanda.gill@northwindmaterials.com,TRUE,134301732632957408,All-Employees;Information-Technology-All,IT Support Specialist - Information Technology
ctr.elizabeth.jensen,"CN=Elizabeth Jensen,OU=Contractors,DC=northwind,DC=local",Elizabeth Jensen,elizabeth.jensen@contractor.northwindmaterials.com,TRUE,134274681445013440,Contractors-All;All-Employees,Contractor - Staffing Partner A - vendor engagement
nathan.mckee,"CN=Nathan Mckee,OU=SupplyChain,DC=northwind,DC=local",Nathan Mckee,nathan.mckee@northwindmaterials.com,TRUE,134249630750192992,All-Employees;Supply-Chain-All,Procurement Specialist - Supply Chain
sydney.baker,"CN=Sydney Baker,OU=QualityAssurance,DC=northwind,DC=local",Sydney Baker,sydney.baker@northwindmaterials.com,TRUE,134287575494651792,All-Employees;Quality-Assurance-All,"Manager, Quality Assurance - Quality Assurance"
gary.norton,"CN=Gary Norton,OU=CustomerSuccess,DC=northwind,DC=local",Gary Norton,gary.norton@northwindmaterials.com,TRUE,134254003292345504,All-Employees;Customer-Success-All,Customer Success Associate - Customer Success
adam.arnold,"CN=Adam Arnold,OU=Operations,DC=northwind,DC=local",Adam Arnold,adam.arnold@northwindmaterials.com,TRUE,134264624811841520,All-Employees;Operations-All,Logistics Coordinator - Operations
thomas.green,"CN=Thomas Green,OU=InformationTechnology,DC=northwind,DC=local",Thomas Green,thomas.green@northwindmaterials.com,TRUE,134325189668291840,All-Employees;Information-Technology-All,IT Support Specialist - Information Technology
william.taylor,"CN=William Taylor,OU=QualityAssurance,DC=northwind,DC=local",William Taylor,william.taylor@northwindmaterials.com,TRUE,134312736709661536,All-Employees;Quality-Assurance-All,Quality Inspector - Quality Assurance
tammy.johnson,"CN=Tammy Johnson,OU=Legal,DC=northwind,DC=local",Tammy Johnson,tammy.johnson@northwindmaterials.com,TRUE,134285639343697440,All-Employees;Legal-All,Compliance Analyst - Legal
dale.nolan,"CN=Dale Nolan,OU=Engineering,DC=northwind,DC=local",Dale Nolan,dale.nolan@northwindmaterials.com,TRUE,134256517332535808,All-Employees;Engineering-All,QA Engineer - Engineering
travis.davis,"CN=Travis Davis,OU=Engineering,DC=northwind,DC=local",Travis Davis,travis.davis@northwindmaterials.com,TRUE,134264486708209056,All-Employees;Engineering-All,DevOps Engineer - Engineering
samuel.jenkins,"CN=Samuel Jenkins,OU=Finance,DC=northwind,DC=local",Samuel Jenkins,samuel.jenkins@northwindmaterials.com,TRUE,134272118627603504,All-Employees;Finance-All,Financial Analyst - Finance
mitchell.ramos,"CN=Mitchell Ramos,OU=CustomerSuccess,DC=northwind,DC=local",Mitchell Ramos,mitchell.ramos@northwindmaterials.com,TRUE,134307409476418736,All-Employees;Customer-Success-All,Support Specialist - Customer Success
tina.silva,"CN=Tina Silva,OU=SupplyChain,DC=northwind,DC=local",Tina Silva,tina.silva@northwindmaterials.com,FALSE,134255296482930240,All-Employees;Supply-Chain-All,Supply Chain Analyst - Supply Chain
patty.singleton,"CN=Patty Singleton,OU=Legal,DC=northwind,DC=local",Patty Singleton,patty.singleton@northwindmaterials.com,FALSE,134303511209128800,All-Employees;Legal-All,Compliance Analyst - Legal
cheryl.archer,"CN=Cheryl Archer,OU=Manufacturing,DC=northwind,DC=local",Cheryl Archer,cheryl.archer@northwindmaterials.com,TRUE,134296327306326848,All-Employees;Manufacturing-All,"Manager, Manufacturing - Manufacturing"
catherine.lee,"CN=Catherine Lee,OU=InformationTechnology,DC=northwind,DC=local",Catherine Lee,catherine.lee@northwindmaterials.com,TRUE,134272772080732816,All-Employees;Information-Technology-All,IT Support Specialist - Information Technology
kenneth.terry,"CN=Kenneth Terry,OU=Engineering,DC=northwind,DC=local",Kenneth Terry,kenneth.terry@northwindmaterials.com,TRUE,134283553404694448,All-Employees;Engineering-All,DevOps Engineer - Engineering
ctr.robert.alvarez,"CN=Robert Alvarez,OU=Contractors,DC=northwind,DC=local",Robert Alvarez,robert.alvarez@contractor.northwindmaterials.com,TRUE,134303071459156704,Contractors-All;All-Employees,Contractor - Staffing Partner B - vendor engagement
karen.wolf,"CN=Karen Wolf,OU=InformationTechnology,DC=northwind,DC=local",Karen Wolf,karen.wolf@northwindmaterials.com,TRUE,134282017449784800,All-Employees;Information-Technology-All,Network Engineer - Information Technology
kevin.sharp,"CN=Kevin Sharp,OU=InformationTechnology,DC=northwind,DC=local",Kevin Sharp,kevin.sharp@northwindmaterials.com,TRUE,134256418798643952,All-Employees;Information-Technology-All,Network Engineer - Information Technology
stacy.conner,"CN=Stacy Conner,OU=HumanResources,DC=northwind,DC=local",Stacy Conner,stacy.conner@northwindmaterials.com,TRUE,134295650192266992,All-Employees;Human-Resources-All,HR Coordinator - Human Resources
victoria.turner,"CN=Victoria Turner,OU=CustomerSuccess,DC=northwind,DC=local",Victoria Turner,victoria.turner@northwindmaterials.com,TRUE,134270756153463744,All-Employees;Customer-Success-All,Support Specialist - Customer Success
rebecca.conley,"CN=Rebecca Conley,OU=HumanResources,DC=northwind,DC=local",Rebecca Conley,rebecca.conley@northwindmaterials.com,TRUE,134317709378635216,All-Employees;Human-Resources-All,Recruiter - Human Resources
scott.scott,"CN=Scott Scott,OU=Engineering,DC=northwind,DC=local",Scott Scott,scott.scott@northwindmaterials.com,TRUE,134268345280974432,All-Employees;Engineering-All,Software Engineer - Engineering
stanley.clark,"CN=Stanley Clark,OU=QualityAssurance,DC=northwind,DC=local",Stanley Clark,stanley.clark@northwindmaterials.com,TRUE,134326198510387472,All-Employees;Quality-Assurance-All,QA Analyst - Quality Assurance
brian.cervantes,"CN=Brian Cervantes,OU=SupplyChain,DC=northwind,DC=local",Brian Cervantes,brian.cervantes@northwindmaterials.com,TRUE,134306749586238960,All-Employees;Supply-Chain-All,Supply Chain Analyst - Supply Chain
andrea.hickman,"CN=Andrea Hickman,OU=SupplyChain,DC=northwind,DC=local",Andrea Hickman,andrea.hickman@northwindmaterials.com,TRUE,134254320172671280,All-Employees;Supply-Chain-All,Supply Chain Analyst - Supply Chain
leslie.patterson,"CN=Leslie Patterson,OU=CustomerSuccess,DC=northwind,DC=local",Leslie Patterson,leslie.patterson@northwindmaterials.com,TRUE,134292779813377648,All-Employees;Customer-Success-All,Customer Success Associate - Customer Success
sergio.wilson,"CN=Sergio Wilson,OU=Engineering,DC=northwind,DC=local",Sergio Wilson,sergio.wilson@northwindmaterials.com,FALSE,134254446581841200,All-Employees;Engineering-All,Senior Software Engineer - Engineering
shawn.anderson,"CN=Shawn Anderson,OU=Legal,DC=northwind,DC=local",Shawn Anderson,shawn.anderson@northwindmaterials.com,TRUE,134262562573328336,All-Employees;Legal-All,Compliance Analyst - Legal
joseph.tanner,"CN=Joseph Tanner,OU=Legal,DC=northwind,DC=local",Joseph Tanner,joseph.tanner@northwindmaterials.com,TRUE,134295191374296000,All-Employees;Legal-All,Compliance Analyst - Legal
amanda.park,"CN=Amanda Park,OU=InformationTechnology,DC=northwind,DC=local",Amanda Park,amanda.park@northwindmaterials.com,TRUE,134302221544620672,All-Employees;Information-Technology-All,IT Support Specialist - Information Technology
jeremy.whitehead,"CN=Jeremy Whitehead,OU=SupplyChain,DC=northwind,DC=local",Jeremy Whitehead,jeremy.whitehead@northwindmaterials.com,FALSE,134259306199032480,All-Employees;Supply-Chain-All,"Manager, Supply Chain - Supply Chain"
gabriella.abbott,"CN=Gabriella Abbott,OU=QualityAssurance,DC=northwind,DC=local",Gabriella Abbott,gabriella.abbott@northwindmaterials.com,TRUE,134298754183665200,All-Employees;Quality-Assurance-All,Quality Inspector - Quality Assurance
brian.hernandez,"CN=Brian Hernandez,OU=QualityAssurance,DC=northwind,DC=local",Brian Hernandez,brian.hernandez@northwindmaterials.com,FALSE,134281836707458784,All-Employees;Quality-Assurance-All,QA Analyst - Quality Assurance
todd.kim,"CN=Todd Kim,OU=Manufacturing,DC=northwind,DC=local",Todd Kim,todd.kim@northwindmaterials.com,TRUE,134274751628524336,All-Employees;Manufacturing-All,Machine Operator - Manufacturing
mary.lee,"CN=Mary Lee,OU=SupplyChain,DC=northwind,DC=local",Mary Lee,mary.lee@northwindmaterials.com,TRUE,134259208544867616,All-Employees;Supply-Chain-All,Supply Chain Analyst - Supply Chain
ctr.alan.farrell,"CN=Alan Farrell,OU=Contractors,DC=northwind,DC=local",Alan Farrell,alan.farrell@contractor.northwindmaterials.com,TRUE,134272109768270304,Contractors-All;All-Employees,Contractor - Staffing Partner A - vendor engagement
james.wilson,"CN=James Wilson,OU=SupplyChain,DC=northwind,DC=local",James Wilson,james.wilson@northwindmaterials.com,TRUE,134294364290147536,All-Employees;Supply-Chain-All,Procurement Specialist - Supply Chain
katherine.davis,"CN=Katherine Davis,OU=Engineering,DC=northwind,DC=local",Katherine Davis,katherine.davis@northwindmaterials.com,TRUE,134269272989624976,All-Employees;Engineering-All,QA Engineer - Engineering
christina.stanley,"CN=Christina Stanley,OU=InformationTechnology,DC=northwind,DC=local",Christina Stanley,christina.stanley@northwindmaterials.com,TRUE,134296986121006832,All-Employees;Information-Technology-All,Systems Administrator - Information Technology
jesse.mann,"CN=Jesse Mann,OU=Legal,DC=northwind,DC=local",Jesse Mann,jesse.mann@northwindmaterials.com,TRUE,134319305554711136,All-Employees;Legal-All,Compliance Analyst - Legal
molly.knox,"CN=Molly Knox,OU=SupplyChain,DC=northwind,DC=local",Molly Knox,molly.knox@northwindmaterials.com,TRUE,134283281385321344,All-Employees;Supply-Chain-All,Procurement Specialist - Supply Chain
erica.young,"CN=Erica Young,OU=Finance,DC=northwind,DC=local",Erica Young,erica.young@northwindmaterials.com,TRUE,134258119449418960,All-Employees;Finance-All,Financial Analyst - Finance
ryan.osborn,"CN=Ryan Osborn,OU=Engineering,DC=northwind,DC=local",Ryan Osborn,ryan.osborn@northwindmaterials.com,TRUE,134264235423075168,All-Employees;Engineering-All,Senior Software Engineer - Engineering
elizabeth.robinson,"CN=Elizabeth Robinson,OU=QualityAssurance,DC=northwind,DC=local",Elizabeth Robinson,elizabeth.robinson@northwindmaterials.com,TRUE,134263717038087440,All-Employees;Quality-Assurance-All,Quality Inspector - Quality Assurance
robert.miles,"CN=Robert Miles,OU=CustomerSuccess,DC=northwind,DC=local",Robert Miles,robert.miles@northwindmaterials.com,TRUE,134277014649545536,All-Employees;Customer-Success-All,Customer Success Associate - Customer Success
sydney.taylor,"CN=Sydney Taylor,OU=InformationTechnology,DC=northwind,DC=local",Sydney Taylor,sydney.taylor@northwindmaterials.com,TRUE,134279146656963136,All-Employees;Information-Technology-All,Network Engineer - Information Technology
dustin.haley,"CN=Dustin Haley,OU=Finance,DC=northwind,DC=local",Dustin Haley,dustin.haley@northwindmaterials.com,TRUE,134319124053460240,All-Employees;Finance-All,Financial Analyst - Finance
jeffrey.dudley,"CN=Jeffrey Dudley,OU=SupplyChain,DC=northwind,DC=local",Jeffrey Dudley,jeffrey.dudley@northwindmaterials.com,TRUE,134289861163154736,All-Employees;Supply-Chain-All,Supply Chain Analyst - Supply Chain
david.mathews,"CN=David Mathews,OU=CustomerSuccess,DC=northwind,DC=local",David Mathews,david.mathews@northwindmaterials.com,TRUE,134321512619783616,All-Employees;Customer-Success-All,Support Specialist - Customer Success
george.greer,"CN=George Greer,OU=CustomerSuccess,DC=northwind,DC=local",George Greer,george.greer@northwindmaterials.com,TRUE,134290553183221344,All-Employees;Customer-Success-All,Customer Success Associate - Customer Success
ctr.donna.hill,"CN=Donna Hill,OU=Contractors,DC=northwind,DC=local",Donna Hill,donna.hill@contractor.northwindmaterials.com,TRUE,134322211725468960,Contractors-All;All-Employees,Contractor - Staffing Partner A - vendor engagement
jennifer.harris,"CN=Jennifer Harris,OU=Manufacturing,DC=northwind,DC=local",Jennifer Harris,jennifer.harris@northwindmaterials.com,TRUE,134263286032886768,All-Employees;Manufacturing-All,"Manager, Manufacturing - Manufacturing"
kimberly.bowman,"CN=Kimberly Bowman,OU=QualityAssurance,DC=northwind,DC=local",Kimberly Bowman,kimberly.bowman@northwindmaterials.com,FALSE,134288001184837888,All-Employees;Quality-Assurance-All,QA Analyst - Quality Assurance
lance.hayes,"CN=Lance Hayes,OU=HumanResources,DC=northwind,DC=local",Lance Hayes,lance.hayes@northwindmaterials.com,FALSE,134326887479620144,All-Employees;Human-Resources-All,Recruiter - Human Resources
joshua.medina,"CN=Joshua Medina,OU=SupplyChain,DC=northwind,DC=local",Joshua Medina,joshua.medina@northwindmaterials.com,TRUE,134274233111984384,All-Employees;Supply-Chain-All,Supply Chain Analyst - Supply Chain
janet.holland,"CN=Janet Holland,OU=InformationTechnology,DC=northwind,DC=local",Janet Holland,janet.holland@northwindmaterials.com,TRUE,134263590071142928,All-Employees;Information-Technology-All,Systems Administrator - Information Technology
theresa.anderson,"CN=Theresa Anderson,OU=SupplyChain,DC=northwind,DC=local",Theresa Anderson,theresa.anderson@northwindmaterials.com,TRUE,134276846468239152,All-Employees;Supply-Chain-All,Supply Chain Analyst - Supply Chain
brian.davies,"CN=Brian Davies,OU=Legal,DC=northwind,DC=local",Brian Davies,brian.davies@northwindmaterials.com,TRUE,134268819147361120,All-Employees;Legal-All,Paralegal - Legal
craig.mendoza,"CN=Craig Mendoza,OU=Legal,DC=northwind,DC=local",Craig Mendoza,craig.mendoza@northwindmaterials.com,TRUE,134252788861574448,All-Employees;Legal-All,Paralegal - Legal
taylor.smith,"CN=Taylor Smith,OU=SupplyChain,DC=northwind,DC=local",Taylor Smith,taylor.smith@northwindmaterials.com,TRUE,134279185143258800,All-Employees;Supply-Chain-All,Supply Chain Analyst - Supply Chain
dana.green,"CN=Dana Green,OU=Finance,DC=northwind,DC=local",Dana Green,dana.green@northwindmaterials.com,TRUE,134294381077445456,All-Employees;Finance-All,"Manager, Finance - Finance"
lee.charles,"CN=Lee Charles,OU=SupplyChain,DC=northwind,DC=local",Lee Charles,lee.charles@northwindmaterials.com,TRUE,134305910856433264,All-Employees;Supply-Chain-All,"Manager, Supply Chain - Supply Chain"
natalie.clements3,"CN=Natalie Clements,OU=Users,DC=northwind,DC=local",Natalie Clements,natalie.clements3@northwindmaterials.com,FALSE,134073338086694272,All-Employees,
elizabeth.house,"CN=Elizabeth House,OU=CustomerSuccess,DC=northwind,DC=local",Elizabeth House,elizabeth.house@northwindmaterials.com,TRUE,134290589292983584,All-Employees;Customer-Success-All,Customer Success Associate - Customer Success
christopher.hunt,"CN=Christopher Hunt,OU=Manufacturing,DC=northwind,DC=local",Christopher Hunt,christopher.hunt@northwindmaterials.com,TRUE,134298570883016336,All-Employees;Manufacturing-All;Plant-Ops-Leads,Line Supervisor - Manufacturing
ctr.michael.allen,"CN=Michael Allen,OU=Contractors,DC=northwind,DC=local",Michael Allen,michael.allen@contractor.northwindmaterials.com,TRUE,134319329422548032,Contractors-All;All-Employees,Contractor - Staffing Partner A - vendor engagement
louis.robinson,"CN=Louis Robinson,OU=Engineering,DC=northwind,DC=local",Louis Robinson,louis.robinson@northwindmaterials.com,TRUE,134266043083829568,All-Employees;Engineering-All,QA Engineer - Engineering
james.herman,"CN=James Herman,OU=CustomerSuccess,DC=northwind,DC=local",James Herman,james.herman@northwindmaterials.com,TRUE,134318717756519008,All-Employees;Customer-Success-All,Support Specialist - Customer Success
catherine.taylor,"CN=Catherine Taylor,OU=Engineering,DC=northwind,DC=local",Catherine Taylor,catherine.taylor@northwindmaterials.com,TRUE,134286215242846672,All-Employees;Engineering-All,Senior Software Engineer - Engineering
alan.caldwell,"CN=Alan Caldwell,OU=Finance,DC=northwind,DC=local",Alan Caldwell,alan.caldwell@northwindmaterials.com,TRUE,134249870807378352,All-Employees;Finance-All,Financial Analyst - Finance
bryan.parsons,"CN=Bryan Parsons,OU=QualityAssurance,DC=northwind,DC=local",Bryan Parsons,bryan.parsons@northwindmaterials.com,TRUE,134294485219833280,All-Employees;Quality-Assurance-All,QA Analyst - Quality Assurance
alyssa.coleman,"CN=Alyssa Coleman,OU=Engineering,DC=northwind,DC=local",Alyssa Coleman,alyssa.coleman@northwindmaterials.com,TRUE,134251144638351360,All-Employees;Engineering-All,QA Engineer - Engineering
christopher.anderson,"CN=Christopher Anderson,OU=Operations,DC=northwind,DC=local",Christopher Anderson,christopher.anderson@northwindmaterials.com,TRUE,134281295697191472,All-Employees;Operations-All,Operations Analyst - Operations
katherine.trujillo,"CN=Katherine Trujillo,OU=Engineering,DC=northwind,DC=local",Katherine Trujillo,katherine.trujillo@northwindmaterials.com,TRUE,134263125820112368,All-Employees;Engineering-All,DevOps Engineer - Engineering
susan.cowan,"CN=Susan Cowan,OU=Finance,DC=northwind,DC=local",Susan Cowan,susan.cowan@northwindmaterials.com,TRUE,134313576935686080,All-Employees;Finance-All,"Manager, Finance - Finance"
thomas.coffey,"CN=Thomas Coffey,OU=Engineering,DC=northwind,DC=local",Thomas Coffey,thomas.coffey@northwindmaterials.com,TRUE,134296330747533680,All-Employees;Engineering-All,QA Engineer - Engineering
sarah.johnson,"CN=Sarah Johnson,OU=Engineering,DC=northwind,DC=local",Sarah Johnson,sarah.johnson@northwindmaterials.com,TRUE,134304291839489712,All-Employees;Engineering-All,Senior Software Engineer - Engineering
lisa.garrett,"CN=Lisa Garrett,OU=QualityAssurance,DC=northwind,DC=local",Lisa Garrett,lisa.garrett@northwindmaterials.com,TRUE,134293793487326992,All-Employees;Quality-Assurance-All,Quality Inspector - Quality Assurance
spencer.ward,"CN=Spencer Ward,OU=Engineering,DC=northwind,DC=local",Spencer Ward,spencer.ward@northwindmaterials.com,TRUE,134279241200035520,All-Employees;Engineering-All,DevOps Engineer - Engineering
michelle.schmidt,"CN=Michelle Schmidt,OU=Operations,DC=northwind,DC=local",Michelle Schmidt,michelle.schmidt@northwindmaterials.com,TRUE,134249550218369536,All-Employees;Operations-All,Operations Analyst - Operations
arthur.greene,"CN=Arthur Greene,OU=Finance,DC=northwind,DC=local",Arthur Greene,arthur.greene@northwindmaterials.com,TRUE,134308391429022272,All-Employees;Finance-All,Accountant - Finance
brittney.rice,"CN=Brittney Rice,OU=InformationTechnology,DC=northwind,DC=local",Brittney Rice,brittney.rice@northwindmaterials.com,TRUE,134326249098467792,All-Employees;Information-Technology-All,Network Engineer - Information Technology
lisa.wilson,"CN=Lisa Wilson,OU=InformationTechnology,DC=northwind,DC=local",Lisa Wilson,lisa.wilson@northwindmaterials.com,TRUE,134251140474813552,All-Employees;Information-Technology-All,Network Engineer - Information Technology
stephanie.foley,"CN=Stephanie Foley,OU=Engineering,DC=northwind,DC=local",Stephanie Foley,stephanie.foley@northwindmaterials.com,TRUE,134321139362994000,All-Employees;Engineering-All,DevOps Engineer - Engineering
tiffany.hatfield,"CN=Tiffany Hatfield,OU=SupplyChain,DC=northwind,DC=local",Tiffany Hatfield,tiffany.hatfield@northwindmaterials.com,TRUE,134307150873906704,All-Employees;Supply-Chain-All,Procurement Specialist - Supply Chain
albert.wagner,"CN=Albert Wagner,OU=HumanResources,DC=northwind,DC=local",Albert Wagner,albert.wagner@northwindmaterials.com,TRUE,134278891570090080,All-Employees;Human-Resources-All,HR Coordinator - Human Resources
plant-shared-campaign01,"CN=plant-shared-campaign01,OU=ServiceAccounts,DC=northwind,DC=local",plant-shared-campaign01,plant-shared-campaign01@northwindmaterials.com,TRUE,134306346549130192,Service-Accounts,Non-interactive service/CI account
kelsey.chapman,"CN=Kelsey Chapman,OU=Finance,DC=northwind,DC=local",Kelsey Chapman,kelsey.chapman@northwindmaterials.com,TRUE,134269829075113104,All-Employees;Finance-All,Financial Analyst - Finance
jessica.bird,"CN=Jessica Bird,OU=Finance,DC=northwind,DC=local",Jessica Bird,jessica.bird@northwindmaterials.com,TRUE,134318044708329888,All-Employees;Finance-All,Accountant - Finance
ctr.heather.goodman,"CN=Heather Goodman,OU=Contractors,DC=northwind,DC=local",Heather Goodman,heather.goodman@contractor.northwindmaterials.com,TRUE,134304180536044592,Contractors-All;All-Employees,Contractor - Staffing Partner B - vendor engagement
michael.ellis,"CN=Michael Ellis,OU=CustomerSuccess,DC=northwind,DC=local",Michael Ellis,michael.ellis@northwindmaterials.com,TRUE,134262776519756464,All-Employees;Customer-Success-All,Support Specialist - Customer Success
kendra.snyder,"CN=Kendra Snyder,OU=SupplyChain,DC=northwind,DC=local",Kendra Snyder,kendra.snyder@northwindmaterials.com,TRUE,134289925965522656,All-Employees;Supply-Chain-All,Procurement Specialist - Supply Chain
derek.chavez,"CN=Derek Chavez,OU=QualityAssurance,DC=northwind,DC=local",Derek Chavez,derek.chavez@northwindmaterials.com,TRUE,134267009332620336,All-Employees;Quality-Assurance-All,QA Analyst - Quality Assurance
heather.brewer,"CN=Heather Brewer,OU=QualityAssurance,DC=northwind,DC=local",Heather Brewer,heather.brewer@northwindmaterials.com,TRUE,134256503796540624,All-Employees;Quality-Assurance-All,QA Analyst - Quality Assurance
melissa.suarez,"CN=Melissa Suarez,OU=QualityAssurance,DC=northwind,DC=local",Melissa Suarez,melissa.suarez@northwindmaterials.com,TRUE,134306694443865216,All-Employees;Quality-Assurance-All,QA Analyst - Quality Assurance
larry.higgins,"CN=Larry Higgins,OU=QualityAssurance,DC=northwind,DC=local",Larry Higgins,larry.higgins@northwindmaterials.com,TRUE,134294080975446256,All-Employees;Quality-Assurance-All,Quality Inspector - Quality Assurance
beth.butler,"CN=Beth Butler,OU=SupplyChain,DC=northwind,DC=local",Beth Butler,beth.butler@northwindmaterials.com,TRUE,134272380688272400,All-Employees;Supply-Chain-All,Supply Chain Analyst - Supply Chain
karen.lawrence,"CN=Karen Lawrence,OU=Operations,DC=northwind,DC=local",Karen Lawrence,karen.lawrence@northwindmaterials.com,TRUE,134258504051699424,All-Employees;Operations-All,Operations Analyst - Operations
lisa.hawkins,"CN=Lisa Hawkins,OU=SupplyChain,DC=northwind,DC=local",Lisa Hawkins,lisa.hawkins@northwindmaterials.com,TRUE,134307967866638448,All-Employees;Supply-Chain-All,Procurement Specialist - Supply Chain
ctr.rodney.moore,"CN=Rodney Moore,OU=Contractors,DC=northwind,DC=local",Rodney Moore,rodney.moore@contractor.northwindmaterials.com,TRUE,134325177992318976,Contractors-All;All-Employees,Contractor - Staffing Partner B - vendor engagement
rebecca.gardner,"CN=Rebecca Gardner,OU=SupplyChain,DC=northwind,DC=local",Rebecca Gardner,rebecca.gardner@northwindmaterials.com,TRUE,134320759202898544,All-Employees;Supply-Chain-All,"Manager, Supply Chain - Supply Chain"
peter.gamble,"CN=Peter Gamble,OU=Engineering,DC=northwind,DC=local",Peter Gamble,peter.gamble@northwindmaterials.com,TRUE,134322732804254976,All-Employees;Engineering-All,QA Engineer - Engineering
becky.edwards,"CN=Becky Edwards,OU=InformationTechnology,DC=northwind,DC=local",Becky Edwards,becky.edwards@northwindmaterials.com,TRUE,134308542799861952,All-Employees;Information-Technology-All,Systems Administrator - Information Technology
ctr.paul.ford,"CN=Paul Ford,OU=Contractors,DC=northwind,DC=local",Paul Ford,paul.ford@contractor.northwindmaterials.com,TRUE,134256778802623728,Contractors-All;All-Employees,Contractor - Staffing Partner B - vendor engagement
robert.brewer,"CN=Robert Brewer,OU=Engineering,DC=northwind,DC=local",Robert Brewer,robert.brewer@northwindmaterials.com,TRUE,134326688817734560,All-Employees;Engineering-All,Senior Software Engineer - Engineering
ctr.robert.crawford,"CN=Robert Crawford,OU=Contractors,DC=northwind,DC=local",Robert Crawford,robert.crawford@contractor.northwindmaterials.com,TRUE,134307962272753200,Contractors-All;All-Employees,Contractor - Staffing Partner B - vendor engagement
phillip.elliott,"CN=Phillip Elliott,OU=SupplyChain,DC=northwind,DC=local",Phillip Elliott,phillip.elliott@northwindmaterials.com,TRUE,134323059356434400,All-Employees;Supply-Chain-All,Supply Chain Analyst - Supply Chain
linda.wolfe,"CN=Linda Wolfe,OU=SupplyChain,DC=northwind,DC=local",Linda Wolfe,linda.wolfe@northwindmaterials.com,TRUE,134296689892148832,All-Employees;Supply-Chain-All,VP of Supply Chain - Supply Chain
paul.warren,"CN=Paul Warren,OU=SupplyChain,DC=northwind,DC=local",Paul Warren,paul.warren@northwindmaterials.com,TRUE,134271369017461712,All-Employees;Supply-Chain-All,Procurement Specialist - Supply Chain
alicia.bryant,"CN=Alicia Bryant,OU=SupplyChain,DC=northwind,DC=local",Alicia Bryant,alicia.bryant@northwindmaterials.com,TRUE,134255330637786544,All-Employees;Supply-Chain-All,Procurement Specialist - Supply Chain
kyle.ortiz,"CN=Kyle Ortiz,OU=Legal,DC=northwind,DC=local",Kyle Ortiz,kyle.ortiz@northwindmaterials.com,TRUE,134280908354358752,All-Employees;Legal-All,"Manager, Legal - Legal"
whitney.hill,"CN=Whitney Hill,OU=Engineering,DC=northwind,DC=local",Whitney Hill,whitney.hill@northwindmaterials.com,TRUE,134275745013081664,All-Employees;Engineering-All,Software Engineer - Engineering
andrea.stephens,"CN=Andrea Stephens,OU=Manufacturing,DC=northwind,DC=local",Andrea Stephens,andrea.stephens@northwindmaterials.com,TRUE,134290639938838448,All-Employees;Manufacturing-All,Line Supervisor - Manufacturing
logan.bailey,"CN=Logan Bailey,OU=SupplyChain,DC=northwind,DC=local",Logan Bailey,logan.bailey@northwindmaterials.com,TRUE,134291069987559568,All-Employees;Supply-Chain-All,Procurement Specialist - Supply Chain
william.cruz,"CN=William Cruz,OU=CustomerSuccess,DC=northwind,DC=local",William Cruz,william.cruz@northwindmaterials.com,TRUE,134271324029951936,All-Employees;Customer-Success-All,Customer Success Associate - Customer Success
alexandra.hayes,"CN=Alexandra Hayes,OU=Engineering,DC=northwind,DC=local",Alexandra Hayes,alexandra.hayes@northwindmaterials.com,TRUE,134291146018282624,All-Employees;Engineering-All,QA Engineer - Engineering
aaron.cruz,"CN=Aaron Cruz,OU=SupplyChain,DC=northwind,DC=local",Aaron Cruz,aaron.cruz@northwindmaterials.com,TRUE,134304825312059072,All-Employees;Supply-Chain-All,Procurement Specialist - Supply Chain
ctr.alexis.cervantes,"CN=Alexis Cervantes,OU=Contractors,DC=northwind,DC=local",Alexis Cervantes,alexis.cervantes@contractor.northwindmaterials.com,TRUE,134250767033056176,Contractors-All;All-Employees,Contractor - Staffing Partner A - vendor engagement
william.barnes,"CN=William Barnes,OU=HumanResources,DC=northwind,DC=local",William Barnes,william.barnes@northwindmaterials.com,TRUE,134312134936829600,All-Employees;Human-Resources-All,HR Generalist - Human Resources
tara.williams,"CN=Tara Williams,OU=SupplyChain,DC=northwind,DC=local",Tara Williams,tara.williams@northwindmaterials.com,FALSE,134293741149611104,All-Employees;Supply-Chain-All,Supply Chain Analyst - Supply Chain
jessica.anderson,"CN=Jessica Anderson,OU=SupplyChain,DC=northwind,DC=local",Jessica Anderson,jessica.anderson@northwindmaterials.com,TRUE,134255835271422480,All-Employees;Supply-Chain-All,Procurement Specialist - Supply Chain
brian.martinez,"CN=Brian Martinez,OU=Operations,DC=northwind,DC=local",Brian Martinez,brian.martinez@northwindmaterials.com,TRUE,134273337236803392,All-Employees;Operations-All,Logistics Coordinator - Operations
ashley.sweeney,"CN=Ashley Sweeney,OU=Legal,DC=northwind,DC=local",Ashley Sweeney,ashley.sweeney@northwindmaterials.com,TRUE,134287293570032112,All-Employees;Legal-All,Paralegal - Legal
julie.lane,"CN=Julie Lane,OU=CustomerSuccess,DC=northwind,DC=local",Julie Lane,julie.lane@northwindmaterials.com,TRUE,134253595555816960,All-Employees;Customer-Success-All,Customer Success Associate - Customer Success
lauren.haynes,"CN=Lauren Haynes,OU=CustomerSuccess,DC=northwind,DC=local",Lauren Haynes,lauren.haynes@northwindmaterials.com,TRUE,134259611534356400,All-Employees;Customer-Success-All,Support Specialist - Customer Success
gregory.maxwell,"CN=Gregory Maxwell,OU=HumanResources,DC=northwind,DC=local",Gregory Maxwell,gregory.maxwell@northwindmaterials.com,TRUE,134301218031022192,All-Employees;Human-Resources-All,Recruiter - Human Resources
stephen.carter,"CN=Stephen Carter,OU=QualityAssurance,DC=northwind,DC=local",Stephen Carter,stephen.carter@northwindmaterials.com,TRUE,134268772829986288,All-Employees;Quality-Assurance-All,QA Analyst - Quality Assurance
ruben.lopez5,"CN=Ruben Lopez,OU=Users,DC=northwind,DC=local",Ruben Lopez,ruben.lopez5@northwindmaterials.com,FALSE,134024058975473456,All-Employees,
jacob.travis,"CN=Jacob Travis,OU=Manufacturing,DC=northwind,DC=local",Jacob Travis,jacob.travis@northwindmaterials.com,TRUE,134326907136759872,All-Employees;Manufacturing-All;Plant-Ops-Leads,Machine Operator - Manufacturing
marie.davis,"CN=Marie Davis,OU=QualityAssurance,DC=northwind,DC=local",Marie Davis,marie.davis@northwindmaterials.com,TRUE,134292314544232176,All-Employees;Quality-Assurance-All,QA Analyst - Quality Assurance
anita.freeman,"CN=Anita Freeman,OU=HumanResources,DC=northwind,DC=local",Anita Freeman,anita.freeman@northwindmaterials.com,TRUE,134278835649145168,All-Employees;Human-Resources-All,Recruiter - Human Resources
brenda.hurst,"CN=Brenda Hurst,OU=Finance,DC=northwind,DC=local",Brenda Hurst,brenda.hurst@northwindmaterials.com,TRUE,134255102027159152,All-Employees;Finance-All,Director of Finance - Finance
lisa.villarreal,"CN=Lisa Villarreal,OU=Finance,DC=northwind,DC=local",Lisa Villarreal,lisa.villarreal@northwindmaterials.com,TRUE,134313310718270496,All-Employees;Finance-All,Accountant - Finance
jose.mills,"CN=Jose Mills,OU=Finance,DC=northwind,DC=local",Jose Mills,jose.mills@northwindmaterials.com,TRUE,134269556249684480,All-Employees;Finance-All,AP Specialist - Finance
svc-policy27,"CN=svc-policy27,OU=ServiceAccounts,DC=northwind,DC=local",svc-policy27,svc-policy27@northwindmaterials.com,TRUE,134311276548378416,Service-Accounts,Owned by IT Automation team
joshua.colon,"CN=Joshua Colon,OU=HumanResources,DC=northwind,DC=local",Joshua Colon,joshua.colon@northwindmaterials.com,TRUE,134275503365195840,All-Employees;Human-Resources-All,HR Generalist - Human Resources
carlos.baker,"CN=Carlos Baker,OU=Engineering,DC=northwind,DC=local",Carlos Baker,carlos.baker@northwindmaterials.com,TRUE,134292009984816608,All-Employees;Engineering-All,Senior Software Engineer - Engineering
james.sandoval,"CN=James Sandoval,OU=Finance,DC=northwind,DC=local",James Sandoval,james.sandoval@northwindmaterials.com,TRUE,134254169380635504,All-Employees;Finance-All,Financial Analyst - Finance
michelle.carroll,"CN=Michelle Carroll,OU=Legal,DC=northwind,DC=local",Michelle Carroll,michelle.carroll@northwindmaterials.com,TRUE,134264453572893680,All-Employees;Legal-All,Paralegal - Legal
jennifer.garcia,"CN=Jennifer Garcia,OU=QualityAssurance,DC=northwind,DC=local",Jennifer Garcia,jennifer.garcia@northwindmaterials.com,FALSE,134284744723204560,All-Employees;Quality-Assurance-All,Quality Inspector - Quality Assurance
robert.mack,"CN=Robert Mack,OU=Operations,DC=northwind,DC=local",Robert Mack,robert.mack@northwindmaterials.com,TRUE,134279195392663712,All-Employees;Operations-All,Operations Analyst - Operations
kirk.morrison,"CN=Kirk Morrison,OU=SupplyChain,DC=northwind,DC=local",Kirk Morrison,kirk.morrison@northwindmaterials.com,TRUE,134312526154393888,All-Employees;Supply-Chain-All,Procurement Specialist - Supply Chain
stacy.fry,"CN=Stacy Fry,OU=SupplyChain,DC=northwind,DC=local",Stacy Fry,stacy.fry@northwindmaterials.com,TRUE,134293453304576528,All-Employees;Supply-Chain-All,Procurement Specialist - Supply Chain
joseph.wright,"CN=Joseph Wright,OU=CustomerSuccess,DC=northwind,DC=local",Joseph Wright,joseph.wright@northwindmaterials.com,TRUE,134302003576080480,All-Employees;Customer-Success-All,Support Specialist - Customer Success
joseph.clayton,"CN=Joseph Clayton,OU=Engineering,DC=northwind,DC=local",Joseph Clayton,joseph.clayton@northwindmaterials.com,TRUE,134316365771597456,All-Employees;Engineering-All,Software Engineer - Engineering
anna.torres,"CN=Anna Torres,OU=SupplyChain,DC=northwind,DC=local",Anna Torres,anna.torres@northwindmaterials.com,TRUE,134260367204862576,All-Employees;Supply-Chain-All,Supply Chain Analyst - Supply Chain
stacy.hopkins,"CN=Stacy Hopkins,OU=QualityAssurance,DC=northwind,DC=local",Stacy Hopkins,stacy.hopkins@northwindmaterials.com,TRUE,134319514339512080,All-Employees;Quality-Assurance-All,QA Analyst - Quality Assurance
christine.moore,"CN=Christine Moore,OU=Engineering,DC=northwind,DC=local",Christine Moore,christine.moore@northwindmaterials.com,FALSE,134250342937221760,All-Employees;Engineering-All,DevOps Engineer - Engineering
michael.lopez,"CN=Michael Lopez,OU=Manufacturing,DC=northwind,DC=local",Michael Lopez,michael.lopez@northwindmaterials.com,TRUE,134296744629588768,All-Employees;Manufacturing-All,Line Supervisor - Manufacturing
earl.anderson,"CN=Earl Anderson,OU=Engineering,DC=northwind,DC=local",Earl Anderson,earl.anderson@northwindmaterials.com,TRUE,134251046222633120,All-Employees;Engineering-All,"Manager, Engineering - Engineering"
jennifer.fuller,"CN=Jennifer Fuller,OU=SupplyChain,DC=northwind,DC=local",Jennifer Fuller,jennifer.fuller@northwindmaterials.com,TRUE,134263556446110400,All-Employees;Supply-Chain-All,Procurement Specialist - Supply Chain
maria.potter,"CN=Maria Potter,OU=CustomerSuccess,DC=northwind,DC=local",Maria Potter,maria.potter@northwindmaterials.com,FALSE,134305456492605808,All-Employees;Customer-Success-All,Support Specialist - Customer Success
robert.ramirez,"CN=Robert Ramirez,OU=SupplyChain,DC=northwind,DC=local",Robert Ramirez,robert.ramirez@northwindmaterials.com,TRUE,134260134397718704,All-Employees;Supply-Chain-All,"Manager, Supply Chain - Supply Chain"
tiffany.barrett,"CN=Tiffany Barrett,OU=SupplyChain,DC=northwind,DC=local",Tiffany Barrett,tiffany.barrett@northwindmaterials.com,TRUE,134306686397396208,All-Employees;Supply-Chain-All,Procurement Specialist - Supply Chain
ctr.daniel.cordova,"CN=Daniel Cordova,OU=Contractors,DC=northwind,DC=local",Daniel Cordova,daniel.cordova@contractor.northwindmaterials.com,TRUE,134281108624982992,Contractors-All;All-Employees,Contractor - Staffing Partner A - vendor engagement
plant-shared-best11,"CN=plant-shared-best11,OU=ServiceAccounts,DC=northwind,DC=local",plant-shared-best11,plant-shared-best11@northwindmaterials.com,TRUE,134310382503601440,Service-Accounts,Non-interactive service/CI account
john.bruce,"CN=John Bruce,OU=CustomerSuccess,DC=northwind,DC=local",John Bruce,john.bruce@northwindmaterials.com,TRUE,134252771543437168,All-Employees;Customer-Success-All,Customer Success Associate - Customer Success
jackson.mcclure,"CN=Jackson Mcclure,OU=Engineering,DC=northwind,DC=local",Jackson Mcclure,jackson.mcclure@northwindmaterials.com,TRUE,134297862463346848,All-Employees;Engineering-All,QA Engineer - Engineering
karen.lee,"CN=Karen Lee,OU=Finance,DC=northwind,DC=local",Karen Lee,karen.lee@northwindmaterials.com,TRUE,134308013844739856,All-Employees;Finance-All,Financial Analyst - Finance
sheila.fischer,"CN=Sheila Fischer,OU=InformationTechnology,DC=northwind,DC=local",Sheila Fischer,sheila.fischer@northwindmaterials.com,TRUE,134296128942884384,All-Employees;Information-Technology-All,Network Engineer - Information Technology
ctr.theresa.chaney,"CN=Theresa Chaney,OU=Contractors,DC=northwind,DC=local",Theresa Chaney,theresa.chaney@contractor.northwindmaterials.com,TRUE,134287136918792656,Contractors-All;All-Employees,Contractor - Staffing Partner A - vendor engagement
carrie.short,"CN=Carrie Short,OU=InformationTechnology,DC=northwind,DC=local",Carrie Short,carrie.short@northwindmaterials.com,TRUE,134320202030830304,All-Employees;Information-Technology-All,IT Support Specialist - Information Technology
josé.fernández,"CN=José Fernández,OU=SupplyChain,DC=northwind,DC=local",José Fernández,josé.fernández@northwindmaterials.com,TRUE,134288758437852528,All-Employees;Supply-Chain-All,Supply Chain Analyst - Supply Chain
james.wilkerson,"CN=James Wilkerson,OU=QualityAssurance,DC=northwind,DC=local",James Wilkerson,james.wilkerson@northwindmaterials.com,TRUE,134307770014510496,All-Employees;Quality-Assurance-All,Quality Inspector - Quality Assurance
john.morris,"CN=John Morris,OU=Manufacturing,DC=northwind,DC=local",John Morris,john.morris@northwindmaterials.com,TRUE,134303301967525616,All-Employees;Manufacturing-All,Plant Technician - Manufacturing
ctr.elizabeth.green,"CN=Elizabeth Green,OU=Contractors,DC=northwind,DC=local",Elizabeth Green,elizabeth.green@contractor.northwindmaterials.com,TRUE,134314091497355120,Contractors-All;All-Employees,Contractor - Staffing Partner A - vendor engagement
karen.finley,"CN=Karen Finley,OU=Engineering,DC=northwind,DC=local",Karen Finley,karen.finley@northwindmaterials.com,TRUE,134284058805173296,All-Employees;Engineering-All,Software Engineer - Engineering
jacqueline.moody,"CN=Jacqueline Moody,OU=Finance,DC=northwind,DC=local",Jacqueline Moody,jacqueline.moody@northwindmaterials.com,TRUE,134287580742345856,All-Employees;Finance-All,AP Specialist - Finance
charles.soto,"CN=Charles Soto,OU=Finance,DC=northwind,DC=local",Charles Soto,charles.soto@northwindmaterials.com,TRUE,134300076178417344,All-Employees;Finance-All,Financial Analyst - Finance
scott.washington,"CN=Scott Washington,OU=Finance,DC=northwind,DC=local",Scott Washington,scott.washington@northwindmaterials.com,TRUE,134275286614921968,All-Employees;Finance-All,Accountant - Finance
lindsey.hines,"CN=Lindsey Hines,OU=QualityAssurance,DC=northwind,DC=local",Lindsey Hines,lindsey.hines@northwindmaterials.com,TRUE,134273008593449248,All-Employees;Quality-Assurance-All,QA Analyst - Quality Assurance
debra.alexander,"CN=Debra Alexander,OU=SupplyChain,DC=northwind,DC=local",Debra Alexander,debra.alexander@northwindmaterials.com,TRUE,134297444501771248,All-Employees;Supply-Chain-All,Procurement Specialist - Supply Chain
victor.bradley,"CN=Victor Bradley,OU=Finance,DC=northwind,DC=local",Victor Bradley,victor.bradley@northwindmaterials.com,TRUE,134287881594004976,All-Employees;Finance-All,AP Specialist - Finance
erica.green,"CN=Erica Green,OU=Manufacturing,DC=northwind,DC=local",Erica Green,erica.green@northwindmaterials.com,TRUE,134288866092643152,All-Employees;Manufacturing-All,Machine Operator - Manufacturing
andrew.edwards,"CN=Andrew Edwards,OU=QualityAssurance,DC=northwind,DC=local",Andrew Edwards,andrew.edwards@northwindmaterials.com,TRUE,134257127533795392,All-Employees;Quality-Assurance-All,QA Analyst - Quality Assurance
april.owen,"CN=April Owen,OU=InformationTechnology,DC=northwind,DC=local",April Owen,april.owen@northwindmaterials.com,TRUE,134259488157027856,All-Employees;Information-Technology-All,Systems Administrator - Information Technology
rebecca.ellis,"CN=Rebecca Ellis,OU=HumanResources,DC=northwind,DC=local",Rebecca Ellis,rebecca.ellis@northwindmaterials.com,TRUE,134289452105476976,All-Employees;Human-Resources-All,HR Generalist - Human Resources
jessica.rodriguez,"CN=Jessica Rodriguez,OU=Legal,DC=northwind,DC=local",Jessica Rodriguez,jessica.rodriguez@northwindmaterials.com,TRUE,134325726183695472,All-Employees;Legal-All,Paralegal - Legal
kyle.wright,"CN=Kyle Wright,OU=SupplyChain,DC=northwind,DC=local",Kyle Wright,kyle.wright@northwindmaterials.com,TRUE,134249962668130800,All-Employees;Supply-Chain-All,Supply Chain Analyst - Supply Chain
cole.hernandez,"CN=Cole Hernandez,OU=InformationTechnology,DC=northwind,DC=local",Cole Hernandez,cole.hernandez@northwindmaterials.com,TRUE,134292395923957984,All-Employees;Information-Technology-All,Systems Administrator - Information Technology
daniel.jones,"CN=Daniel Jones,OU=CustomerSuccess,DC=northwind,DC=local",Daniel Jones,daniel.jones@northwindmaterials.com,FALSE,134325487439547440,All-Employees;Customer-Success-All,Customer Success Associate - Customer Success
kelsey.johnson,"CN=Kelsey Johnson,OU=SupplyChain,DC=northwind,DC=local",Kelsey Johnson,kelsey.johnson@northwindmaterials.com,TRUE,134286426894688096,All-Employees;Supply-Chain-All,Supply Chain Analyst - Supply Chain
catherine.robertson,"CN=Catherine Robertson,OU=Engineering,DC=northwind,DC=local",Catherine Robertson,catherine.robertson@northwindmaterials.com,TRUE,134326180878025120,All-Employees;Engineering-All,Software Engineer - Engineering
george.daniel,"CN=George Daniel,OU=Legal,DC=northwind,DC=local",George Daniel,george.daniel@northwindmaterials.com,TRUE,134250260806538240,All-Employees;Legal-All,Director of Legal - Legal
tony.rivera,"CN=Tony Rivera,OU=Legal,DC=northwind,DC=local",Tony Rivera,tony.rivera@northwindmaterials.com,TRUE,134272940844196000,All-Employees;Legal-All,Compliance Analyst - Legal
yvonne.mendoza,"CN=Yvonne Mendoza,OU=CustomerSuccess,DC=northwind,DC=local",Yvonne Mendoza,yvonne.mendoza@northwindmaterials.com,TRUE,134261951725976224,All-Employees;Customer-Success-All,Support Specialist - Customer Success
richard.perez,"CN=Richard Perez,OU=SupplyChain,DC=northwind,DC=local",Richard Perez,richard.perez@northwindmaterials.com,TRUE,134256439481827920,All-Employees;Supply-Chain-All,Supply Chain Analyst - Supply Chain
chad.conrad,"CN=Chad Conrad,OU=QualityAssurance,DC=northwind,DC=local",Chad Conrad,chad.conrad@northwindmaterials.com,TRUE,134307702224573472,All-Employees;Quality-Assurance-All,Quality Inspector - Quality Assurance
ctr.zachary.chandler,"CN=Zachary Chandler,OU=Contractors,DC=northwind,DC=local",Zachary Chandler,zachary.chandler@contractor.northwindmaterials.com,TRUE,134300160468591120,Contractors-All;All-Employees,Contractor - Staffing Partner A - vendor engagement
ctr.james.walton,"CN=James Walton,OU=Contractors,DC=northwind,DC=local",James Walton,james.walton@contractor.northwindmaterials.com,TRUE,134305937508589440,Contractors-All;All-Employees,Contractor - Staffing Partner A - vendor engagement
ivan.johnson,"CN=Ivan Johnson,OU=HumanResources,DC=northwind,DC=local",Ivan Johnson,ivan.johnson@northwindmaterials.com,TRUE,134312492415313040,All-Employees;Human-Resources-All,HR Coordinator - Human Resources
lisa.santiago,"CN=Lisa Santiago,OU=QualityAssurance,DC=northwind,DC=local",Lisa Santiago,lisa.santiago@northwindmaterials.com,TRUE,134270850363913840,All-Employees;Quality-Assurance-All,QA Analyst - Quality Assurance
brian.bell,"CN=Brian Bell,OU=SupplyChain,DC=northwind,DC=local",Brian Bell,brian.bell@northwindmaterials.com,TRUE,134313851821096704,All-Employees;Supply-Chain-All,Supply Chain Analyst - Supply Chain
whitney.green,"CN=Whitney Green,OU=SupplyChain,DC=northwind,DC=local",Whitney Green,whitney.green@northwindmaterials.com,TRUE,134316354260395712,All-Employees;Supply-Chain-All,Procurement Specialist - Supply Chain
sydney.floyd,"CN=Sydney Floyd,OU=Finance,DC=northwind,DC=local",Sydney Floyd,sydney.floyd@northwindmaterials.com,TRUE,134256032713729968,All-Employees;Finance-All,Accountant - Finance
thomas.pierce,"CN=Thomas Pierce,OU=CustomerSuccess,DC=northwind,DC=local",Thomas Pierce,thomas.pierce@northwindmaterials.com,TRUE,134299944941719696,All-Employees;Customer-Success-All,"Manager, Customer Success - Customer Success"
scott.thomas,"CN=Scott Thomas,OU=Engineering,DC=northwind,DC=local",Scott Thomas,scott.thomas@northwindmaterials.com,TRUE,134279068737282784,All-Employees;Engineering-All,Software Engineer - Engineering
jennifer.rios,"CN=Jennifer Rios,OU=InformationTechnology,DC=northwind,DC=local",Jennifer Rios,jennifer.rios@northwindmaterials.com,TRUE,134291061077991840,All-Employees;Information-Technology-All,Network Engineer - Information Technology
abigail.wilson,"CN=Abigail Wilson,OU=SupplyChain,DC=northwind,DC=local",Abigail Wilson,abigail.wilson@northwindmaterials.com,TRUE,134282815832695968,All-Employees;Supply-Chain-All,Supply Chain Analyst - Supply Chain
thomas.pearson,"CN=Thomas Pearson,OU=InformationTechnology,DC=northwind,DC=local",Thomas Pearson,thomas.pearson@northwindmaterials.com,TRUE,134251620831922384,All-Employees;Information-Technology-All,Systems Administrator - Information Technology
rodney.diaz,"CN=Rodney Diaz,OU=Finance,DC=northwind,DC=local",Rodney Diaz,rodney.diaz@northwindmaterials.com,TRUE,134270437861256224,All-Employees;Finance-All,Financial Analyst - Finance
laura.perez,"CN=Laura Perez,OU=Engineering,DC=northwind,DC=local",Laura Perez,laura.perez@northwindmaterials.com,TRUE,134254773012639328,All-Employees;Engineering-All,"Manager, Engineering - Engineering"
rachel.lee,"CN=Rachel Lee,OU=Engineering,DC=northwind,DC=local",Rachel Lee,rachel.lee@northwindmaterials.com,TRUE,134276526637256016,All-Employees;Engineering-All,Senior Software Engineer - Engineering
jeffrey.robinson,"CN=Jeffrey Robinson,OU=QualityAssurance,DC=northwind,DC=local",Jeffrey Robinson,jeffrey.robinson@northwindmaterials.com,FALSE,134255916863417072,All-Employees;Quality-Assurance-All,QA Analyst - Quality Assurance
melinda.martin,"CN=Melinda Martin,OU=CustomerSuccess,DC=northwind,DC=local",Melinda Martin,melinda.martin@northwindmaterials.com,TRUE,134278188220424592,All-Employees;Customer-Success-All,"Manager, Customer Success - Customer Success"
svc-manage13,"CN=svc-manage13,OU=ServiceAccounts,DC=northwind,DC=local",svc-manage13,svc-manage13@northwindmaterials.com,TRUE,134320663440300768,Service-Accounts,Non-interactive service/CI account
andrea.martinez,"CN=Andrea Martinez,OU=Engineering,DC=northwind,DC=local",Andrea Martinez,andrea.martinez@northwindmaterials.com,TRUE,134301902932394128,All-Employees;Engineering-All,Senior Software Engineer - Engineering
sabrina.ramirez,"CN=Sabrina Ramirez,OU=Engineering,DC=northwind,DC=local",Sabrina Ramirez,sabrina.ramirez@northwindmaterials.com,TRUE,134308053324969520,All-Employees;Engineering-All,Senior Software Engineer - Engineering
kevin.walker,"CN=Kevin Walker,OU=CustomerSuccess,DC=northwind,DC=local",Kevin Walker,kevin.walker@northwindmaterials.com,TRUE,134257776272024192,All-Employees;Customer-Success-All,Support Specialist - Customer Success
james.horton,"CN=James Horton,OU=Finance,DC=northwind,DC=local",James Horton,james.horton@northwindmaterials.com,TRUE,134272885637981888,All-Employees;Finance-All,Financial Analyst - Finance
randall.guerrero,"CN=Randall Guerrero,OU=Finance,DC=northwind,DC=local",Randall Guerrero,randall.guerrero@northwindmaterials.com,TRUE,134280616617045456,All-Employees;Finance-All,Accountant - Finance
joshua.taylor,"CN=Joshua Taylor,OU=Manufacturing,DC=northwind,DC=local",Joshua Taylor,joshua.taylor@northwindmaterials.com,TRUE,134264906076327344,All-Employees;Manufacturing-All,Production Associate - Manufacturing
eric.williamson,"CN=Eric Williamson,OU=Engineering,DC=northwind,DC=local",Eric Williamson,eric.williamson@northwindmaterials.com,TRUE,134263328616783280,All-Employees;Engineering-All,Software Engineer - Engineering
terri.tran,"CN=Terri Tran,OU=SupplyChain,DC=northwind,DC=local",Terri Tran,terri.tran@northwindmaterials.com,FALSE,134280778366723344,All-Employees;Supply-Chain-All,Supply Chain Analyst - Supply Chain
kevin.stanley,"CN=Kevin Stanley,OU=Finance,DC=northwind,DC=local",Kevin Stanley,kevin.stanley@northwindmaterials.com,TRUE,134293488840338848,All-Employees;Finance-All,Financial Analyst - Finance
dawn.steele,"CN=Dawn Steele,OU=CustomerSuccess,DC=northwind,DC=local",Dawn Steele,dawn.steele@northwindmaterials.com,TRUE,134269379919888720,All-Employees;Customer-Success-All,Customer Success Associate - Customer Success
allison.fowler,"CN=Allison Fowler,OU=QualityAssurance,DC=northwind,DC=local",Allison Fowler,allison.fowler@northwindmaterials.com,TRUE,134258422765973296,All-Employees;Quality-Assurance-All,Quality Inspector - Quality Assurance
charles.ellis,"CN=Charles Ellis,OU=Engineering,DC=northwind,DC=local",Charles Ellis,charles.ellis@northwindmaterials.com,TRUE,134258906573448208,All-Employees;Engineering-All,"Manager, Engineering - Engineering"
sarah.gamble,"CN=Sarah Gamble,OU=QualityAssurance,DC=northwind,DC=local",Sarah Gamble,sarah.gamble@northwindmaterials.com,TRUE,134287158729274704,All-Employees;Quality-Assurance-All,QA Analyst - Quality Assurance
julie.rivera,"CN=Julie Rivera,OU=SupplyChain,DC=northwind,DC=local",Julie Rivera,julie.rivera@northwindmaterials.com,TRUE,134287549625969088,All-Employees;Supply-Chain-All,Supply Chain Analyst - Supply Chain
amanda.reed,"CN=Amanda Reed,OU=Finance,DC=northwind,DC=local",Amanda Reed,amanda.reed@northwindmaterials.com,TRUE,134287769506233216,All-Employees;Finance-All,AP Specialist - Finance
john.thomas,"CN=John Thomas,OU=SupplyChain,DC=northwind,DC=local",John Thomas,john.thomas@northwindmaterials.com,TRUE,134315589203875776,All-Employees;Supply-Chain-All,Supply Chain Analyst - Supply Chain
ronald.norris,"CN=Ronald Norris,OU=SupplyChain,DC=northwind,DC=local",Ronald Norris,ronald.norris@northwindmaterials.com,TRUE,134276067077584768,All-Employees;Supply-Chain-All,Supply Chain Analyst - Supply Chain
plant-shared-site00,"CN=plant-shared-site00,OU=ServiceAccounts,DC=northwind,DC=local",plant-shared-site00,plant-shared-site00@northwindmaterials.com,TRUE,134307944666486400,Service-Accounts,Owned by IT Automation team
tammy.hart,"CN=Tammy Hart,OU=Engineering,DC=northwind,DC=local",Tammy Hart,tammy.hart@northwindmaterials.com,TRUE,134253975559324704,All-Employees;Engineering-All,QA Engineer - Engineering
gail.perry,"CN=Gail Perry,OU=CustomerSuccess,DC=northwind,DC=local",Gail Perry,gail.perry@northwindmaterials.com,TRUE,134316844549862000,All-Employees;Customer-Success-All,Support Specialist - Customer Success
andrew.aguilar,"CN=Andrew Aguilar,OU=Legal,DC=northwind,DC=local",Andrew Aguilar,andrew.aguilar@northwindmaterials.com,TRUE,134325862352373072,All-Employees;Legal-All,Paralegal - Legal
anthony.lee,"CN=Anthony Lee,OU=SupplyChain,DC=northwind,DC=local",Anthony Lee,anthony.lee@northwindmaterials.com,TRUE,134293937761274336,All-Employees;Supply-Chain-All,Supply Chain Analyst - Supply Chain
renee.aguirre,"CN=Renee Aguirre,OU=SupplyChain,DC=northwind,DC=local",Renee Aguirre,renee.aguirre@northwindmaterials.com,TRUE,134311087301719344,All-Employees;Supply-Chain-All,Procurement Specialist - Supply Chain
maurice.weaver,"CN=Maurice Weaver,OU=QualityAssurance,DC=northwind,DC=local",Maurice Weaver,maurice.weaver@northwindmaterials.com,TRUE,134278403016083472,All-Employees;Quality-Assurance-All,QA Analyst - Quality Assurance
john.jones,"CN=John Jones,OU=InformationTechnology,DC=northwind,DC=local",John Jones,john.jones@northwindmaterials.com,TRUE,134249616861004384,All-Employees;Information-Technology-All,IT Support Specialist - Information Technology
mark.lin,"CN=Mark Lin,OU=SupplyChain,DC=northwind,DC=local",Mark Lin,mark.lin@northwindmaterials.com,TRUE,134254950027377456,All-Employees;Supply-Chain-All,"Manager, Supply Chain - Supply Chain"
penny.smith,"CN=Penny Smith,OU=Finance,DC=northwind,DC=local",Penny Smith,penny.smith@northwindmaterials.com,TRUE,134316801375655472,All-Employees;Finance-All,AP Specialist - Finance
larry.morris,"CN=Larry Morris,OU=Finance,DC=northwind,DC=local",Larry Morris,larry.morris@northwindmaterials.com,TRUE,134326569723062976,All-Employees;Finance-All,Financial Analyst - Finance
christina.oliver,"CN=Christina Oliver,OU=Engineering,DC=northwind,DC=local",Christina Oliver,christina.oliver@northwindmaterials.com,TRUE,134311031999795248,All-Employees;Engineering-All,Senior Software Engineer - Engineering
ctr.luke.johnson,"CN=Luke Johnson,OU=Contractors,DC=northwind,DC=local",Luke Johnson,luke.johnson@contractor.northwindmaterials.com,TRUE,134296247779663392,Contractors-All;All-Employees,Contractor - Staffing Partner A - vendor engagement
joseph.white,"CN=Joseph White,OU=InformationTechnology,DC=northwind,DC=local",Joseph White,joseph.white@northwindmaterials.com,TRUE,134317811438162224,All-Employees;Information-Technology-All,Systems Administrator - Information Technology
john.martinez,"CN=John Martinez,OU=Manufacturing,DC=northwind,DC=local",John Martinez,john.martinez@northwindmaterials.com,TRUE,134281118589640736,All-Employees;Manufacturing-All,Machine Operator - Manufacturing
anthony.sanders,"CN=Anthony Sanders,OU=SupplyChain,DC=northwind,DC=local",Anthony Sanders,anthony.sanders@northwindmaterials.com,TRUE,134300390657205184,All-Employees;Supply-Chain-All,Supply Chain Analyst - Supply Chain
angela.russell,"CN=Angela Russell,OU=CustomerSuccess,DC=northwind,DC=local",Angela Russell,angela.russell@northwindmaterials.com,TRUE,134255981836959760,All-Employees;Customer-Success-All,Support Specialist - Customer Success
colton.clay,"CN=Colton Clay,OU=CustomerSuccess,DC=northwind,DC=local",Colton Clay,colton.clay@northwindmaterials.com,TRUE,134295000470464912,All-Employees;Customer-Success-All,Support Specialist - Customer Success
colin.rodgers,"CN=Colin Rodgers,OU=SupplyChain,DC=northwind,DC=local",Colin Rodgers,colin.rodgers@northwindmaterials.com,TRUE,134287002803567920,All-Employees;Supply-Chain-All,Supply Chain Analyst - Supply Chain
plant-shared-certainly07,"CN=plant-shared-certainly07,OU=ServiceAccounts,DC=northwind,DC=local",plant-shared-certainly07,plant-shared-certainly07@northwindmaterials.com,TRUE,134307044208009152,Service-Accounts,Non-interactive service/CI account
jeffrey.schneider,"CN=Jeffrey Schneider,OU=Engineering,DC=northwind,DC=local",Jeffrey Schneider,jeffrey.schneider@northwindmaterials.com,TRUE,134265019893165072,All-Employees;Engineering-All,Software Engineer - Engineering
scott.smith,"CN=Scott Smith,OU=Finance,DC=northwind,DC=local",Scott Smith,scott.smith@northwindmaterials.com,TRUE,134257493147473776,All-Employees;Finance-All,Financial Analyst - Finance
ctr.nicholas.montoya,"CN=Nicholas Montoya,OU=Contractors,DC=northwind,DC=local",Nicholas Montoya,nicholas.montoya@contractor.northwindmaterials.com,TRUE,134313273874185872,Contractors-All;All-Employees,Contractor - Staffing Partner A - vendor engagement
michelle.cherry,"CN=Michelle Cherry,OU=SupplyChain,DC=northwind,DC=local",Michelle Cherry,michelle.cherry@northwindmaterials.com,TRUE,134321928401753040,All-Employees;Supply-Chain-All,"Manager, Supply Chain - Supply Chain"
tiffany.warren,"CN=Tiffany Warren,OU=Finance,DC=northwind,DC=local",Tiffany Warren,tiffany.warren@northwindmaterials.com,TRUE,134324965173761856,All-Employees;Finance-All,AP Specialist - Finance
seth.sanders,"CN=Seth Sanders,OU=Legal,DC=northwind,DC=local",Seth Sanders,seth.sanders@northwindmaterials.com,TRUE,134295467214067648,All-Employees;Legal-All,Compliance Analyst - Legal
tyler.burton,"CN=Tyler Burton,OU=Finance,DC=northwind,DC=local",Tyler Burton,tyler.burton@northwindmaterials.com,TRUE,134286508983422144,All-Employees;Finance-All,AP Specialist - Finance
rachel.white,"CN=Rachel White,OU=InformationTechnology,DC=northwind,DC=local",Rachel White,rachel.white@northwindmaterials.com,TRUE,134277734816139088,All-Employees;Information-Technology-All,Network Engineer - Information Technology
gabriel.sanders,"CN=Gabriel Sanders,OU=Manufacturing,DC=northwind,DC=local",Gabriel Sanders,gabriel.sanders@northwindmaterials.com,TRUE,134318014099150880,All-Employees;Manufacturing-All,Line Supervisor - Manufacturing
dennis.hernandez,"CN=Dennis Hernandez,OU=QualityAssurance,DC=northwind,DC=local",Dennis Hernandez,dennis.hernandez@northwindmaterials.com,TRUE,134262176554127488,All-Employees;Quality-Assurance-All,QA Analyst - Quality Assurance
michael.cox,"CN=Michael Cox,OU=QualityAssurance,DC=northwind,DC=local",Michael Cox,michael.cox@northwindmaterials.com,TRUE,134271120072468208,All-Employees;Quality-Assurance-All,Quality Inspector - Quality Assurance
debra.moore,"CN=Debra Moore,OU=CustomerSuccess,DC=northwind,DC=local",Debra Moore,debra.moore@northwindmaterials.com,TRUE,134311702009846832,All-Employees;Customer-Success-All,Customer Success Associate - Customer Success
allen.robertson,"CN=Allen Robertson,OU=Finance,DC=northwind,DC=local",Allen Robertson,allen.robertson@northwindmaterials.com,TRUE,134265386951138320,All-Employees;Finance-All,Financial Analyst - Finance
ctr.laurie.lane,"CN=Laurie Lane,OU=Contractors,DC=northwind,DC=local",Laurie Lane,laurie.lane@contractor.northwindmaterials.com,TRUE,134259528967312512,Contractors-All;All-Employees,Contractor - Staffing Partner A - vendor engagement
kathy.obrien,"CN=Kathy Obrien,OU=Finance,DC=northwind,DC=local",Kathy Obrien,kathy.obrien@northwindmaterials.com,TRUE,134321940154585776,All-Employees;Finance-All,Accountant - Finance
elijah.rivera,"CN=Elijah Rivera,OU=SupplyChain,DC=northwind,DC=local",Elijah Rivera,elijah.rivera@northwindmaterials.com,FALSE,134277192833226592,All-Employees;Supply-Chain-All,Supply Chain Analyst - Supply Chain
jennifer.chen,"CN=Jennifer Chen,OU=HumanResources,DC=northwind,DC=local",Jennifer Chen,jennifer.chen@northwindmaterials.com,TRUE,134278468651151632,All-Employees;Human-Resources-All,HR Generalist - Human Resources
kevin.silva,"CN=Kevin Silva,OU=Manufacturing,DC=northwind,DC=local",Kevin Silva,kevin.silva@northwindmaterials.com,TRUE,134300742205938288,All-Employees;Manufacturing-All,Plant Technician - Manufacturing
bill.reynolds,"CN=Bill Reynolds,OU=SupplyChain,DC=northwind,DC=local",Bill Reynolds,bill.reynolds@northwindmaterials.com,TRUE,134292149156708832,All-Employees;Supply-Chain-All,Supply Chain Analyst - Supply Chain
eric.shea,"CN=Eric Shea,OU=SupplyChain,DC=northwind,DC=local",Eric Shea,eric.shea@northwindmaterials.com,TRUE,134261973900084704,All-Employees;Supply-Chain-All,Procurement Specialist - Supply Chain
joshua.davenport,"CN=Joshua Davenport,OU=InformationTechnology,DC=northwind,DC=local",Joshua Davenport,joshua.davenport@northwindmaterials.com,TRUE,134304807068141520,All-Employees;Information-Technology-All,Network Engineer - Information Technology
john.munoz,"CN=John Munoz,OU=SupplyChain,DC=northwind,DC=local",John Munoz,john.munoz@northwindmaterials.com,TRUE,134315018244383312,All-Employees;Supply-Chain-All,Supply Chain Analyst - Supply Chain
kelly.roberts,"CN=Kelly Roberts,OU=SupplyChain,DC=northwind,DC=local",Kelly Roberts,kelly.roberts@northwindmaterials.com,TRUE,134261539373678720,All-Employees;Supply-Chain-All,Procurement Specialist - Supply Chain
sharon.collins,"CN=Sharon Collins,OU=InformationTechnology,DC=northwind,DC=local",Sharon Collins,sharon.collins@northwindmaterials.com,TRUE,134255933852386128,All-Employees;Information-Technology-All,Systems Administrator - Information Technology
maureen.hernandez,"CN=Maureen Hernandez,OU=Engineering,DC=northwind,DC=local",Maureen Hernandez,maureen.hernandez@northwindmaterials.com,TRUE,134280160784769616,All-Employees;Engineering-All,QA Engineer - Engineering
ctr.felicia.oliver,"CN=Felicia Oliver,OU=Contractors,DC=northwind,DC=local",Felicia Oliver,felicia.oliver@contractor.northwindmaterials.com,TRUE,134299575081224592,Contractors-All;All-Employees,Contractor - Staffing Partner A - vendor engagement
mark.solis,"CN=Mark Solis,OU=CustomerSuccess,DC=northwind,DC=local",Mark Solis,mark.solis@northwindmaterials.com,TRUE,134258673213557456,All-Employees;Customer-Success-All,Customer Success Associate - Customer Success
terri.taylor,"CN=Terri Taylor,OU=Engineering,DC=northwind,DC=local",Terri Taylor,terri.taylor@northwindmaterials.com,TRUE,134270647894622720,All-Employees;Engineering-All,Senior Software Engineer - Engineering
joseph.dean,"CN=Joseph Dean,OU=Legal,DC=northwind,DC=local",Joseph Dean,joseph.dean@northwindmaterials.com,TRUE,134313492250138240,All-Employees;Legal-All,Paralegal - Legal
stephanie.murphy,"CN=Stephanie Murphy,OU=SupplyChain,DC=northwind,DC=local",Stephanie Murphy,stephanie.murphy@northwindmaterials.com,TRUE,134319660594829552,All-Employees;Supply-Chain-All,Procurement Specialist - Supply Chain
elizabeth.travis,"CN=Elizabeth Travis,OU=Engineering,DC=northwind,DC=local",Elizabeth Travis,elizabeth.travis@northwindmaterials.com,TRUE,134311816446872576,All-Employees;Engineering-All,Senior Software Engineer - Engineering
dana.williamson,"CN=Dana Williamson,OU=Legal,DC=northwind,DC=local",Dana Williamson,dana.williamson@northwindmaterials.com,TRUE,134327022947481120,All-Employees;Legal-All,Compliance Analyst - Legal
kathleen.harris,"CN=Kathleen Harris,OU=QualityAssurance,DC=northwind,DC=local",Kathleen Harris,kathleen.harris@northwindmaterials.com,TRUE,134279361621129520,All-Employees;Quality-Assurance-All,QA Analyst - Quality Assurance
alyssa.smith,"CN=Alyssa Smith,OU=InformationTechnology,DC=northwind,DC=local",Alyssa Smith,alyssa.smith@northwindmaterials.com,TRUE,134317081850705488,All-Employees;Information-Technology-All,Systems Administrator - Information Technology
ctr.daniel.jackson,"CN=Daniel Jackson,OU=Contractors,DC=northwind,DC=local",Daniel Jackson,daniel.jackson@contractor.northwindmaterials.com,TRUE,134258072148439312,Contractors-All;All-Employees,Contractor - Staffing Partner B - vendor engagement
ctr.erin.hernandez,"CN=Erin Hernandez,OU=Contractors,DC=northwind,DC=local",Erin Hernandez,erin.hernandez@contractor.northwindmaterials.com,TRUE,134301395178416192,Contractors-All;All-Employees,Contractor - Staffing Partner A - vendor engagement
michael.scott,"CN=Michael Scott,OU=SupplyChain,DC=northwind,DC=local",Michael Scott,michael.scott@northwindmaterials.com,TRUE,134315365653589456,All-Employees;Supply-Chain-All,Supply Chain Analyst - Supply Chain
spencer.henderson,"CN=Spencer Henderson,OU=HumanResources,DC=northwind,DC=local",Spencer Henderson,spencer.henderson@northwindmaterials.com,TRUE,134298528672295040,All-Employees;Human-Resources-All,"Manager, Human Resources - Human Resources"
timothy.johnson,"CN=Timothy Johnson,OU=Manufacturing,DC=northwind,DC=local",Timothy Johnson,timothy.johnson@northwindmaterials.com,TRUE,134324458287868656,All-Employees;Manufacturing-All,Line Supervisor - Manufacturing
justin.hays,"CN=Justin Hays,OU=QualityAssurance,DC=northwind,DC=local",Justin Hays,justin.hays@northwindmaterials.com,TRUE,134282771012832416,All-Employees;Quality-Assurance-All,Quality Inspector - Quality Assurance
robert.fowler,"CN=Robert Fowler,OU=Finance,DC=northwind,DC=local",Robert Fowler,robert.fowler@northwindmaterials.com,TRUE,134319241568194256,All-Employees;Finance-All,AP Specialist - Finance
alexander.le,"CN=Alexander Le,OU=Manufacturing,DC=northwind,DC=local",Alexander Le,alexander.le@northwindmaterials.com,FALSE,134286588778913328,All-Employees;Manufacturing-All,"Manager, Manufacturing - Manufacturing"
janet.williams,"CN=Janet Williams,OU=QualityAssurance,DC=northwind,DC=local",Janet Williams,janet.williams@northwindmaterials.com,TRUE,134284105001562080,All-Employees;Quality-Assurance-All,Director of Quality Assurance - Quality Assurance
charles.velazquez,"CN=Charles Velazquez,OU=SupplyChain,DC=northwind,DC=local",Charles Velazquez,charles.velazquez@northwindmaterials.com,TRUE,134282641718236992,All-Employees;Supply-Chain-All,Supply Chain Analyst - Supply Chain
sabrina.white,"CN=Sabrina White,OU=Engineering,DC=northwind,DC=local",Sabrina White,sabrina.white@northwindmaterials.com,TRUE,134277517588399520,All-Employees;Engineering-All,Software Engineer - Engineering
miranda.clay,"CN=Miranda Clay,OU=Legal,DC=northwind,DC=local",Miranda Clay,miranda.clay@northwindmaterials.com,TRUE,134261443492040832,All-Employees;Legal-All,Paralegal - Legal
mary.walter,"CN=Mary Walter,OU=QualityAssurance,DC=northwind,DC=local",Mary Walter,mary.walter@northwindmaterials.com,TRUE,134265965190254720,All-Employees;Quality-Assurance-All,Quality Inspector - Quality Assurance
jacob.lewis,"CN=Jacob Lewis,OU=Manufacturing,DC=northwind,DC=local",Jacob Lewis,jacob.lewis@northwindmaterials.com,FALSE,134322385500194832,All-Employees;Manufacturing-All,Production Associate - Manufacturing
loretta.austin,"CN=Loretta Austin,OU=Operations,DC=northwind,DC=local",Loretta Austin,loretta.austin@northwindmaterials.com,TRUE,134253588231696400,All-Employees;Operations-All,Operations Analyst - Operations
michael.williams,"CN=Michael Williams,OU=QualityAssurance,DC=northwind,DC=local",Michael Williams,michael.williams@northwindmaterials.com,TRUE,134273483293750496,All-Employees;Quality-Assurance-All,QA Analyst - Quality Assurance
ctr.tara.davis,"CN=Tara Davis,OU=Contractors,DC=northwind,DC=local",Tara Davis,tara.davis@contractor.northwindmaterials.com,TRUE,134266508106750032,Contractors-All;All-Employees,Contractor - Staffing Partner A - vendor engagement
jessica.lawrence,"CN=Jessica Lawrence,OU=HumanResources,DC=northwind,DC=local",Jessica Lawrence,jessica.lawrence@northwindmaterials.com,TRUE,134285561520010288,All-Employees;Human-Resources-All,HR Coordinator - Human Resources
krista.parsons,"CN=Krista Parsons,OU=Engineering,DC=northwind,DC=local",Krista Parsons,krista.parsons@northwindmaterials.com,TRUE,134325801663751792,All-Employees;Engineering-All,Software Engineer - Engineering
robert.hart,"CN=Robert Hart,OU=Engineering,DC=northwind,DC=local",Robert Hart,robert.hart@northwindmaterials.com,TRUE,134261719076983152,All-Employees;Engineering-All,Software Engineer - Engineering
brian.scott,"CN=Brian Scott,OU=SupplyChain,DC=northwind,DC=local",Brian Scott,brian.scott@northwindmaterials.com,TRUE,134321890468647232,All-Employees;Supply-Chain-All,Supply Chain Analyst - Supply Chain
justin.garcia,"CN=Justin Garcia,OU=SupplyChain,DC=northwind,DC=local",Justin Garcia,justin.garcia@northwindmaterials.com,TRUE,134253044892629200,All-Employees;Supply-Chain-All,Procurement Specialist - Supply Chain
christopher.garcia,"CN=Christopher Garcia,OU=Engineering,DC=northwind,DC=local",Christopher Garcia,christopher.garcia@northwindmaterials.com,TRUE,134297685495364096,All-Employees;Engineering-All,Senior Software Engineer - Engineering
jeffery.wagner,"CN=Jeffery Wagner,OU=InformationTechnology,DC=northwind,DC=local",Jeffery Wagner,jeffery.wagner@northwindmaterials.com,TRUE,134250586991385376,All-Employees;Information-Technology-All,VP of Information Technology - Information Technology
diana.mcclure,"CN=Diana Mcclure,OU=Legal,DC=northwind,DC=local",Diana Mcclure,diana.mcclure@northwindmaterials.com,TRUE,134292556746898816,All-Employees;Legal-All,Paralegal - Legal
steve.norris,"CN=Steve Norris,OU=Engineering,DC=northwind,DC=local",Steve Norris,steve.norris@northwindmaterials.com,TRUE,134326193466089360,All-Employees;Engineering-All,DevOps Engineer - Engineering
travis.johnston,"CN=Travis Johnston,OU=Legal,DC=northwind,DC=local",Travis Johnston,travis.johnston@northwindmaterials.com,FALSE,134313873171159680,All-Employees;Legal-All,Compliance Analyst - Legal
dorothy.ryan,"CN=Dorothy Ryan,OU=Manufacturing,DC=northwind,DC=local",Dorothy Ryan,dorothy.ryan@northwindmaterials.com,TRUE,134275109802908784,All-Employees;Manufacturing-All,Machine Operator - Manufacturing
brandon.hooper,"CN=Brandon Hooper,OU=Engineering,DC=northwind,DC=local",Brandon Hooper,brandon.hooper@northwindmaterials.com,FALSE,134304481832188288,All-Employees;Engineering-All,QA Engineer - Engineering
jeremy.roberts,"CN=Jeremy Roberts,OU=Finance,DC=northwind,DC=local",Jeremy Roberts,jeremy.roberts@northwindmaterials.com,TRUE,134250557519256480,All-Employees;Finance-All,Director of Finance - Finance
andre.nunez,"CN=Andre Nunez,OU=Legal,DC=northwind,DC=local",Andre Nunez,andre.nunez@northwindmaterials.com,TRUE,134273676263490848,All-Employees;Legal-All,Compliance Analyst - Legal
adrian.burgess,"CN=Adrian Burgess,OU=SupplyChain,DC=northwind,DC=local",Adrian Burgess,adrian.burgess@northwindmaterials.com,TRUE,134322536634847184,All-Employees;Supply-Chain-All,Procurement Specialist - Supply Chain
emily.drake,"CN=Emily Drake,OU=QualityAssurance,DC=northwind,DC=local",Emily Drake,emily.drake@northwindmaterials.com,TRUE,134272440728053424,All-Employees;Quality-Assurance-All,Quality Inspector - Quality Assurance
matthew.wilson,"CN=Matthew Wilson,OU=CustomerSuccess,DC=northwind,DC=local",Matthew Wilson,matthew.wilson@northwindmaterials.com,TRUE,134253005928155504,All-Employees;Customer-Success-All,Customer Success Associate - Customer Success
anthony.thomas,"CN=Anthony Thomas,OU=Legal,DC=northwind,DC=local",Anthony Thomas,anthony.thomas@northwindmaterials.com,TRUE,134291353101839824,All-Employees;Legal-All,Compliance Analyst - Legal
phyllis.manning,"CN=Phyllis Manning,OU=Engineering,DC=northwind,DC=local",Phyllis Manning,phyllis.manning@northwindmaterials.com,TRUE,134258313037675216,All-Employees;Engineering-All,Senior Software Engineer - Engineering
andrew.ball,"CN=Andrew Ball,OU=CustomerSuccess,DC=northwind,DC=local",Andrew Ball,andrew.ball@northwindmaterials.com,TRUE,134325672904294032,All-Employees;Customer-Success-All,Support Specialist - Customer Success
stephanie.ballard,"CN=Stephanie Ballard,OU=Legal,DC=northwind,DC=local",Stephanie Ballard,stephanie.ballard@northwindmaterials.com,TRUE,134295817883601248,All-Employees;Legal-All,Paralegal - Legal
heather.berger,"CN=Heather Berger,OU=Engineering,DC=northwind,DC=local",Heather Berger,heather.berger@northwindmaterials.com,TRUE,134308873541991744,All-Employees;Engineering-All,DevOps Engineer - Engineering
ctr.joe.smith,"CN=Joe Smith,OU=Contractors,DC=northwind,DC=local",Joe Smith,joe.smith@contractor.northwindmaterials.com,TRUE,134326794077076656,Contractors-All;All-Employees,Contractor - Staffing Partner B - vendor engagement
jose.edwards,"CN=Jose Edwards,OU=Finance,DC=northwind,DC=local",Jose Edwards,jose.edwards@northwindmaterials.com,TRUE,134279371677971824,All-Employees;Finance-All,AP Specialist - Finance
maria.pruitt,"CN=Maria Pruitt,OU=Legal,DC=northwind,DC=local",Maria Pruitt,maria.pruitt@northwindmaterials.com,TRUE,134278227260957168,All-Employees;Legal-All,Paralegal - Legal
kathryn.jimenez,"CN=Kathryn Jimenez,OU=CustomerSuccess,DC=northwind,DC=local",Kathryn Jimenez,kathryn.jimenez@northwindmaterials.com,TRUE,134312926317269664,All-Employees;Customer-Success-All,Support Specialist - Customer Success
marcus.wright,"CN=Marcus Wright,OU=QualityAssurance,DC=northwind,DC=local",Marcus Wright,marcus.wright@northwindmaterials.com,TRUE,134263746207925968,All-Employees;Quality-Assurance-All,Quality Inspector - Quality Assurance
donald.hale,"CN=Donald Hale,OU=Operations,DC=northwind,DC=local",Donald Hale,donald.hale@northwindmaterials.com,TRUE,134250983385856192,All-Employees;Operations-All,Operations Analyst - Operations
ctr.stephen.hernandez,"CN=Stephen Hernandez,OU=Contractors,DC=northwind,DC=local",Stephen Hernandez,stephen.hernandez@contractor.northwindmaterials.com,TRUE,134316716072867120,Contractors-All;All-Employees,Contractor - Staffing Partner B - vendor engagement
rebecca.spence,"CN=Rebecca Spence,OU=Manufacturing,DC=northwind,DC=local",Rebecca Spence,rebecca.spence@northwindmaterials.com,TRUE,134274771267437264,All-Employees;Manufacturing-All,Plant Technician - Manufacturing
joshua.madden,"CN=Joshua Madden,OU=SupplyChain,DC=northwind,DC=local",Joshua Madden,joshua.madden@northwindmaterials.com,TRUE,134268979840453280,All-Employees;Supply-Chain-All,Procurement Specialist - Supply Chain
connie.simmons,"CN=Connie Simmons,OU=Finance,DC=northwind,DC=local",Connie Simmons,connie.simmons@northwindmaterials.com,TRUE,134254057098588048,All-Employees;Finance-All,Accountant - Finance
derek.murray,"CN=Derek Murray,OU=Legal,DC=northwind,DC=local",Derek Murray,derek.murray@northwindmaterials.com,TRUE,134307355529224128,All-Employees;Legal-All,Paralegal - Legal
megan.parsons,"CN=Megan Parsons,OU=Operations,DC=northwind,DC=local",Megan Parsons,megan.parsons@northwindmaterials.com,TRUE,134266592054350384,All-Employees;Operations-All,Director of Operations - Operations
ctr.melody.cowan,"CN=Melody Cowan,OU=Contractors,DC=northwind,DC=local",Melody Cowan,melody.cowan@contractor.northwindmaterials.com,TRUE,134312177875937584,Contractors-All;All-Employees,Contractor - Staffing Partner A - vendor engagement
leslie.adams,"CN=Leslie Adams,OU=Engineering,DC=northwind,DC=local",Leslie Adams,leslie.adams@northwindmaterials.com,TRUE,134299900090014192,All-Employees;Engineering-All,Director of Engineering - Engineering
sherri.mason,"CN=Sherri Mason,OU=QualityAssurance,DC=northwind,DC=local",Sherri Mason,sherri.mason@northwindmaterials.com,TRUE,134297701021927584,All-Employees;Quality-Assurance-All,QA Analyst - Quality Assurance
andrea.davis,"CN=Andrea Davis,OU=Finance,DC=northwind,DC=local",Andrea Davis,andrea.davis@northwindmaterials.com,TRUE,134307251599081632,All-Employees;Finance-All,Accountant - Finance
zachary.ramirez,"CN=Zachary Ramirez,OU=QualityAssurance,DC=northwind,DC=local",Zachary Ramirez,zachary.ramirez@northwindmaterials.com,TRUE,134291306770574304,All-Employees;Quality-Assurance-All,Quality Inspector - Quality Assurance
ctr.joseph.roberson,"CN=Joseph Roberson,OU=Contractors,DC=northwind,DC=local",Joseph Roberson,joseph.roberson@contractor.northwindmaterials.com,TRUE,134311337947161600,Contractors-All;All-Employees,Contractor - Staffing Partner A - vendor engagement
stacey.torres,"CN=Stacey Torres,OU=SupplyChain,DC=northwind,DC=local",Stacey Torres,stacey.torres@northwindmaterials.com,TRUE,134260221186814512,All-Employees;Supply-Chain-All,Procurement Specialist - Supply Chain
zachary.bennett,"CN=Zachary Bennett,OU=QualityAssurance,DC=northwind,DC=local",Zachary Bennett,zachary.bennett@northwindmaterials.com,TRUE,134278536213942832,All-Employees;Quality-Assurance-All,QA Analyst - Quality Assurance
christopher.franklin,"CN=Christopher Franklin,OU=SupplyChain,DC=northwind,DC=local",Christopher Franklin,christopher.franklin@northwindmaterials.com,TRUE,134266578363739632,All-Employees;Supply-Chain-All,Procurement Specialist - Supply Chain
jon.smith,"CN=Jon Smith,OU=CustomerSuccess,DC=northwind,DC=local",Jon Smith,jon.smith@northwindmaterials.com,TRUE,134285864764884224,All-Employees;Customer-Success-All,Customer Success Associate - Customer Success
daniel.roberts,"CN=Daniel Roberts,OU=Legal,DC=northwind,DC=local",Daniel Roberts,daniel.roberts@northwindmaterials.com,TRUE,134273705997560096,All-Employees;Legal-All,Paralegal - Legal
stephanie.jones,"CN=Stephanie Jones,OU=Finance,DC=northwind,DC=local",Stephanie Jones,stephanie.jones@northwindmaterials.com,TRUE,134256008389664272,All-Employees;Finance-All,Accountant - Finance
russell.carter,"CN=Russell Carter,OU=InformationTechnology,DC=northwind,DC=local",Russell Carter,russell.carter@northwindmaterials.com,TRUE,134321155962108464,All-Employees;Information-Technology-All,Systems Administrator - Information Technology
jessica.carter,"CN=Jessica Carter,OU=Finance,DC=northwind,DC=local",Jessica Carter,jessica.carter@northwindmaterials.com,TRUE,134258861219799888,All-Employees;Finance-All,Accountant - Finance
danny.hampton,"CN=Danny Hampton,OU=Finance,DC=northwind,DC=local",Danny Hampton,danny.hampton@northwindmaterials.com,TRUE,134253740699207440,All-Employees;Finance-All,Accountant - Finance
michelle.curtis,"CN=Michelle Curtis,OU=Engineering,DC=northwind,DC=local",Michelle Curtis,michelle.curtis@northwindmaterials.com,TRUE,134275267576397632,All-Employees;Engineering-All,QA Engineer - Engineering
christopher.mendez,"CN=Christopher Mendez,OU=CustomerSuccess,DC=northwind,DC=local",Christopher Mendez,christopher.mendez@northwindmaterials.com,TRUE,134278973033655472,All-Employees;Customer-Success-All,Support Specialist - Customer Success
ctr.richard.figueroa,"CN=Richard Figueroa,OU=Contractors,DC=northwind,DC=local",Richard Figueroa,richard.figueroa@contractor.northwindmaterials.com,TRUE,134257361984196256,Contractors-All;All-Employees,Contractor - Staffing Partner B - vendor engagement
tracy.armstrong,"CN=Tracy Armstrong,OU=Manufacturing,DC=northwind,DC=local",Tracy Armstrong,tracy.armstrong@northwindmaterials.com,TRUE,134297209305031600,All-Employees;Manufacturing-All;Plant-Ops-Leads,Plant Technician - Manufacturing
robert.dunn,"CN=Robert Dunn,OU=Finance,DC=northwind,DC=local",Robert Dunn,robert.dunn@northwindmaterials.com,TRUE,134275971610879728,All-Employees;Finance-All,Accountant - Finance
david.colon,"CN=David Colon,OU=CustomerSuccess,DC=northwind,DC=local",David Colon,david.colon@northwindmaterials.com,TRUE,134320021922548688,All-Employees;Customer-Success-All,Support Specialist - Customer Success
michelle.wright,"CN=Michelle Wright,OU=SupplyChain,DC=northwind,DC=local",Michelle Wright,michelle.wright@northwindmaterials.com,TRUE,134273194694591248,All-Employees;Supply-Chain-All,"Manager, Supply Chain - Supply Chain"
charles.ware,"CN=Charles Ware,OU=CustomerSuccess,DC=northwind,DC=local",Charles Ware,charles.ware@northwindmaterials.com,TRUE,134269171267264640,All-Employees;Customer-Success-All,"Manager, Customer Success - Customer Success"
michael.hurst0,"CN=Michael Hurst,OU=Users,DC=northwind,DC=local",Michael Hurst,michael.hurst0@northwindmaterials.com,TRUE,134123250244002112,All-Employees,
andrew.lee,"CN=Andrew Lee,OU=Manufacturing,DC=northwind,DC=local",Andrew Lee,andrew.lee@northwindmaterials.com,TRUE,134307420125802416,All-Employees;Manufacturing-All,"Manager, Manufacturing - Manufacturing"
steven.lara,"CN=Steven Lara,OU=Engineering,DC=northwind,DC=local",Steven Lara,steven.lara@northwindmaterials.com,TRUE,134257704765872464,All-Employees;Engineering-All,DevOps Engineer - Engineering
wendy.atkinson,"CN=Wendy Atkinson,OU=Finance,DC=northwind,DC=local",Wendy Atkinson,wendy.atkinson@northwindmaterials.com,TRUE,134277720843129504,All-Employees;Finance-All,Financial Analyst - Finance
michael.matthews,"CN=Michael Matthews,OU=CustomerSuccess,DC=northwind,DC=local",Michael Matthews,michael.matthews@northwindmaterials.com,TRUE,134291078101299840,All-Employees;Customer-Success-All,Support Specialist - Customer Success
joshua.hays,"CN=Joshua Hays,OU=Legal,DC=northwind,DC=local",Joshua Hays,joshua.hays@northwindmaterials.com,TRUE,134302832915785520,All-Employees;Legal-All,Paralegal - Legal
thomas.austin,"CN=Thomas Austin,OU=SupplyChain,DC=northwind,DC=local",Thomas Austin,thomas.austin@northwindmaterials.com,TRUE,134305911267255376,All-Employees;Supply-Chain-All,Supply Chain Analyst - Supply Chain
darlene.henry,"CN=Darlene Henry,OU=Finance,DC=northwind,DC=local",Darlene Henry,darlene.henry@northwindmaterials.com,TRUE,134302956323460080,All-Employees;Finance-All,Financial Analyst - Finance
ctr.joyce.sanchez,"CN=Joyce Sanchez,OU=Contractors,DC=northwind,DC=local",Joyce Sanchez,joyce.sanchez@contractor.northwindmaterials.com,TRUE,134313367236326864,Contractors-All;All-Employees,Contractor - Staffing Partner A - vendor engagement
jacob.gill,"CN=Jacob Gill,OU=Manufacturing,DC=northwind,DC=local",Jacob Gill,jacob.gill@northwindmaterials.com,TRUE,134266641352839984,All-Employees;Manufacturing-All,Line Supervisor - Manufacturing
brittney.carter,"CN=Brittney Carter,OU=Finance,DC=northwind,DC=local",Brittney Carter,brittney.carter@northwindmaterials.com,TRUE,134320334381502512,All-Employees;Finance-All,Accountant - Finance
ctr.charles.hernandez,"CN=Charles Hernandez,OU=Contractors,DC=northwind,DC=local",Charles Hernandez,charles.hernandez@contractor.northwindmaterials.com,TRUE,134298324922899824,Contractors-All;All-Employees,Contractor - Staffing Partner B - vendor engagement
nancy.ortiz,"CN=Nancy Ortiz,OU=Finance,DC=northwind,DC=local",Nancy Ortiz,nancy.ortiz@northwindmaterials.com,FALSE,134261967895200144,All-Employees;Finance-All,Financial Analyst - Finance
ctr.samantha.brown,"CN=Samantha Brown,OU=Contractors,DC=northwind,DC=local",Samantha Brown,samantha.brown@contractor.northwindmaterials.com,TRUE,134276673264281488,Contractors-All;All-Employees,Contractor - Staffing Partner B - vendor engagement
sandra.davis,"CN=Sandra Davis,OU=Legal,DC=northwind,DC=local",Sandra Davis,sandra.davis@northwindmaterials.com,TRUE,134301440804407120,All-Employees;Legal-All,Compliance Analyst - Legal
brandy.blackburn,"CN=Brandy Blackburn,OU=QualityAssurance,DC=northwind,DC=local",Brandy Blackburn,brandy.blackburn@northwindmaterials.com,TRUE,134285997539500624,All-Employees;Quality-Assurance-All,Quality Inspector - Quality Assurance
katie.boyd,"CN=Katie Boyd,OU=SupplyChain,DC=northwind,DC=local",Katie Boyd,katie.boyd@northwindmaterials.com,TRUE,134250136444060784,All-Employees;Supply-Chain-All,Procurement Specialist - Supply Chain
david.rios,"CN=David Rios,OU=QualityAssurance,DC=northwind,DC=local",David Rios,david.rios@northwindmaterials.com,TRUE,134263484846894880,All-Employees;Quality-Assurance-All,QA Analyst - Quality Assurance
devin.mitchell,"CN=Devin Mitchell,OU=InformationTechnology,DC=northwind,DC=local",Devin Mitchell,devin.mitchell@northwindmaterials.com,TRUE,134278598587947008,All-Employees;Information-Technology-All,Systems Administrator - Information Technology
derek.moore,"CN=Derek Moore,OU=Engineering,DC=northwind,DC=local",Derek Moore,derek.moore@northwindmaterials.com,FALSE,134303044935366320,All-Employees;Engineering-All,Senior Software Engineer - Engineering
robert.peterson,"CN=Robert Peterson,OU=HumanResources,DC=northwind,DC=local",Robert Peterson,robert.peterson@northwindmaterials.com,TRUE,134260850905522672,All-Employees;Human-Resources-All,Recruiter - Human Resources
aaron.frost,"CN=Aaron Frost,OU=QualityAssurance,DC=northwind,DC=local",Aaron Frost,aaron.frost@northwindmaterials.com,TRUE,134262840660430000,All-Employees;Quality-Assurance-All,"Manager, Quality Assurance - Quality Assurance"
douglas.keller,"CN=Douglas Keller,OU=SupplyChain,DC=northwind,DC=local",Douglas Keller,douglas.keller@northwindmaterials.com,TRUE,134305404739762672,All-Employees;Supply-Chain-All,Procurement Specialist - Supply Chain
steven.wilson,"CN=Steven Wilson,OU=Engineering,DC=northwind,DC=local",Steven Wilson,steven.wilson@northwindmaterials.com,TRUE,134322066745870768,All-Employees;Engineering-All,QA Engineer - Engineering
katherine.farrell,"CN=Katherine Farrell,OU=SupplyChain,DC=northwind,DC=local",Katherine Farrell,katherine.farrell@northwindmaterials.com,TRUE,134256042028894176,All-Employees;Supply-Chain-All,Procurement Specialist - Supply Chain
jessica.garcia,"CN=Jessica Garcia,OU=Manufacturing,DC=northwind,DC=local",Jessica Garcia,jessica.garcia@northwindmaterials.com,TRUE,134320584152808688,All-Employees;Manufacturing-All,Line Supervisor - Manufacturing
victoria.rowe,"CN=Victoria Rowe,OU=Legal,DC=northwind,DC=local",Victoria Rowe,victoria.rowe@northwindmaterials.com,TRUE,134314451202540736,All-Employees;Legal-All,Paralegal - Legal
william.hoover,"CN=William Hoover,OU=QualityAssurance,DC=northwind,DC=local",William Hoover,william.hoover@northwindmaterials.com,TRUE,134312304319134192,All-Employees;Quality-Assurance-All,QA Analyst - Quality Assurance
matthew.welch,"CN=Matthew Welch,OU=CustomerSuccess,DC=northwind,DC=local",Matthew Welch,matthew.welch@northwindmaterials.com,TRUE,134273210787603792,All-Employees;Customer-Success-All,Support Specialist - Customer Success
ryan.johnson,"CN=Ryan Johnson,OU=SupplyChain,DC=northwind,DC=local",Ryan Johnson,ryan.johnson@northwindmaterials.com,TRUE,134266470292143008,All-Employees;Supply-Chain-All,Supply Chain Analyst - Supply Chain
molly.murphy,"CN=Molly Murphy,OU=SupplyChain,DC=northwind,DC=local",Molly Murphy,molly.murphy@northwindmaterials.com,TRUE,134274802604535328,All-Employees;Supply-Chain-All,Procurement Specialist - Supply Chain
ross.wood,"CN=Ross Wood,OU=Manufacturing,DC=northwind,DC=local",Ross Wood,ross.wood@northwindmaterials.com,TRUE,134318533599952400,All-Employees;Manufacturing-All,Line Supervisor - Manufacturing
ctr.brooke.daniels,"CN=Brooke Daniels,OU=Contractors,DC=northwind,DC=local",Brooke Daniels,brooke.daniels@contractor.northwindmaterials.com,TRUE,134279178363987120,Contractors-All;All-Employees,Contractor - Staffing Partner A - vendor engagement
natasha.zamora,"CN=Natasha Zamora,OU=Legal,DC=northwind,DC=local",Natasha Zamora,natasha.zamora@northwindmaterials.com,TRUE,134271633480086960,All-Employees;Legal-All,Compliance Analyst - Legal
robin.johnson,"CN=Robin Johnson,OU=InformationTechnology,DC=northwind,DC=local",Robin Johnson,robin.johnson@northwindmaterials.com,TRUE,134280767739130128,All-Employees;Information-Technology-All,IT Support Specialist - Information Technology
andrea.salazar,"CN=Andrea Salazar,OU=InformationTechnology,DC=northwind,DC=local",Andrea Salazar,andrea.salazar@northwindmaterials.com,TRUE,134318355322169936,All-Employees;Information-Technology-All,Network Engineer - Information Technology
barbara.jones,"CN=Barbara Jones,OU=Manufacturing,DC=northwind,DC=local",Barbara Jones,barbara.jones@northwindmaterials.com,FALSE,134287409169151504,All-Employees;Manufacturing-All,Line Supervisor - Manufacturing
raymond.miller,"CN=Raymond Miller,OU=QualityAssurance,DC=northwind,DC=local",Raymond Miller,raymond.miller@northwindmaterials.com,TRUE,134326372530447952,All-Employees;Quality-Assurance-All,QA Analyst - Quality Assurance
deborah.nielsen,"CN=Deborah Nielsen,OU=Engineering,DC=northwind,DC=local",Deborah Nielsen,deborah.nielsen@northwindmaterials.com,TRUE,134302253410367600,All-Employees;Engineering-All,QA Engineer - Engineering
carlos.osborne,"CN=Carlos Osborne,OU=SupplyChain,DC=northwind,DC=local",Carlos Osborne,carlos.osborne@northwindmaterials.com,TRUE,134277600163351536,All-Employees;Supply-Chain-All,Procurement Specialist - Supply Chain
michelle.robinson,"CN=Michelle Robinson,OU=Finance,DC=northwind,DC=local",Michelle Robinson,michelle.robinson@northwindmaterials.com,TRUE,134304142028699872,All-Employees;Finance-All,Financial Analyst - Finance
matthew.beard,"CN=Matthew Beard,OU=CustomerSuccess,DC=northwind,DC=local",Matthew Beard,matthew.beard@northwindmaterials.com,TRUE,134289442846978928,All-Employees;Customer-Success-All,Customer Success Associate - Customer Success
erica.cruz,"CN=Erica Cruz,OU=CustomerSuccess,DC=northwind,DC=local",Erica Cruz,erica.cruz@northwindmaterials.com,TRUE,134311402834329552,All-Employees;Customer-Success-All,Customer Success Associate - Customer Success
hannah.brewer,"CN=Hannah Brewer,OU=QualityAssurance,DC=northwind,DC=local",Hannah Brewer,hannah.brewer@northwindmaterials.com,TRUE,134268578938173696,All-Employees;Quality-Assurance-All,Quality Inspector - Quality Assurance
sara.little,"CN=Sara Little,OU=CustomerSuccess,DC=northwind,DC=local",Sara Little,sara.little@northwindmaterials.com,TRUE,134282458991026416,All-Employees;Customer-Success-All,Customer Success Associate - Customer Success
crystal.thomas,"CN=Crystal Thomas,OU=SupplyChain,DC=northwind,DC=local",Crystal Thomas,crystal.thomas@northwindmaterials.com,TRUE,134300711876022000,All-Employees;Supply-Chain-All,Supply Chain Analyst - Supply Chain
erin.davis,"CN=Erin Davis,OU=Legal,DC=northwind,DC=local",Erin Davis,erin.davis@northwindmaterials.com,TRUE,134326514839965920,All-Employees;Legal-All,Compliance Analyst - Legal
ctr.david.ponce,"CN=David Ponce,OU=Contractors,DC=northwind,DC=local",David Ponce,david.ponce@contractor.northwindmaterials.com,TRUE,134320582919812064,Contractors-All;All-Employees,Contractor - Staffing Partner A - vendor engagement
catherine.dixon,"CN=Catherine Dixon,OU=SupplyChain,DC=northwind,DC=local",Catherine Dixon,catherine.dixon@northwindmaterials.com,TRUE,134313889290011040,All-Employees;Supply-Chain-All,"Manager, Supply Chain - Supply Chain"
ctr.jeffrey.campbell,"CN=Jeffrey Campbell,OU=Contractors,DC=northwind,DC=local",Jeffrey Campbell,jeffrey.campbell@contractor.northwindmaterials.com,TRUE,134317906252825872,Contractors-All;All-Employees,Contractor - Staffing Partner B - vendor engagement
katherine.camacho,"CN=Katherine Camacho,OU=SupplyChain,DC=northwind,DC=local",Katherine Camacho,katherine.camacho@northwindmaterials.com,TRUE,134289100166299680,All-Employees;Supply-Chain-All,Procurement Specialist - Supply Chain
eric.morris,"CN=Eric Morris,OU=CustomerSuccess,DC=northwind,DC=local",Eric Morris,eric.morris@northwindmaterials.com,TRUE,134273868608804912,All-Employees;Customer-Success-All,Customer Success Associate - Customer Success
melanie.munoz,"CN=Melanie Munoz,OU=Manufacturing,DC=northwind,DC=local",Melanie Munoz,melanie.munoz@northwindmaterials.com,TRUE,134268499032968992,All-Employees;Manufacturing-All,Director of Manufacturing - Manufacturing
shelby.haynes,"CN=Shelby Haynes,OU=HumanResources,DC=northwind,DC=local",Shelby Haynes,shelby.haynes@northwindmaterials.com,TRUE,134251315129983712,All-Employees;Human-Resources-All,HR Coordinator - Human Resources
brian.johnson,"CN=Brian Johnson,OU=SupplyChain,DC=northwind,DC=local",Brian Johnson,brian.johnson@northwindmaterials.com,TRUE,134263227624860816,All-Employees;Supply-Chain-All,Procurement Specialist - Supply Chain
rhonda.holland,"CN=Rhonda Holland,OU=Engineering,DC=northwind,DC=local",Rhonda Holland,rhonda.holland@northwindmaterials.com,TRUE,134293062618391024,All-Employees;Engineering-All,Software Engineer - Engineering
tamara.waller,"CN=Tamara Waller,OU=SupplyChain,DC=northwind,DC=local",Tamara Waller,tamara.waller@northwindmaterials.com,TRUE,134298135119387360,All-Employees;Supply-Chain-All,Procurement Specialist - Supply Chain
james.elliott,"CN=James Elliott,OU=CustomerSuccess,DC=northwind,DC=local",James Elliott,james.elliott@northwindmaterials.com,TRUE,134283653073920784,All-Employees;Customer-Success-All,Support Specialist - Customer Success
brad.murray,"CN=Brad Murray,OU=Legal,DC=northwind,DC=local",Brad Murray,brad.murray@northwindmaterials.com,TRUE,134324975663478224,All-Employees;Legal-All,Compliance Analyst - Legal
ctr.gregory.moreno,"CN=Gregory Moreno,OU=Contractors,DC=northwind,DC=local",Gregory Moreno,gregory.moreno@contractor.northwindmaterials.com,TRUE,134296133789063152,Contractors-All;All-Employees,Contractor - Staffing Partner A - vendor engagement
shawn.mckay,"CN=Shawn Mckay,OU=Legal,DC=northwind,DC=local",Shawn Mckay,shawn.mckay@northwindmaterials.com,FALSE,134285054867351344,All-Employees;Legal-All,"Manager, Legal - Legal"
katie.stephenson,"CN=Katie Stephenson,OU=SupplyChain,DC=northwind,DC=local",Katie Stephenson,katie.stephenson@northwindmaterials.com,TRUE,134314210841313616,All-Employees;Supply-Chain-All,Procurement Specialist - Supply Chain
ctr.justin.oliver,"CN=Justin Oliver,OU=Contractors,DC=northwind,DC=local",Justin Oliver,justin.oliver@contractor.northwindmaterials.com,TRUE,134321446544013808,Contractors-All;All-Employees,Contractor - Staffing Partner A - vendor engagement
kenneth.mendez,"CN=Kenneth Mendez,OU=Engineering,DC=northwind,DC=local",Kenneth Mendez,kenneth.mendez@northwindmaterials.com,TRUE,134325333809992320,All-Employees;Engineering-All,QA Engineer - Engineering
gary.ellis,"CN=Gary Ellis,OU=QualityAssurance,DC=northwind,DC=local",Gary Ellis,gary.ellis@northwindmaterials.com,TRUE,134301035050507984,All-Employees;Quality-Assurance-All,QA Analyst - Quality Assurance
justin.king,"CN=Justin King,OU=QualityAssurance,DC=northwind,DC=local",Justin King,justin.king@northwindmaterials.com,TRUE,134263476252700928,All-Employees;Quality-Assurance-All,QA Analyst - Quality Assurance
jeffrey.thomas,"CN=Jeffrey Thomas,OU=Operations,DC=northwind,DC=local",Jeffrey Thomas,jeffrey.thomas@northwindmaterials.com,TRUE,134253618753274400,All-Employees;Operations-All,Operations Analyst - Operations
debra.gardner,"CN=Debra Gardner,OU=Legal,DC=northwind,DC=local",Debra Gardner,debra.gardner@northwindmaterials.com,TRUE,134313240392100720,All-Employees;Legal-All,VP of Legal - Legal
charles.reilly,"CN=Charles Reilly,OU=Engineering,DC=northwind,DC=local",Charles Reilly,charles.reilly@northwindmaterials.com,TRUE,134270373765252672,All-Employees;Engineering-All,DevOps Engineer - Engineering
amanda.erickson,"CN=Amanda Erickson,OU=SupplyChain,DC=northwind,DC=local",Amanda Erickson,amanda.erickson@northwindmaterials.com,TRUE,134323696375802960,All-Employees;Supply-Chain-All,Procurement Specialist - Supply Chain
mark.hill,"CN=Mark Hill,OU=QualityAssurance,DC=northwind,DC=local",Mark Hill,mark.hill@northwindmaterials.com,TRUE,134296331131662688,All-Employees;Quality-Assurance-All,QA Analyst - Quality Assurance
laura.morgan,"CN=Laura Morgan,OU=SupplyChain,DC=northwind,DC=local",Laura Morgan,laura.morgan@northwindmaterials.com,TRUE,134297591027848592,All-Employees;Supply-Chain-All,Supply Chain Analyst - Supply Chain
james.edwards,"CN=James Edwards,OU=Legal,DC=northwind,DC=local",James Edwards,james.edwards@northwindmaterials.com,TRUE,134280678015086064,All-Employees;Legal-All,Paralegal - Legal
aaron.mitchell,"CN=Aaron Mitchell,OU=CustomerSuccess,DC=northwind,DC=local",Aaron Mitchell,aaron.mitchell@northwindmaterials.com,TRUE,134309308018819808,All-Employees;Customer-Success-All,Support Specialist - Customer Success
rachel.ramos,"CN=Rachel Ramos,OU=SupplyChain,DC=northwind,DC=local",Rachel Ramos,rachel.ramos@northwindmaterials.com,TRUE,134310111980209424,All-Employees;Supply-Chain-All,Supply Chain Analyst - Supply Chain
jacob.robinson,"CN=Jacob Robinson,OU=SupplyChain,DC=northwind,DC=local",Jacob Robinson,jacob.robinson@northwindmaterials.com,TRUE,134276834257483280,All-Employees;Supply-Chain-All,Procurement Specialist - Supply Chain
erin.pierce,"CN=Erin Pierce,OU=CustomerSuccess,DC=northwind,DC=local",Erin Pierce,erin.pierce@northwindmaterials.com,TRUE,134306629421164768,All-Employees;Customer-Success-All,Support Specialist - Customer Success
glenda.heath,"CN=Glenda Heath,OU=SupplyChain,DC=northwind,DC=local",Glenda Heath,glenda.heath@northwindmaterials.com,TRUE,134308375922176048,All-Employees;Supply-Chain-All,Supply Chain Analyst - Supply Chain
lisa.johnson,"CN=Lisa Johnson,OU=Manufacturing,DC=northwind,DC=local",Lisa Johnson,lisa.johnson@northwindmaterials.com,TRUE,134266733454663232,All-Employees;Manufacturing-All;Plant-Ops-Leads,Line Supervisor - Manufacturing
leah.greene,"CN=Leah Greene,OU=QualityAssurance,DC=northwind,DC=local",Leah Greene,leah.greene@northwindmaterials.com,TRUE,134308947177097376,All-Employees;Quality-Assurance-All,QA Analyst - Quality Assurance
ctr.justin.moore,"CN=Justin Moore,OU=Contractors,DC=northwind,DC=local",Justin Moore,justin.moore@contractor.northwindmaterials.com,TRUE,134318026779380608,Contractors-All;All-Employees,Contractor - Staffing Partner A - vendor engagement
gary.berry,"CN=Gary Berry,OU=SupplyChain,DC=northwind,DC=local",Gary Berry,gary.berry@northwindmaterials.com,TRUE,134278707903189680,All-Employees;Supply-Chain-All,Supply Chain Analyst - Supply Chain
laura.hicks,"CN=Laura Hicks,OU=SupplyChain,DC=northwind,DC=local",Laura Hicks,laura.hicks@northwindmaterials.com,TRUE,134297659367899440,All-Employees;Supply-Chain-All,Supply Chain Analyst - Supply Chain
haley.lyons,"CN=Haley Lyons,OU=SupplyChain,DC=northwind,DC=local",Haley Lyons,haley.lyons@northwindmaterials.com,TRUE,134261443886075680,All-Employees;Supply-Chain-All,Procurement Specialist - Supply Chain
richard.morgan,"CN=Richard Morgan,OU=SupplyChain,DC=northwind,DC=local",Richard Morgan,richard.morgan@northwindmaterials.com,TRUE,134257232183305856,All-Employees;Supply-Chain-All,Supply Chain Analyst - Supply Chain
raven.klein,"CN=Raven Klein,OU=Finance,DC=northwind,DC=local",Raven Klein,raven.klein@northwindmaterials.com,TRUE,134260967997429504,All-Employees;Finance-All,Financial Analyst - Finance
alexander.benson,"CN=Alexander Benson,OU=Manufacturing,DC=northwind,DC=local",Alexander Benson,alexander.benson@northwindmaterials.com,TRUE,134316921624191248,All-Employees;Manufacturing-All,Line Supervisor - Manufacturing
jason.anderson,"CN=Jason Anderson,OU=Legal,DC=northwind,DC=local",Jason Anderson,jason.anderson@northwindmaterials.com,TRUE,134280417120069232,All-Employees;Legal-All,"Manager, Legal - Legal"
brandon.christian,"CN=Brandon Christian,OU=Finance,DC=northwind,DC=local",Brandon Christian,brandon.christian@northwindmaterials.com,TRUE,134285486971266800,All-Employees;Finance-All,Financial Analyst - Finance
elizabeth.hodge,"CN=Elizabeth Hodge,OU=Finance,DC=northwind,DC=local",Elizabeth Hodge,elizabeth.hodge@northwindmaterials.com,TRUE,134317497686314112,All-Employees;Finance-All,AP Specialist - Finance
taylor.lee,"CN=Taylor Lee,OU=SupplyChain,DC=northwind,DC=local",Taylor Lee,taylor.lee@northwindmaterials.com,TRUE,134312337514424480,All-Employees;Supply-Chain-All,Supply Chain Analyst - Supply Chain
heather.cooper,"CN=Heather Cooper,OU=Engineering,DC=northwind,DC=local",Heather Cooper,heather.cooper@northwindmaterials.com,TRUE,134323966865813936,All-Employees;Engineering-All,DevOps Engineer - Engineering
scott.diaz,"CN=Scott Diaz,OU=SupplyChain,DC=northwind,DC=local",Scott Diaz,scott.diaz@northwindmaterials.com,TRUE,134315789883679440,All-Employees;Supply-Chain-All,Procurement Specialist - Supply Chain
christopher.morse,"CN=Christopher Morse,OU=Engineering,DC=northwind,DC=local",Christopher Morse,christopher.morse@northwindmaterials.com,TRUE,134289829023451536,All-Employees;Engineering-All,Senior Software Engineer - Engineering
emily.henderson,"CN=Emily Henderson,OU=InformationTechnology,DC=northwind,DC=local",Emily Henderson,emily.henderson@northwindmaterials.com,TRUE,134262298087292192,All-Employees;Information-Technology-All,Systems Administrator - Information Technology
michael.palmer,"CN=Michael Palmer,OU=SupplyChain,DC=northwind,DC=local",Michael Palmer,michael.palmer@northwindmaterials.com,TRUE,134310875522247472,All-Employees;Supply-Chain-All,Supply Chain Analyst - Supply Chain
alexandra.haynes,"CN=Alexandra Haynes,OU=Legal,DC=northwind,DC=local",Alexandra Haynes,alexandra.haynes@northwindmaterials.com,TRUE,134306823209647696,All-Employees;Legal-All,Compliance Analyst - Legal
tammy.walker,"CN=Tammy Walker,OU=SupplyChain,DC=northwind,DC=local",Tammy Walker,tammy.walker@northwindmaterials.com,TRUE,134326531712916608,All-Employees;Supply-Chain-All,Procurement Specialist - Supply Chain
melissa.cannon,"CN=Melissa Cannon,OU=SupplyChain,DC=northwind,DC=local",Melissa Cannon,melissa.cannon@northwindmaterials.com,TRUE,134290851603034160,All-Employees;Supply-Chain-All,Supply Chain Analyst - Supply Chain
christina.meyer,"CN=Christina Meyer,OU=QualityAssurance,DC=northwind,DC=local",Christina Meyer,christina.meyer@northwindmaterials.com,TRUE,134267595435133840,All-Employees;Quality-Assurance-All,QA Analyst - Quality Assurance
karen.parrish,"CN=Karen Parrish,OU=Finance,DC=northwind,DC=local",Karen Parrish,karen.parrish@northwindmaterials.com,TRUE,134254855010160736,All-Employees;Finance-All,AP Specialist - Finance
danielle.rodriguez,"CN=Danielle Rodriguez,OU=SupplyChain,DC=northwind,DC=local",Danielle Rodriguez,danielle.rodriguez@northwindmaterials.com,TRUE,134255730041974304,All-Employees;Supply-Chain-All,Procurement Specialist - Supply Chain
ctr.ashley.obrien,"CN=Ashley Obrien,OU=Contractors,DC=northwind,DC=local",Ashley Obrien,ashley.obrien@contractor.northwindmaterials.com,TRUE,134251953588830656,Contractors-All;All-Employees,Contractor - Staffing Partner A - vendor engagement
barbara.miller,"CN=Barbara Miller,OU=SupplyChain,DC=northwind,DC=local",Barbara Miller,barbara.miller@northwindmaterials.com,TRUE,134251350393519040,All-Employees;Supply-Chain-All,Procurement Specialist - Supply Chain
katherine.walker,"CN=Katherine Walker,OU=SupplyChain,DC=northwind,DC=local",Katherine Walker,katherine.walker@northwindmaterials.com,TRUE,134265613597963424,All-Employees;Supply-Chain-All,Procurement Specialist - Supply Chain
brandon.martin,"CN=Brandon Martin,OU=SupplyChain,DC=northwind,DC=local",Brandon Martin,brandon.martin@northwindmaterials.com,TRUE,134307807482334240,All-Employees;Supply-Chain-All,Supply Chain Analyst - Supply Chain
connor.anderson,"CN=Connor Anderson,OU=Finance,DC=northwind,DC=local",Connor Anderson,connor.anderson@northwindmaterials.com,TRUE,134274944101793952,All-Employees;Finance-All,AP Specialist - Finance
ctr.david.richardson,"CN=David Richardson,OU=Contractors,DC=northwind,DC=local",David Richardson,david.richardson@contractor.northwindmaterials.com,TRUE,134315202419650512,Contractors-All;All-Employees,Contractor - Staffing Partner B - vendor engagement
tonya.sanchez,"CN=Tonya Sanchez,OU=Finance,DC=northwind,DC=local",Tonya Sanchez,tonya.sanchez@northwindmaterials.com,TRUE,134285261996799088,All-Employees;Finance-All,AP Specialist - Finance
joan.johnson,"CN=Joan Johnson,OU=Finance,DC=northwind,DC=local",Joan Johnson,joan.johnson@northwindmaterials.com,TRUE,134324755063595216,All-Employees;Finance-All,Accountant - Finance
jennifer.rodriguez,"CN=Jennifer Rodriguez,OU=QualityAssurance,DC=northwind,DC=local",Jennifer Rodriguez,jennifer.rodriguez@northwindmaterials.com,TRUE,134278224318260352,All-Employees;Quality-Assurance-All,QA Analyst - Quality Assurance
jesse.mann,"CN=Jesse Mann,OU=SupplyChain,DC=northwind,DC=local",Jesse Mann,jesse.mann@northwindmaterials.com,TRUE,134257881494511120,All-Employees;Supply-Chain-All,Supply Chain Analyst - Supply Chain
ctr.cory.owen,"CN=Cory Owen,OU=Contractors,DC=northwind,DC=local",Cory Owen,cory.owen@contractor.northwindmaterials.com,TRUE,134288719027941136,Contractors-All;All-Employees,Contractor - Staffing Partner B - vendor engagement
yvette.huff,"CN=Yvette Huff,OU=SupplyChain,DC=northwind,DC=local",Yvette Huff,yvette.huff@northwindmaterials.com,TRUE,134257619392676816,All-Employees;Supply-Chain-All,"Manager, Supply Chain - Supply Chain"
jennifer.schmitt,"CN=Jennifer Schmitt,OU=HumanResources,DC=northwind,DC=local",Jennifer Schmitt,jennifer.schmitt@northwindmaterials.com,TRUE,134288442417122560,All-Employees;Human-Resources-All,Recruiter - Human Resources
hannah.burton,"CN=Hannah Burton,OU=QualityAssurance,DC=northwind,DC=local",Hannah Burton,hannah.burton@northwindmaterials.com,TRUE,134278199881767920,All-Employees;Quality-Assurance-All,Quality Inspector - Quality Assurance
lauren.banks,"CN=Lauren Banks,OU=Operations,DC=northwind,DC=local",Lauren Banks,lauren.banks@northwindmaterials.com,TRUE,134280624845239696,All-Employees;Operations-All,Operations Analyst - Operations
cristina.harvey,"CN=Cristina Harvey,OU=Manufacturing,DC=northwind,DC=local",Cristina Harvey,cristina.harvey@northwindmaterials.com,TRUE,134306713248627584,All-Employees;Manufacturing-All;Plant-Ops-Leads,Plant Technician - Manufacturing
jane.mason,"CN=Jane Mason,OU=InformationTechnology,DC=northwind,DC=local",Jane Mason,jane.mason@northwindmaterials.com,TRUE,134291082682059712,All-Employees;Information-Technology-All,IT Support Specialist - Information Technology
ctr.kenneth.nichols,"CN=Kenneth Nichols,OU=Contractors,DC=northwind,DC=local",Kenneth Nichols,kenneth.nichols@contractor.northwindmaterials.com,TRUE,134268578983520736,Contractors-All;All-Employees,Contractor - Staffing Partner A - vendor engagement
megan.williamson,"CN=Megan Williamson,OU=SupplyChain,DC=northwind,DC=local",Megan Williamson,megan.williamson@northwindmaterials.com,TRUE,134296840744545056,All-Employees;Supply-Chain-All,Procurement Specialist - Supply Chain
anna.herman,"CN=Anna Herman,OU=Legal,DC=northwind,DC=local",Anna Herman,anna.herman@northwindmaterials.com,TRUE,134321965754792368,All-Employees;Legal-All,Paralegal - Legal
grant.williams,"CN=Grant Williams,OU=Finance,DC=northwind,DC=local",Grant Williams,grant.williams@northwindmaterials.com,TRUE,134291156492420048,All-Employees;Finance-All,Financial Analyst - Finance
adrienne.gallegos,"CN=Adrienne Gallegos,OU=Finance,DC=northwind,DC=local",Adrienne Gallegos,adrienne.gallegos@northwindmaterials.com,TRUE,134264132607106272,All-Employees;Finance-All,Financial Analyst - Finance
john.smith,"CN=John Smith,OU=Legal,DC=northwind,DC=local",John Smith,john.smith@northwindmaterials.com,FALSE,134301845313606992,All-Employees;Legal-All,Paralegal - Legal
jennifer.garcia,"CN=Jennifer Garcia,OU=InformationTechnology,DC=northwind,DC=local",Jennifer Garcia,jennifer.garcia@northwindmaterials.com,TRUE,134284780177512224,All-Employees;Information-Technology-All,Network Engineer - Information Technology
paula.padilla,"CN=Paula Padilla,OU=Finance,DC=northwind,DC=local",Paula Padilla,paula.padilla@northwindmaterials.com,TRUE,134269675205025808,All-Employees;Finance-All,Accountant - Finance
courtney.berger,"CN=Courtney Berger,OU=SupplyChain,DC=northwind,DC=local",Courtney Berger,courtney.berger@northwindmaterials.com,TRUE,134307555552757536,All-Employees;Supply-Chain-All,Procurement Specialist - Supply Chain
gary.dixon,"CN=Gary Dixon,OU=Legal,DC=northwind,DC=local",Gary Dixon,gary.dixon@northwindmaterials.com,TRUE,134268880723414016,All-Employees;Legal-All,Paralegal - Legal
mariah.miller,"CN=Mariah Miller,OU=SupplyChain,DC=northwind,DC=local",Mariah Miller,mariah.miller@northwindmaterials.com,FALSE,134302106854560528,All-Employees;Supply-Chain-All,Supply Chain Analyst - Supply Chain
ctr.carla.avila,"CN=Carla Avila,OU=Contractors,DC=northwind,DC=local",Carla Avila,carla.avila@contractor.northwindmaterials.com,TRUE,134273545179953152,Contractors-All;All-Employees,Contractor - Staffing Partner A - vendor engagement
gina.thompson,"CN=Gina Thompson,OU=QualityAssurance,DC=northwind,DC=local",Gina Thompson,gina.thompson@northwindmaterials.com,TRUE,134313450736630992,All-Employees;Quality-Assurance-All,Quality Inspector - Quality Assurance
tracy.ray,"CN=Tracy Ray,OU=Manufacturing,DC=northwind,DC=local",Tracy Ray,tracy.ray@northwindmaterials.com,TRUE,134304523387837728,All-Employees;Manufacturing-All,Production Associate - Manufacturing
ctr.carol.rogers,"CN=Carol Rogers,OU=Contractors,DC=northwind,DC=local",Carol Rogers,carol.rogers@contractor.northwindmaterials.com,TRUE,134324092327707392,Contractors-All;All-Employees,Contractor - Staffing Partner B - vendor engagement
haley.anderson,"CN=Haley Anderson,OU=Finance,DC=northwind,DC=local",Haley Anderson,haley.anderson@northwindmaterials.com,TRUE,134269436807307152,All-Employees;Finance-All,AP Specialist - Finance
james.maynard,"CN=James Maynard,OU=CustomerSuccess,DC=northwind,DC=local",James Maynard,james.maynard@northwindmaterials.com,TRUE,134305854687321360,All-Employees;Customer-Success-All,Customer Success Associate - Customer Success
gregory.porter,"CN=Gregory Porter,OU=Engineering,DC=northwind,DC=local",Gregory Porter,gregory.porter@northwindmaterials.com,TRUE,134265328809076400,All-Employees;Engineering-All,Senior Software Engineer - Engineering
patrick.washington,"CN=Patrick Washington,OU=CustomerSuccess,DC=northwind,DC=local",Patrick Washington,patrick.washington@northwindmaterials.com,TRUE,134277892253987792,All-Employees;Customer-Success-All,Support Specialist - Customer Success
shannon.frazier,"CN=Shannon Frazier,OU=SupplyChain,DC=northwind,DC=local",Shannon Frazier,shannon.frazier@northwindmaterials.com,TRUE,134294273039858288,All-Employees;Supply-Chain-All,Supply Chain Analyst - Supply Chain
dakota.berry,"CN=Dakota Berry,OU=SupplyChain,DC=northwind,DC=local",Dakota Berry,dakota.berry@northwindmaterials.com,TRUE,134315050459274800,All-Employees;Supply-Chain-All,Supply Chain Analyst - Supply Chain
joseph.brennan,"CN=Joseph Brennan,OU=HumanResources,DC=northwind,DC=local",Joseph Brennan,joseph.brennan@northwindmaterials.com,TRUE,134277558270173152,All-Employees;Human-Resources-All,"Manager, Human Resources - Human Resources"
diamond.wright,"CN=Diamond Wright,OU=SupplyChain,DC=northwind,DC=local",Diamond Wright,diamond.wright@northwindmaterials.com,TRUE,134300071311176432,All-Employees;Supply-Chain-All,Procurement Specialist - Supply Chain
diamond.watts,"CN=Diamond Watts,OU=CustomerSuccess,DC=northwind,DC=local",Diamond Watts,diamond.watts@northwindmaterials.com,TRUE,134325734320844304,All-Employees;Customer-Success-All,Support Specialist - Customer Success
james.moran,"CN=James Moran,OU=Legal,DC=northwind,DC=local",James Moran,james.moran@northwindmaterials.com,TRUE,134322885667262320,All-Employees;Legal-All,"Manager, Legal - Legal"
jennifer.cooper,"CN=Jennifer Cooper,OU=InformationTechnology,DC=northwind,DC=local",Jennifer Cooper,jennifer.cooper@northwindmaterials.com,TRUE,134250171594384496,All-Employees;Information-Technology-All,Systems Administrator - Information Technology
willie.vaughan,"CN=Willie Vaughan,OU=Engineering,DC=northwind,DC=local",Willie Vaughan,willie.vaughan@northwindmaterials.com,TRUE,134282902313594784,All-Employees;Engineering-All,DevOps Engineer - Engineering
audrey.moreno,"CN=Audrey Moreno,OU=SupplyChain,DC=northwind,DC=local",Audrey Moreno,audrey.moreno@northwindmaterials.com,TRUE,134254911622926368,All-Employees;Supply-Chain-All,Supply Chain Analyst - Supply Chain
stanley.morris,"CN=Stanley Morris,OU=Engineering,DC=northwind,DC=local",Stanley Morris,stanley.morris@northwindmaterials.com,TRUE,134257240551994400,All-Employees;Engineering-All,QA Engineer - Engineering
sonia.williams,"CN=Sonia Williams,OU=Engineering,DC=northwind,DC=local",Sonia Williams,sonia.williams@northwindmaterials.com,TRUE,134310335970623168,All-Employees;Engineering-All,Senior Software Engineer - Engineering
donna.baker,"CN=Donna Baker,OU=Engineering,DC=northwind,DC=local",Donna Baker,donna.baker@northwindmaterials.com,TRUE,134306479494059712,All-Employees;Engineering-All,QA Engineer - Engineering
eugene.walker,"CN=Eugene Walker,OU=SupplyChain,DC=northwind,DC=local",Eugene Walker,eugene.walker@northwindmaterials.com,TRUE,134298947729808832,All-Employees;Supply-Chain-All,Supply Chain Analyst - Supply Chain
jeffrey.williams,"CN=Jeffrey Williams,OU=SupplyChain,DC=northwind,DC=local",Jeffrey Williams,jeffrey.williams@northwindmaterials.com,TRUE,134323521659495968,All-Employees;Supply-Chain-All,Supply Chain Analyst - Supply Chain
gregory.james,"CN=Gregory James,OU=Legal,DC=northwind,DC=local",Gregory James,gregory.james@northwindmaterials.com,TRUE,134317199174107424,All-Employees;Legal-All,Compliance Analyst - Legal
christopher.ross,"CN=Christopher Ross,OU=Engineering,DC=northwind,DC=local",Christopher Ross,christopher.ross@northwindmaterials.com,TRUE,134275263024398848,All-Employees;Engineering-All,Software Engineer - Engineering
kimberly.berg,"CN=Kimberly Berg,OU=HumanResources,DC=northwind,DC=local",Kimberly Berg,kimberly.berg@northwindmaterials.com,TRUE,134264212584297264,All-Employees;Human-Resources-All,HR Generalist - Human Resources
ctr.sarah.peterson,"CN=Sarah Peterson,OU=Contractors,DC=northwind,DC=local",Sarah Peterson,sarah.peterson@contractor.northwindmaterials.com,TRUE,134310576960518544,Contractors-All;All-Employees,Contractor - Staffing Partner A - vendor engagement
ctr.james.murphy,"CN=James Murphy,OU=Contractors,DC=northwind,DC=local",James Murphy,james.murphy@contractor.northwindmaterials.com,TRUE,134274180070889968,Contractors-All;All-Employees,Contractor - Staffing Partner A - vendor engagement
plant-shared-like24,"CN=plant-shared-like24,OU=ServiceAccounts,DC=northwind,DC=local",plant-shared-like24,plant-shared-like24@northwindmaterials.com,TRUE,134312331271380192,Service-Accounts,Owned by IT Automation team
tracy.hernandez,"CN=Tracy Hernandez,OU=Finance,DC=northwind,DC=local",Tracy Hernandez,tracy.hernandez@northwindmaterials.com,TRUE,134258133982503504,All-Employees;Finance-All,Accountant - Finance
michelle.ray,"CN=Michelle Ray,OU=CustomerSuccess,DC=northwind,DC=local",Michelle Ray,michelle.ray@northwindmaterials.com,TRUE,134274159508305888,All-Employees;Customer-Success-All,Director of Customer Success - Customer Success
michael.love,"CN=Michael Love,OU=Finance,DC=northwind,DC=local",Michael Love,michael.love@northwindmaterials.com,TRUE,134265215451333184,All-Employees;Finance-All,AP Specialist - Finance
charles.singleton,"CN=Charles Singleton,OU=HumanResources,DC=northwind,DC=local",Charles Singleton,charles.singleton@northwindmaterials.com,TRUE,134284619386991216,All-Employees;Human-Resources-All,HR Generalist - Human Resources
jasmine.graham,"CN=Jasmine Graham,OU=InformationTechnology,DC=northwind,DC=local",Jasmine Graham,jasmine.graham@northwindmaterials.com,TRUE,134298250874636304,All-Employees;Information-Technology-All,IT Support Specialist - Information Technology
casey.welch,"CN=Casey Welch,OU=CustomerSuccess,DC=northwind,DC=local",Casey Welch,casey.welch@northwindmaterials.com,TRUE,134284949805095248,All-Employees;Customer-Success-All,Customer Success Associate - Customer Success
lisa.mcneil,"CN=Lisa Mcneil,OU=CustomerSuccess,DC=northwind,DC=local",Lisa Mcneil,lisa.mcneil@northwindmaterials.com,TRUE,134320824571226496,All-Employees;Customer-Success-All,Customer Success Associate - Customer Success
lauren.huffman,"CN=Lauren Huffman,OU=Finance,DC=northwind,DC=local",Lauren Huffman,lauren.huffman@northwindmaterials.com,TRUE,134313375651052608,All-Employees;Finance-All,AP Specialist - Finance
kaitlin.wright,"CN=Kaitlin Wright,OU=Finance,DC=northwind,DC=local",Kaitlin Wright,kaitlin.wright@northwindmaterials.com,FALSE,134271903718365824,All-Employees;Finance-All,AP Specialist - Finance
elizabeth.may,"CN=Elizabeth May,OU=Legal,DC=northwind,DC=local",Elizabeth May,elizabeth.may@northwindmaterials.com,TRUE,134282993047168000,All-Employees;Legal-All,Compliance Analyst - Legal
crystal.hamilton,"CN=Crystal Hamilton,OU=Engineering,DC=northwind,DC=local",Crystal Hamilton,crystal.hamilton@northwindmaterials.com,TRUE,134297143180780736,All-Employees;Engineering-All,Software Engineer - Engineering
blake.fernandez,"CN=Blake Fernandez,OU=Finance,DC=northwind,DC=local",Blake Fernandez,blake.fernandez@northwindmaterials.com,TRUE,134262497594554176,All-Employees;Finance-All,Accountant - Finance
tanya.riley,"CN=Tanya Riley,OU=Engineering,DC=northwind,DC=local",Tanya Riley,tanya.riley@northwindmaterials.com,TRUE,134266933676868400,All-Employees;Engineering-All,"Manager, Engineering - Engineering"
aaron.hardin,"CN=Aaron Hardin,OU=Manufacturing,DC=northwind,DC=local",Aaron Hardin,aaron.hardin@northwindmaterials.com,TRUE,134318086920778240,All-Employees;Manufacturing-All,Plant Technician - Manufacturing
nicholas.payne,"CN=Nicholas Payne,OU=Engineering,DC=northwind,DC=local",Nicholas Payne,nicholas.payne@northwindmaterials.com,TRUE,134315862964831232,All-Employees;Engineering-All,DevOps Engineer - Engineering
christopher.williams,"CN=Christopher Williams,OU=Engineering,DC=northwind,DC=local",Christopher Williams,christopher.williams@northwindmaterials.com,TRUE,134292643164722640,All-Employees;Engineering-All,"Manager, Engineering - Engineering"
daniel.hicks,"CN=Daniel Hicks,OU=CustomerSuccess,DC=northwind,DC=local",Daniel Hicks,daniel.hicks@northwindmaterials.com,FALSE,134299558566081984,All-Employees;Customer-Success-All,Support Specialist - Customer Success
sarah.pope,"CN=Sarah Pope,OU=Legal,DC=northwind,DC=local",Sarah Pope,sarah.pope@northwindmaterials.com,TRUE,134287832057460848,All-Employees;Legal-All,Compliance Analyst - Legal
amy.young,"CN=Amy Young,OU=Engineering,DC=northwind,DC=local",Amy Young,amy.young@northwindmaterials.com,TRUE,134267612260754016,All-Employees;Engineering-All,QA Engineer - Engineering
alex.green,"CN=Alex Green,OU=Engineering,DC=northwind,DC=local",Alex Green,alex.green@northwindmaterials.com,TRUE,134312990438040944,All-Employees;Engineering-All,QA Engineer - Engineering
ashley.hall,"CN=Ashley Hall,OU=InformationTechnology,DC=northwind,DC=local",Ashley Hall,ashley.hall@northwindmaterials.com,TRUE,134287293858004272,All-Employees;Information-Technology-All,Systems Administrator - Information Technology
mary.chapman,"CN=Mary Chapman,OU=QualityAssurance,DC=northwind,DC=local",Mary Chapman,mary.chapman@northwindmaterials.com,TRUE,134288388072427552,All-Employees;Quality-Assurance-All,Quality Inspector - Quality Assurance
michael.woodard,"CN=Michael Woodard,OU=SupplyChain,DC=northwind,DC=local",Michael Woodard,michael.woodard@northwindmaterials.com,TRUE,134303664372840464,All-Employees;Supply-Chain-All,Procurement Specialist - Supply Chain
andrea.thompson,"CN=Andrea Thompson,OU=CustomerSuccess,DC=northwind,DC=local",Andrea Thompson,andrea.thompson@northwindmaterials.com,FALSE,134283226845739552,All-Employees;Customer-Success-All,Support Specialist - Customer Success
shannon.perez,"CN=Shannon Perez,OU=QualityAssurance,DC=northwind,DC=local",Shannon Perez,shannon.perez@northwindmaterials.com,TRUE,134264193747493328,All-Employees;Quality-Assurance-All,QA Analyst - Quality Assurance
jennifer.hicks,"CN=Jennifer Hicks,OU=Finance,DC=northwind,DC=local",Jennifer Hicks,jennifer.hicks@northwindmaterials.com,TRUE,134318729662470224,All-Employees;Finance-All,AP Specialist - Finance
jessica.miller,"CN=Jessica Miller,OU=Engineering,DC=northwind,DC=local",Jessica Miller,jessica.miller@northwindmaterials.com,TRUE,134326259102347184,All-Employees;Engineering-All,Senior Software Engineer - Engineering
tina.gould,"CN=Tina Gould,OU=QualityAssurance,DC=northwind,DC=local",Tina Gould,tina.gould@northwindmaterials.com,TRUE,134281514715230576,All-Employees;Quality-Assurance-All,Quality Inspector - Quality Assurance
melanie.davis,"CN=Melanie Davis,OU=Engineering,DC=northwind,DC=local",Melanie Davis,melanie.davis@northwindmaterials.com,FALSE,134255290207120928,All-Employees;Engineering-All,Senior Software Engineer - Engineering
donald.smith,"CN=Donald Smith,OU=QualityAssurance,DC=northwind,DC=local",Donald Smith,donald.smith@northwindmaterials.com,TRUE,134316535119244736,All-Employees;Quality-Assurance-All,Quality Inspector - Quality Assurance
daniel.harris,"CN=Daniel Harris,OU=SupplyChain,DC=northwind,DC=local",Daniel Harris,daniel.harris@northwindmaterials.com,TRUE,134289063140487152,All-Employees;Supply-Chain-All,Procurement Specialist - Supply Chain
christopher.guerrero,"CN=Christopher Guerrero,OU=Finance,DC=northwind,DC=local",Christopher Guerrero,christopher.guerrero@northwindmaterials.com,TRUE,134253540851136896,All-Employees;Finance-All,Accountant - Finance
kevin.ferguson,"CN=Kevin Ferguson,OU=InformationTechnology,DC=northwind,DC=local",Kevin Ferguson,kevinf@northwindmaterials.com,TRUE,134255984674344880,All-Employees;Information-Technology-All,IT Support Specialist - Information Technology
tracy.russell,"CN=Tracy Russell,OU=Engineering,DC=northwind,DC=local",Tracy Russell,tracy.russell@northwindmaterials.com,TRUE,134273987203509328,All-Employees;Engineering-All,Software Engineer - Engineering
courtney.hernandez,"CN=Courtney Hernandez,OU=Finance,DC=northwind,DC=local",Courtney Hernandez,courtney.hernandez@northwindmaterials.com,TRUE,134296310767344480,All-Employees;Finance-All,AP Specialist - Finance
andrea.terry,"CN=Andrea Terry,OU=CustomerSuccess,DC=northwind,DC=local",Andrea Terry,andrea.terry@northwindmaterials.com,TRUE,134266444728465264,All-Employees;Customer-Success-All,Customer Success Associate - Customer Success
richard.thomas,"CN=Richard Thomas,OU=Finance,DC=northwind,DC=local",Richard Thomas,richard.thomas@northwindmaterials.com,TRUE,134284365567918656,All-Employees;Finance-All,AP Specialist - Finance
stephen.rivera,"CN=Stephen Rivera,OU=Engineering,DC=northwind,DC=local",Stephen Rivera,stephen.rivera@northwindmaterials.com,TRUE,134282657319494480,All-Employees;Engineering-All,Senior Software Engineer - Engineering
april.mclaughlin,"CN=April Mclaughlin,OU=Engineering,DC=northwind,DC=local",April Mclaughlin,april.mclaughlin@northwindmaterials.com,TRUE,134305625352025504,All-Employees;Engineering-All,Senior Software Engineer - Engineering
brian.wise,"CN=Brian Wise,OU=InformationTechnology,DC=northwind,DC=local",Brian Wise,brian.wise@northwindmaterials.com,FALSE,134265401003268288,All-Employees;Information-Technology-All,Network Engineer - Information Technology
tamara.smith,"CN=Tamara Smith,OU=QualityAssurance,DC=northwind,DC=local",Tamara Smith,tamara.smith@northwindmaterials.com,TRUE,134294035752770240,All-Employees;Quality-Assurance-All,Quality Inspector - Quality Assurance
thomas.maldonado,"CN=Thomas Maldonado,OU=SupplyChain,DC=northwind,DC=local",Thomas Maldonado,thomas.maldonado@northwindmaterials.com,TRUE,134296565205503584,All-Employees;Supply-Chain-All,Supply Chain Analyst - Supply Chain
martha.drake,"CN=Martha Drake,OU=InformationTechnology,DC=northwind,DC=local",Martha Drake,martha.drake@northwindmaterials.com,TRUE,134315379942075056,All-Employees;Information-Technology-All,Network Engineer - Information Technology
nicholas.tran,"CN=Nicholas Tran,OU=SupplyChain,DC=northwind,DC=local",Nicholas Tran,nicholas.tran@northwindmaterials.com,TRUE,134276245573031088,All-Employees;Supply-Chain-All,Supply Chain Analyst - Supply Chain
dennis.quinn,"CN=Dennis Quinn,OU=SupplyChain,DC=northwind,DC=local",Dennis Quinn,dennis.quinn@northwindmaterials.com,TRUE,134260759933165376,All-Employees;Supply-Chain-All,Procurement Specialist - Supply Chain
terri.brown,"CN=Terri Brown,OU=Finance,DC=northwind,DC=local",Terri Brown,terri.brown@northwindmaterials.com,TRUE,134305055932116432,All-Employees;Finance-All,Accountant - Finance
mark.watson,"CN=Mark Watson,OU=SupplyChain,DC=northwind,DC=local",Mark Watson,mark.watson@northwindmaterials.com,TRUE,134276073133617360,All-Employees;Supply-Chain-All,Supply Chain Analyst - Supply Chain
andrea.smith,"CN=Andrea Smith,OU=QualityAssurance,DC=northwind,DC=local",Andrea Smith,andrea.smith@northwindmaterials.com,TRUE,134284817009119696,All-Employees;Quality-Assurance-All,QA Analyst - Quality Assurance
makayla.olson,"CN=Makayla Olson,OU=SupplyChain,DC=northwind,DC=local",Makayla Olson,makayla.olson@northwindmaterials.com,TRUE,134261297288041664,All-Employees;Supply-Chain-All,Procurement Specialist - Supply Chain
eric.murillo,"CN=Eric Murillo,OU=Manufacturing,DC=northwind,DC=local",Eric Murillo,eric.murillo@northwindmaterials.com,TRUE,134251480921966624,All-Employees;Manufacturing-All;Plant-Ops-Leads,Plant Technician - Manufacturing
christina.matthews,"CN=Christina Matthews,OU=SupplyChain,DC=northwind,DC=local",Christina Matthews,christina.matthews@northwindmaterials.com,TRUE,134310728855069248,All-Employees;Supply-Chain-All,Supply Chain Analyst - Supply Chain
melissa.prince,"CN=Melissa Prince,OU=QualityAssurance,DC=northwind,DC=local",Melissa Prince,melissa.prince@northwindmaterials.com,TRUE,134303964614128976,All-Employees;Quality-Assurance-All,QA Analyst - Quality Assurance
michael.cook,"CN=Michael Cook,OU=SupplyChain,DC=northwind,DC=local",Michael Cook,michael.cook@northwindmaterials.com,TRUE,134312453769017888,All-Employees;Supply-Chain-All,Procurement Specialist - Supply Chain
larry.rodgers,"CN=Larry Rodgers,OU=Manufacturing,DC=northwind,DC=local",Larry Rodgers,larry.rodgers@northwindmaterials.com,TRUE,134311468782330416,All-Employees;Manufacturing-All,Machine Operator - Manufacturing
ctr.dalton.hendricks,"CN=Dalton Hendricks,OU=Contractors,DC=northwind,DC=local",Dalton Hendricks,dalton.hendricks@contractor.northwindmaterials.com,TRUE,134300964258179424,Contractors-All;All-Employees,Contractor - Staffing Partner A - vendor engagement
corey.zavala,"CN=Corey Zavala,OU=SupplyChain,DC=northwind,DC=local",Corey Zavala,corey.zavala@northwindmaterials.com,TRUE,134253166556377472,All-Employees;Supply-Chain-All,Procurement Specialist - Supply Chain
nicholas.webster,"CN=Nicholas Webster,OU=Engineering,DC=northwind,DC=local",Nicholas Webster,nicholas.webster@northwindmaterials.com,TRUE,134324809563751552,All-Employees;Engineering-All,Software Engineer - Engineering
ctr.marissa.martinez,"CN=Marissa Martinez,OU=Contractors,DC=northwind,DC=local",Marissa Martinez,marissa.martinez@contractor.northwindmaterials.com,TRUE,134284447795888080,Contractors-All;All-Employees,Contractor - Staffing Partner A - vendor engagement
julie.skinner,"CN=Julie Skinner,OU=QualityAssurance,DC=northwind,DC=local",Julie Skinner,julie.skinner@northwindmaterials.com,TRUE,134250801172447696,All-Employees;Quality-Assurance-All,QA Analyst - Quality Assurance
kenneth.kidd,"CN=Kenneth Kidd,OU=Manufacturing,DC=northwind,DC=local",Kenneth Kidd,kenneth.kidd@northwindmaterials.com,TRUE,134291219769572224,All-Employees;Manufacturing-All,Production Associate - Manufacturing
brianna.bell,"CN=Brianna Bell,OU=Manufacturing,DC=northwind,DC=local",Brianna Bell,brianna.bell@northwindmaterials.com,TRUE,134304515334501856,All-Employees;Manufacturing-All;Plant-Ops-Leads,Machine Operator - Manufacturing
jennifer.mcguire,"CN=Jennifer Mcguire,OU=Finance,DC=northwind,DC=local",Jennifer Mcguire,jennifer.mcguire@northwindmaterials.com,TRUE,134298668411712416,All-Employees;Finance-All,Financial Analyst - Finance
jennifer.perez,"CN=Jennifer Perez,OU=Engineering,DC=northwind,DC=local",Jennifer Perez,jennifer.perez@northwindmaterials.com,TRUE,134264799218066352,All-Employees;Engineering-All,DevOps Engineer - Engineering
jennifer.jones,"CN=Jennifer Jones,OU=Finance,DC=northwind,DC=local",Jennifer Jones,jennifer.jones@northwindmaterials.com,TRUE,134280454164283424,All-Employees;Finance-All,Financial Analyst - Finance
matthew.mack,"CN=Matthew Mack,OU=QualityAssurance,DC=northwind,DC=local",Matthew Mack,matthew.mack@northwindmaterials.com,TRUE,134286211030557504,All-Employees;Quality-Assurance-All,QA Analyst - Quality Assurance
jodi.stewart,"CN=Jodi Stewart,OU=InformationTechnology,DC=northwind,DC=local",Jodi Stewart,jodi.stewart@northwindmaterials.com,TRUE,134317201158665600,All-Employees;Information-Technology-All,Systems Administrator - Information Technology
katrina.ray,"CN=Katrina Ray,OU=Finance,DC=northwind,DC=local",Katrina Ray,katrina.ray@northwindmaterials.com,TRUE,134314609967058640,All-Employees;Finance-All,AP Specialist - Finance
loretta.barnes,"CN=Loretta Barnes,OU=Engineering,DC=northwind,DC=local",Loretta Barnes,loretta.barnes@northwindmaterials.com,FALSE,134324326053923760,All-Employees;Engineering-All,Software Engineer - Engineering
emily.stephens,"CN=Emily Stephens,OU=InformationTechnology,DC=northwind,DC=local",Emily Stephens,emily.stephens@northwindmaterials.com,TRUE,134303683876267184,All-Employees;Information-Technology-All,IT Support Specialist - Information Technology
ctr.eric.harrison,"CN=Eric Harrison,OU=Contractors,DC=northwind,DC=local",Eric Harrison,eric.harrison@contractor.northwindmaterials.com,TRUE,134299291225860288,Contractors-All;All-Employees,Contractor - Staffing Partner B - vendor engagement
ctr.thomas.scott,"CN=Thomas Scott,OU=Contractors,DC=northwind,DC=local",Thomas Scott,thomas.scott@contractor.northwindmaterials.com,TRUE,134317676915911712,Contractors-All;All-Employees,Contractor - Staffing Partner A - vendor engagement
sharon.wood,"CN=Sharon Wood,OU=SupplyChain,DC=northwind,DC=local",Sharon Wood,sharon.wood@northwindmaterials.com,TRUE,134319697948826272,All-Employees;Supply-Chain-All,Procurement Specialist - Supply Chain
gary.richardson,"CN=Gary Richardson,OU=Legal,DC=northwind,DC=local",Gary Richardson,gary.richardson@northwindmaterials.com,TRUE,134274378827211168,All-Employees;Legal-All,Paralegal - Legal
lauren.roberts,"CN=Lauren Roberts,OU=Engineering,DC=northwind,DC=local",Lauren Roberts,lauren.roberts@northwindmaterials.com,TRUE,134271471873059376,All-Employees;Engineering-All,DevOps Engineer - Engineering
jill.stewart,"CN=Jill Stewart,OU=Engineering,DC=northwind,DC=local",Jill Stewart,jill.stewart@northwindmaterials.com,TRUE,134249514653481344,All-Employees;Engineering-All,Senior Software Engineer - Engineering
isaac.steele,"CN=Isaac Steele,OU=InformationTechnology,DC=northwind,DC=local",Isaac Steele,isaac.steele@northwindmaterials.com,TRUE,134300567816760496,All-Employees;Information-Technology-All,Network Engineer - Information Technology
kristin.dean,"CN=Kristin Dean,OU=Manufacturing,DC=northwind,DC=local",Kristin Dean,kristin.dean@northwindmaterials.com,TRUE,134271339614398384,All-Employees;Manufacturing-All,Plant Technician - Manufacturing
kristine.lane,"CN=Kristine Lane,OU=Engineering,DC=northwind,DC=local",Kristine Lane,kristine.lane@northwindmaterials.com,TRUE,134325478084573232,All-Employees;Engineering-All,QA Engineer - Engineering
nicole.sanchez,"CN=Nicole Sanchez,OU=Engineering,DC=northwind,DC=local",Nicole Sanchez,nicole.sanchez@northwindmaterials.com,TRUE,134293968427304192,All-Employees;Engineering-All,DevOps Engineer - Engineering
sean.roy,"CN=Sean Roy,OU=SupplyChain,DC=northwind,DC=local",Sean Roy,sean.roy@northwindmaterials.com,TRUE,134320293125428032,All-Employees;Supply-Chain-All,Supply Chain Analyst - Supply Chain
daniel.johnson,"CN=Daniel Johnson,OU=SupplyChain,DC=northwind,DC=local",Daniel Johnson,daniel.johnson@northwindmaterials.com,TRUE,134318216928240528,All-Employees;Supply-Chain-All,Procurement Specialist - Supply Chain
norman.stewart,"CN=Norman Stewart,OU=QualityAssurance,DC=northwind,DC=local",Norman Stewart,norman.stewart@northwindmaterials.com,TRUE,134310019742814032,All-Employees;Quality-Assurance-All,QA Analyst - Quality Assurance
jeremy.adams,"CN=Jeremy Adams,OU=Manufacturing,DC=northwind,DC=local",Jeremy Adams,jeremy.adams@northwindmaterials.com,TRUE,134301958843815904,All-Employees;Manufacturing-All,Line Supervisor - Manufacturing
robert.morris,"CN=Robert Morris,OU=InformationTechnology,DC=northwind,DC=local",Robert Morris,robert.morris@northwindmaterials.com,TRUE,134276171928541488,All-Employees;Information-Technology-All,Systems Administrator - Information Technology
robert.soto,"CN=Robert Soto,OU=Engineering,DC=northwind,DC=local",Robert Soto,robert.soto@northwindmaterials.com,TRUE,134270012822854960,All-Employees;Engineering-All,QA Engineer - Engineering
jared.clark,"CN=Jared Clark,OU=CustomerSuccess,DC=northwind,DC=local",Jared Clark,jared.clark@northwindmaterials.com,TRUE,134310055311143392,All-Employees;Customer-Success-All,Customer Success Associate - Customer Success
melissa.parsons,"CN=Melissa Parsons,OU=CustomerSuccess,DC=northwind,DC=local",Melissa Parsons,melissa.parsons@northwindmaterials.com,TRUE,134288688886695824,All-Employees;Customer-Success-All,Support Specialist - Customer Success
ctr.carrie.bradford,"CN=Carrie Bradford,OU=Contractors,DC=northwind,DC=local",Carrie Bradford,carrie.bradford@contractor.northwindmaterials.com,TRUE,134251689079340480,Contractors-All;All-Employees,Contractor - Staffing Partner A - vendor engagement
vanessa.brown,"CN=Vanessa Brown,OU=SupplyChain,DC=northwind,DC=local",Vanessa Brown,vanessa.brown@northwindmaterials.com,FALSE,134301567222818144,All-Employees;Supply-Chain-All,Supply Chain Analyst - Supply Chain
christy.johns,"CN=Christy Johns,OU=Operations,DC=northwind,DC=local",Christy Johns,christy.johns@northwindmaterials.com,TRUE,134263172871508928,All-Employees;Operations-All,Logistics Coordinator - Operations
terri.crawford,"CN=Terri Crawford,OU=Legal,DC=northwind,DC=local",Terri Crawford,terri.crawford@northwindmaterials.com,TRUE,134263597198281408,All-Employees;Legal-All,Paralegal - Legal
ctr.william.baker,"CN=William Baker,OU=Contractors,DC=northwind,DC=local",William Baker,william.baker@contractor.northwindmaterials.com,TRUE,134317589714868240,Contractors-All;All-Employees,Contractor - Staffing Partner A - vendor engagement
mary.bruce,"CN=Mary Bruce,OU=Engineering,DC=northwind,DC=local",Mary Bruce,mary.bruce@northwindmaterials.com,TRUE,134323249999724832,All-Employees;Engineering-All,Software Engineer - Engineering
christina.williams,"CN=Christina Williams,OU=SupplyChain,DC=northwind,DC=local",Christina Williams,christina.williams@northwindmaterials.com,TRUE,134275442309027360,All-Employees;Supply-Chain-All,Procurement Specialist - Supply Chain
james.perez,"CN=James Perez,OU=Finance,DC=northwind,DC=local",James Perez,james.perez@northwindmaterials.com,TRUE,134309104345728512,All-Employees;Finance-All,Accountant - Finance
brianna.chang,"CN=Brianna Chang,OU=QualityAssurance,DC=northwind,DC=local",Brianna Chang,brianna.chang@northwindmaterials.com,FALSE,134280353395732352,All-Employees;Quality-Assurance-All,Quality Inspector - Quality Assurance
martin.young,"CN=Martin Young,OU=Engineering,DC=northwind,DC=local",Martin Young,martin.young@northwindmaterials.com,TRUE,134321560876277776,All-Employees;Engineering-All,Senior Software Engineer - Engineering
angela.higgins,"CN=Angela Higgins,OU=Manufacturing,DC=northwind,DC=local",Angela Higgins,angela.higgins@northwindmaterials.com,TRUE,134295249500246128,All-Employees;Manufacturing-All,"Manager, Manufacturing - Manufacturing"
susan.ellis,"CN=Susan Ellis,OU=QualityAssurance,DC=northwind,DC=local",Susan Ellis,susan.ellis@northwindmaterials.com,FALSE,134309903501093392,All-Employees;Quality-Assurance-All,QA Analyst - Quality Assurance
melinda.wong,"CN=Melinda Wong,OU=Engineering,DC=northwind,DC=local",Melinda Wong,melinda.wong@northwindmaterials.com,TRUE,134311258080651104,All-Employees;Engineering-All,DevOps Engineer - Engineering
tamara.phillips,"CN=Tamara Phillips,OU=QualityAssurance,DC=northwind,DC=local",Tamara Phillips,tamara.phillips@northwindmaterials.com,TRUE,134324008261304192,All-Employees;Quality-Assurance-All,QA Analyst - Quality Assurance
jenna.moore,"CN=Jenna Moore,OU=InformationTechnology,DC=northwind,DC=local",Jenna Moore,jenna.moore@northwindmaterials.com,TRUE,134259480439666448,All-Employees;Information-Technology-All,Systems Administrator - Information Technology
julie.phillips,"CN=Julie Phillips,OU=QualityAssurance,DC=northwind,DC=local",Julie Phillips,julie.phillips@northwindmaterials.com,TRUE,134304376832530640,All-Employees;Quality-Assurance-All,QA Analyst - Quality Assurance
tina.simpson,"CN=Tina Simpson,OU=QualityAssurance,DC=northwind,DC=local",Tina Simpson,tina.simpson@northwindmaterials.com,TRUE,134316564504845120,All-Employees;Quality-Assurance-All,QA Analyst - Quality Assurance
karen.stokes,"CN=Karen Stokes,OU=Engineering,DC=northwind,DC=local",Karen Stokes,karen.stokes@northwindmaterials.com,TRUE,134304845159117312,All-Employees;Engineering-All,QA Engineer - Engineering
devin.clark,"CN=Devin Clark,OU=InformationTechnology,DC=northwind,DC=local",Devin Clark,devin.clark@northwindmaterials.com,TRUE,134265164075541120,All-Employees;Information-Technology-All,IT Support Specialist - Information Technology
edward.vaughn,"CN=Edward Vaughn,OU=InformationTechnology,DC=northwind,DC=local",Edward Vaughn,edward.vaughn@northwindmaterials.com,TRUE,134310388569735312,All-Employees;Information-Technology-All,Systems Administrator - Information Technology
erin.johnson,"CN=Erin Johnson,OU=Legal,DC=northwind,DC=local",Erin Johnson,erin.johnson@northwindmaterials.com,TRUE,134277026699803440,All-Employees;Legal-All,Paralegal - Legal
curtis.parrish,"CN=Curtis Parrish,OU=CustomerSuccess,DC=northwind,DC=local",Curtis Parrish,curtis.parrish@northwindmaterials.com,TRUE,134303534215410512,All-Employees;Customer-Success-All,Support Specialist - Customer Success
timothy.young,"CN=Timothy Young,OU=SupplyChain,DC=northwind,DC=local",Timothy Young,timothy.young@northwindmaterials.com,TRUE,134321733086147024,All-Employees;Supply-Chain-All,Supply Chain Analyst - Supply Chain
lisa.cortez,"CN=Lisa Cortez,OU=Engineering,DC=northwind,DC=local",Lisa Cortez,lisa.cortez@northwindmaterials.com,TRUE,134287415728860672,All-Employees;Engineering-All,QA Engineer - Engineering
jessica.nunez,"CN=Jessica Nunez,OU=InformationTechnology,DC=northwind,DC=local",Jessica Nunez,jessica.nunez@northwindmaterials.com,TRUE,134290182697652144,All-Employees;Information-Technology-All,"Manager, Information Technology - Information Technology"
robert.clark,"CN=Robert Clark,OU=QualityAssurance,DC=northwind,DC=local",Robert Clark,robertc@northwindmaterials.com,FALSE,134263676504542880,All-Employees;Quality-Assurance-All,Quality Inspector - Quality Assurance
luis.evans,"CN=Luis Evans,OU=CustomerSuccess,DC=northwind,DC=local",Luis Evans,luis.evans@northwindmaterials.com,TRUE,134302749827152704,All-Employees;Customer-Success-All,Support Specialist - Customer Success
debbie.fisher,"CN=Debbie Fisher,OU=Engineering,DC=northwind,DC=local",Debbie Fisher,debbie.fisher@northwindmaterials.com,TRUE,134271586230352256,All-Employees;Engineering-All,DevOps Engineer - Engineering
mason.krueger,"CN=Mason Krueger,OU=CustomerSuccess,DC=northwind,DC=local",Mason Krueger,mason.krueger@northwindmaterials.com,TRUE,134278610092278640,All-Employees;Customer-Success-All,Support Specialist - Customer Success
melissa.smith,"CN=Melissa Smith,OU=InformationTechnology,DC=northwind,DC=local",Melissa Smith,melissa.smith@northwindmaterials.com,TRUE,134265885273543072,All-Employees;Information-Technology-All,Systems Administrator - Information Technology
william.walker,"CN=William Walker,OU=Finance,DC=northwind,DC=local",William Walker,william.walker@northwindmaterials.com,TRUE,134287650709482288,All-Employees;Finance-All,Financial Analyst - Finance
ctr.victoria.allen,"CN=Victoria Allen,OU=Contractors,DC=northwind,DC=local",Victoria Allen,victoria.allen@contractor.northwindmaterials.com,TRUE,134325206607521312,Contractors-All;All-Employees,Contractor - Staffing Partner A - vendor engagement
tanner.anderson,"CN=Tanner Anderson,OU=SupplyChain,DC=northwind,DC=local",Tanner Anderson,tanner.anderson@northwindmaterials.com,TRUE,134261366067570224,All-Employees;Supply-Chain-All,Supply Chain Analyst - Supply Chain
shelley.reynolds,"CN=Shelley Reynolds,OU=HumanResources,DC=northwind,DC=local",Shelley Reynolds,shelley.reynolds@northwindmaterials.com,TRUE,134275715450329936,All-Employees;Human-Resources-All,Recruiter - Human Resources
michael.castro,"CN=Michael Castro,OU=QualityAssurance,DC=northwind,DC=local",Michael Castro,michael.castro@northwindmaterials.com,TRUE,134264114947887408,All-Employees;Quality-Assurance-All,Quality Inspector - Quality Assurance
rick.daniels,"CN=Rick Daniels,OU=QualityAssurance,DC=northwind,DC=local",Rick Daniels,rick.daniels@northwindmaterials.com,TRUE,134300300480049520,All-Employees;Quality-Assurance-All,QA Analyst - Quality Assurance
glenn.jones,"CN=Glenn Jones,OU=CustomerSuccess,DC=northwind,DC=local",Glenn Jones,glenn.jones@northwindmaterials.com,TRUE,134311417306844464,All-Employees;Customer-Success-All,Customer Success Associate - Customer Success
patricia.salazar,"CN=Patricia Salazar,OU=QualityAssurance,DC=northwind,DC=local",Patricia Salazar,patricia.salazar@northwindmaterials.com,TRUE,134315496400455616,All-Employees;Quality-Assurance-All,Quality Inspector - Quality Assurance
richard.herrera,"CN=Richard Herrera,OU=Legal,DC=northwind,DC=local",Richard Herrera,richard.herrera@northwindmaterials.com,TRUE,134278630957351664,All-Employees;Legal-All,Compliance Analyst - Legal
nathan.smith,"CN=Nathan Smith,OU=Legal,DC=northwind,DC=local",Nathan Smith,nathan.smith@northwindmaterials.com,TRUE,134282378883623136,All-Employees;Legal-All,Paralegal - Legal
emily.nelson,"CN=Emily Nelson,OU=Finance,DC=northwind,DC=local",Emily Nelson,emily.nelson@northwindmaterials.com,TRUE,134284057246944816,All-Employees;Finance-All,Financial Analyst - Finance
deborah.byrd,"CN=Deborah Byrd,OU=Finance,DC=northwind,DC=local",Deborah Byrd,deborah.byrd@northwindmaterials.com,TRUE,134317310101601088,All-Employees;Finance-All,AP Specialist - Finance
alec.collier,"CN=Alec Collier,OU=Finance,DC=northwind,DC=local",Alec Collier,alec.collier@northwindmaterials.com,TRUE,134258688202340512,All-Employees;Finance-All,AP Specialist - Finance
kimberly.moreno,"CN=Kimberly Moreno,OU=Legal,DC=northwind,DC=local",Kimberly Moreno,kimberly.moreno@northwindmaterials.com,TRUE,134254344179977056,All-Employees;Legal-All,"Manager, Legal - Legal"
desiree.garrison,"CN=Desiree Garrison,OU=SupplyChain,DC=northwind,DC=local",Desiree Garrison,desiree.garrison@northwindmaterials.com,TRUE,134275565781761376,All-Employees;Supply-Chain-All,Procurement Specialist - Supply Chain
sonya.barnes,"CN=Sonya Barnes,OU=SupplyChain,DC=northwind,DC=local",Sonya Barnes,sonya.barnes@northwindmaterials.com,TRUE,134323573124910752,All-Employees;Supply-Chain-All,Supply Chain Analyst - Supply Chain
diane.kelly,"CN=Diane Kelly,OU=Finance,DC=northwind,DC=local",Diane Kelly,diane.kelly@northwindmaterials.com,FALSE,134308757327761328,All-Employees;Finance-All,Financial Analyst - Finance
thomas.bryant,"CN=Thomas Bryant,OU=CustomerSuccess,DC=northwind,DC=local",Thomas Bryant,thomas.bryant@northwindmaterials.com,TRUE,134302253992595840,All-Employees;Customer-Success-All,Support Specialist - Customer Success
lisa.hughes,"CN=Lisa Hughes,OU=Engineering,DC=northwind,DC=local",Lisa Hughes,lisa.hughes@northwindmaterials.com,TRUE,134298321400797184,All-Employees;Engineering-All,DevOps Engineer - Engineering
stacy.rodriguez,"CN=Stacy Rodriguez,OU=QualityAssurance,DC=northwind,DC=local",Stacy Rodriguez,stacy.rodriguez@northwindmaterials.com,TRUE,134265473400176720,All-Employees;Quality-Assurance-All,Quality Inspector - Quality Assurance
morgan.spencer,"CN=Morgan Spencer,OU=CustomerSuccess,DC=northwind,DC=local",Morgan Spencer,morgan.spencer@northwindmaterials.com,FALSE,134284201719408448,All-Employees;Customer-Success-All,Customer Success Associate - Customer Success
john.williams,"CN=John Williams,OU=CustomerSuccess,DC=northwind,DC=local",John Williams,john.williams@northwindmaterials.com,TRUE,134299353107836720,All-Employees;Customer-Success-All,Customer Success Associate - Customer Success
daniel.porter,"CN=Daniel Porter,OU=Manufacturing,DC=northwind,DC=local",Daniel Porter,daniel.porter@northwindmaterials.com,TRUE,134294798958079760,All-Employees;Manufacturing-All;Plant-Ops-Leads,Plant Technician - Manufacturing
christopher.cole,"CN=Christopher Cole,OU=InformationTechnology,DC=northwind,DC=local",Christopher Cole,christopher.cole@northwindmaterials.com,TRUE,134302221401837440,All-Employees;Information-Technology-All,Network Engineer - Information Technology
patrick.gilbert,"CN=Patrick Gilbert,OU=CustomerSuccess,DC=northwind,DC=local",Patrick Gilbert,patrick.gilbert@northwindmaterials.com,TRUE,134308204763724912,All-Employees;Customer-Success-All,Support Specialist - Customer Success
evan.lewis,"CN=Evan Lewis,OU=Finance,DC=northwind,DC=local",Evan Lewis,evan.lewis@northwindmaterials.com,TRUE,134311279795962608,All-Employees;Finance-All,Financial Analyst - Finance
michael.kim,"CN=Michael Kim,OU=SupplyChain,DC=northwind,DC=local",Michael Kim,michael.kim@northwindmaterials.com,TRUE,134291444881845328,All-Employees;Supply-Chain-All,Supply Chain Analyst - Supply Chain
bruce.fry,"CN=Bruce Fry,OU=SupplyChain,DC=northwind,DC=local",Bruce Fry,bruce.fry@northwindmaterials.com,TRUE,134308540645901760,All-Employees;Supply-Chain-All,Supply Chain Analyst - Supply Chain
lynn.williams,"CN=Lynn Williams,OU=Engineering,DC=northwind,DC=local",Lynn Williams,lynn.williams@northwindmaterials.com,TRUE,134258095962629488,All-Employees;Engineering-All,QA Engineer - Engineering
jamie.clark,"CN=Jamie Clark,OU=Manufacturing,DC=northwind,DC=local",Jamie Clark,jamie.clark@northwindmaterials.com,TRUE,134259076002778320,All-Employees;Manufacturing-All,Production Associate - Manufacturing
colleen.young,"CN=Colleen Young,OU=SupplyChain,DC=northwind,DC=local",Colleen Young,colleen.young@northwindmaterials.com,TRUE,134285085727210688,All-Employees;Supply-Chain-All,Procurement Specialist - Supply Chain
hailey.johnson,"CN=Hailey Johnson,OU=QualityAssurance,DC=northwind,DC=local",Hailey Johnson,hailey.johnson@northwindmaterials.com,TRUE,134320335632205456,All-Employees;Quality-Assurance-All,QA Analyst - Quality Assurance
brian.ford,"CN=Brian Ford,OU=Finance,DC=northwind,DC=local",Brian Ford,brian.ford@northwindmaterials.com,TRUE,134288580457645360,All-Employees;Finance-All,Financial Analyst - Finance
joseph.young,"CN=Joseph Young,OU=Finance,DC=northwind,DC=local",Joseph Young,joseph.young@northwindmaterials.com,TRUE,134278445782099152,All-Employees;Finance-All,Accountant - Finance
james.clay,"CN=James Clay,OU=HumanResources,DC=northwind,DC=local",James Clay,james.clay@northwindmaterials.com,TRUE,134308630830352496,All-Employees;Human-Resources-All,Recruiter - Human Resources
meghan.brown,"CN=Meghan Brown,OU=Legal,DC=northwind,DC=local",Meghan Brown,meghan.brown@northwindmaterials.com,TRUE,134289285538288608,All-Employees;Legal-All,Paralegal - Legal
richard.brown,"CN=Richard Brown,OU=Legal,DC=northwind,DC=local",Richard Brown,richard.brown@northwindmaterials.com,TRUE,134303743342283008,All-Employees;Legal-All,"Manager, Legal - Legal"
eric.yu,"CN=Eric Yu,OU=Manufacturing,DC=northwind,DC=local",Eric Yu,eric.yu@northwindmaterials.com,TRUE,134251522750958096,All-Employees;Manufacturing-All;Plant-Ops-Leads,"Manager, Manufacturing - Manufacturing"
tammy.hale,"CN=Tammy Hale,OU=QualityAssurance,DC=northwind,DC=local",Tammy Hale,tammy.hale@northwindmaterials.com,TRUE,134263834853269904,All-Employees;Quality-Assurance-All,Quality Inspector - Quality Assurance
stephanie.smith,"CN=Stephanie Smith,OU=Legal,DC=northwind,DC=local",Stephanie Smith,stephanie.smith@northwindmaterials.com,TRUE,134263499944387664,All-Employees;Legal-All,Compliance Analyst - Legal
peter.harrison,"CN=Peter Harrison,OU=InformationTechnology,DC=northwind,DC=local",Peter Harrison,peter.harrison@northwindmaterials.com,TRUE,134264153215612336,All-Employees;Information-Technology-All,IT Support Specialist - Information Technology
willie.bennett,"CN=Willie Bennett,OU=SupplyChain,DC=northwind,DC=local",Willie Bennett,willie.bennett@northwindmaterials.com,TRUE,134255880211428688,All-Employees;Supply-Chain-All,Procurement Specialist - Supply Chain
edward.prince,"CN=Edward Prince,OU=InformationTechnology,DC=northwind,DC=local",Edward Prince,edward.prince@northwindmaterials.com,TRUE,134261360353376224,All-Employees;Information-Technology-All,Network Engineer - Information Technology
denise.webster,"CN=Denise Webster,OU=Finance,DC=northwind,DC=local",Denise Webster,denise.webster@northwindmaterials.com,TRUE,134257893689201552,All-Employees;Finance-All,Accountant - Finance
elizabeth.andrade,"CN=Elizabeth Andrade,OU=SupplyChain,DC=northwind,DC=local",Elizabeth Andrade,elizabeth.andrade@northwindmaterials.com,TRUE,134257297791714560,All-Employees;Supply-Chain-All,Procurement Specialist - Supply Chain
shannon.preston1,"CN=Shannon Preston,OU=Users,DC=northwind,DC=local",Shannon Preston,shannon.preston1@northwindmaterials.com,FALSE,134147227237518640,All-Employees,
