employee_id,full_name,work_email,title,department,manager_employee_id,location,hire_date,termination_date,employment_type,status
E00001  ,Danielle Johnson,danielle.johnson@northwindmaterials.com,Chief Executive Officer,Executive,,"Detroit, MI, USA",09/04/2014,,Full-Time,Active
2,Joshua Walker,joshua.walker@northwindmaterials.com,VP of Manufacturing,Manufacturing,E00001,"Chennai, India",2017-06-18,,Full-Time,Active
E00003  ,Jill Rhodes,jill.rhodes@northwindmaterials.com,VP of Engineering,Engineering,E00001,"Detroit, MI, USA",08/31/2015,,Full-Time,Active
E0004,Patricia Miller,patricia.miller@northwindmaterials.com,VP of Sales,Sales,E00001,"Detroit, MI, USA",42213,,Full-Time,Active
5,Robert Johnson,robert.johnson@northwindmaterials.com,VP of Finance,Finance,E00001,"Chennai, India",06/07/2018,,Full-Time,Active
E00006,Jeffery Wagner,jeffery.wagner@northwindmaterials.com,VP of Information Technology,Information Technology,E00001,"Houston, TX, USA",41974,,Full-Time,Active
E7,Anthony Gonzalez,anthony.gonzalez@northwindmaterials.com,VP of Human Resources,Human Resources,E00001,"Cleveland, OH, USA",12/23/2014,2024-11-29,Full-Time,Active
E00008,Debra Gardner,debra.gardner@northwindmaterials.com,VP of Legal,Legal,E00001,"Cleveland, OH, USA",2018-04-16,,Full-Time,Active
9,Jeffrey Lawrence,jeffrey.lawrence@northwindmaterials.com,VP of Operations,Operations,E00001,"Cleveland, OH, USA",42631,,Full-Time,Active
E00010,Lisa Smith,lisa.smith@northwindmaterials.com,VP of Quality Assurance,Quality Assurance,E00001,"Chennai, India",42469,,Full-Time,Active
E11,Linda Wolfe,linda.wolfe@northwindmaterials.com,VP of Supply Chain,Supply Chain,E00001,"Detroit, MI, USA",42315,,Full-Time,Active
E12,Matthew Moore,matthew.moore@northwindmaterials.com,VP of Customer Success,Customer Success,E00001,"Chennai, India",2017-02-10,,Full-Time,Active
13,Susan Rogers,susan.rogers@northwindmaterials.com,Director of Quality Assurance,Quality Assurance,E00010,"Detroit, MI, USA",42915,,Full-Time,Active
E14,Christopher Davis,christopher.davis@northwindmaterials.com,Director of Supply Chain,Supply Chain,E00011,"Atlanta, GA, USA",43255,,Full-Time,Active
15,Melanie Munoz,melanie.munoz@northwindmaterials.com,Director of Manufacturing,Manufacturing,E00002,"Detroit, MI, USA",43742,,Full-Time,Active
E00016  ,Lindsay Blair,lindsay.blair@northwindmaterials.com,Director of Engineering,Engineering,E00003,"Cleveland, OH, USA",42063,,Full-Time,Active
E17,Amanda Dudley,amanda.dudley@northwindmaterials.com,Director of Finance,Finance,E00005,"Pune, India",11/05/2015,,Full-Time,Active
E18,Nicholas Arnold,nicholas.arnold@northwindmaterials.com,Director of Supply Chain,Supply Chain,E00011,"Detroit, MI, USA",04/06/2015,2024-12-12,Full-Time,Active
E00019,Maria Montgomery,maria.montgomery@northwindmaterials.com,Director of Quality Assurance,Quality Assurance,E01631,"Cleveland, OH, USA",08/24/2016,,Full-Time,Active
E0020,Michelle Ray,michelle.ray@northwindmaterials.com,Director of Customer Success,Customer Success,E00012,"Chennai, India",42533,,Full-Time,Active
E21,Janet Williams,janet.williams@northwindmaterials.com,Director of Quality Assurance,Quality Assurance,E00010,"Atlanta, GA, USA",2015-01-01,,Full-Time,Active
22,Jeremy Roberts,jeremy.roberts@northwindmaterials.com,Director of Finance,Finance,E00142,"Atlanta, GA, USA",2020-02-11,,Full-Time,Active
E00023  ,Christopher Hall,christopher.hall@northwindmaterials.com,Director of Supply Chain,Supply Chain,,"Houston, TX, USA",2020-06-13,,Full-Time,Active
E00024  ,Craig Ramirez,craig.ramirez@northwindmaterials.com,Director of Manufacturing,Manufacturing,E00002,"Cleveland, OH, USA",12/23/2015,,Full-Time,Active
E0025,Cynthia Diaz,cynthia.diaz@northwindmaterials.com,Director of Legal,Legal,E00008,"Houston, TX, USA",06/21/2015,2025-09-20,Full-Time,Active
E0026,Mitchell Clark,mitchell.clark@northwindmaterials.com,Director of Information Technology,Information Technology,E00006,"Cleveland, OH, USA",04/24/2017,,Full-Time,Active
27,Joseph Zuniga,joseph.zuniga@northwindmaterials.com,Director of Finance,Finance,E00005,"Houston, TX, USA",08/30/2019,2025-05-24,Full-Time,Terminated
E28,Deborah Lynch,deborah.lynch@northwindmaterials.com,Director of Engineering,Engineering,E00003,"Detroit, MI, USA",2018-05-01,,Full-Time,Active
29,George Daniel,george.daniel@northwindmaterials.com,Director of Legal,Legal,E00008,"Detroit, MI, USA",2019-05-17,,Full-Time,Active
E0030,Frank Gray,frank.gray@northwindmaterials.com,Director of Human Resources,Human Resources,E00007,"Houston, TX, USA",11/26/2016,,Full-Time,Active
E31,Veronica Bowman,veronica.bowman@northwindmaterials.com,Director of Supply Chain,Supply Chain,E00011,"Houston, TX, USA",04/30/2018,,Full-Time,Active
E0032,Angela Cohen,angela.cohen@northwindmaterials.com,Director of Manufacturing,Manufacturing,E00002,"Chennai, India",2017-04-03,,Full-Time,Active
E33,Megan Parsons,megan.parsons@northwindmaterials.com,Director of Operations,Operations,E00009,"Pune, India",42337,,Full-Time,Active
34,Jeremy Johnson,jeremy.johnson@northwindmaterials.com,Director of Engineering,Engineering,E00003,"Atlanta, GA, USA",43221,,Full-Time,Active
E00035,Leslie Adams,leslie.adams@northwindmaterials.com,Director of Engineering,Engineering,E00003,"Pune, India",2017-03-24,,Full-Time,Active
E00036  ,Jason Hahn,jason.hahn@northwindmaterials.com,Director of Information Technology,Information Technology,E00006,"Chennai, India",10/10/2015,,Full-Time,Active
E00037  ,Nancy Edwards,nancy.edwards@northwindmaterials.com,Director of Supply Chain,Supply Chain,E00011,"Houston, TX, USA",05/02/2017,,Full-Time,Active
E00038  ,Diana Foster,diana.foster@northwindmaterials.com,Director of Supply Chain,Supply Chain,E00011,"Cleveland, OH, USA",04/20/2019,,Full-Time,Active
E00039  ,Robin Ellis,robin.ellis@northwindmaterials.com,Director of Engineering,Engineering,E00003,"Detroit, MI, USA",2016-12-01,,Full-Time,Active
E0040,Joseph Wright,joseph.wright@northwindmaterials.com,Director of Customer Success,Customer Success,E00012,"Cleveland, OH, USA",2018-11-20,,Full-Time,Active
41,Anna Baker,anna.baker@northwindmaterials.com,Director of Information Technology,Information Technology,E00006,"Detroit, MI, USA",02/23/2017,,Full-Time,Active
E42,Brenda Hurst,brenda.hurst@northwindmaterials.com,Director of Finance,Finance,E00005,"Detroit, MI, USA",07/02/2015,,Full-Time,Active
E00043  ,Reginald Robinson,reginald.robinson@northwindmaterials.com,"Manager, Legal",Legal,E00025,"Houston, TX, USA",43815,,Full-Time,Active
E00044  ,Whitney Hicks,whitney.hicks@northwindmaterials.com,"Manager, Finance",Finance,E00027,"Chennai, India",03/27/2021,,Full-Time,Active
E00045,Christopher Williams,christopher.williams@northwindmaterials.com,"Manager, Engineering",Engineering,E00039,"Houston, TX, USA",43870,,Full-Time,Active
E46,Daniel Burton,daniel.burton@northwindmaterials.com,"Manager, Supply Chain",Supply Chain,E01054,"Houston, TX, USA",04/14/2015,,Full-Time,Active
E0047,Laura Henderson,laura.henderson@northwindmaterials.com,"Manager, Manufacturing",Manufacturing,E00510,"Cleveland, OH, USA",43671,,Full-Time,Active
E00048  ,Bryan James,bryan.james@northwindmaterials.com,"Manager, Engineering",Engineering,E00034,"Houston, TX, USA",42479,,Full-Time,Active
E49,Wendy Rice,wendy.rice@northwindmaterials.com,"Manager, Engineering",Engineering,,"Chennai, India",42771,,Full-Time,Active
E50,Tasha Valencia,tasha.valencia@northwindmaterials.com,"Manager, Operations",Operations,E00033,"Detroit, MI, USA",2021-07-05,,Full-Time,Active
E00051,Alexander Le,alexander.le@northwindmaterials.com,"Manager, Manufacturing",Manufacturing,E00032,"Chennai, India",43749,2026-01-01,Full-Time,Terminated
52,Erin Herrera,erin.herrera@northwindmaterials.com,"Manager, Supply Chain",Supply Chain,E00018,"Pune, India",2016-09-02,,Full-Time,Active
53,Joseph Davidson,joseph.davidson@northwindmaterials.com,"Manager, Information Technology",Information Technology,E00036,"Cleveland, OH, USA",43472,2025-09-30,Full-Time,Active
E54,Daniel Graham,daniel.graham@northwindmaterials.com,"Manager, Supply Chain",Supply Chain,E00018,"Atlanta, GA, USA",43415,,Full-Time,Active
E00055  ,Shawn Mckay,shawn.mckay@northwindmaterials.com,"Manager, Legal",Legal,E00025,"Houston, TX, USA",03/15/2016,2024-12-22,Full-Time,Active
E00056,Nancy Baker,nancy.baker@northwindmaterials.com,"Manager, Finance",Finance,E00042,"Chennai, India",2019-10-22,,Full-Time,Active
E00057,Vincent White,vincent.white@northwindmaterials.com,"Manager, Engineering",Engineering,E00035,"Pune, India",11/07/2016,,Full-Time,Active
E00058,Rita Harrell,rita.harrell@northwindmaterials.com,"Manager, Customer Success",Customer Success,E00020,"Chennai, India",44474,,Full-Time,Active
59,Kenneth Fowler,kenneth.fowler@northwindmaterials.com,"Manager, Supply Chain",Supply Chain,E00023,"Detroit, MI, USA",09/11/2018,,Full-Time,Active
E00060,Chelsea Hernandez,chelsea.hernandez@northwindmaterials.com,"Manager, Customer Success",Customer Success,E00020,"Detroit, MI, USA",42990,,Full-Time,Active
E61,Kathryn Ryan,kathryn.ryan@northwindmaterials.com,"Manager, Supply Chain",Supply Chain,E00038,"Houston, TX, USA",12/10/2016,,Full-Time,Active
E0062,Kimberly Moreno,kimberly.moreno@northwindmaterials.com,"Manager, Legal",Legal,E00025,"Houston, TX, USA",06/10/2018,,Full-Time,Active
E00063,Aaron Nguyen,aaron.nguyen@northwindmaterials.com,"Manager, Manufacturing",Manufacturing,E00015,"Cleveland, OH, USA",02/07/2016,,Full-Time,Active
E0064,Andrew Hickman,andrew.hickman@northwindmaterials.com,"Manager, Finance",Finance,E00042,"Pune, India",42017,,Full-Time,Active
E0065,Natasha Decker,natasha.decker@northwindmaterials.com,"Manager, Information Technology",Information Technology,E00041,"Chennai, India",2022-06-09,,Full-Time,Active
E66,Kyle Brown,kyle.brown@northwindmaterials.com,"Manager, Supply Chain",Supply Chain,E00953,"Cleveland, OH, USA",2021-01-19,,Full-Time,Active
E67,Natalie Arroyo,natalie.arroyo@northwindmaterials.com,"Manager, Operations",Operations,E01837,"Atlanta, GA, USA",42130,,Full-Time,Active
E0068,Christopher Tucker,christopher.tucker@northwindmaterials.com,"Manager, Legal",Legal,E00025,"Chennai, India",2017-10-27,,Full-Time,Active
69,Chad Hodges,chad.hodges@northwindmaterials.com,"Manager, Finance",Finance,E01629,"Cleveland, OH, USA",42445,,Full-Time,Active
E00070,Katie Anderson,katie.anderson@northwindmaterials.com,"Manager, Quality Assurance",Quality Assurance,E00021,"Cleveland, OH, USA",2015-12-03,,Full-Time,Active
E00071,Thomas Pierce,thomas.pierce@northwindmaterials.com,"Manager, Customer Success",Customer Success,E00020,"Chennai, India",43792,,Full-Time,Active
E00072  ,Joseph Brennan,joseph.brennan@northwindmaterials.com,"Manager, Human Resources",Human Resources,E00030,"Pune, India",43764,,Full-Time,Active
E73,Rodney Lewis,rodney.lewis@northwindmaterials.com,"Manager, Quality Assurance",Quality Assurance,E00021,"Chennai, India",05/14/2019,,Full-Time,Active
E00074,Amber Blair,amber.blair@northwindmaterials.com,"Manager, Supply Chain",Supply Chain,E00031,"Atlanta, GA, USA",42587,,Full-Time,Active
E00075  ,James Collins,james.collins@northwindmaterials.com,"Manager, Information Technology",Information Technology,E00041,"Pune, India",43293,,Full-Time,Active
E0076,Wanda Santos,wanda.santos@northwindmaterials.com,"Manager, Legal",Legal,E00025,"Houston, TX, USA",02/20/2017,,Full-Time,Active
E0077,Samuel Holmes,samuel.holmes@northwindmaterials.com,"Manager, Customer Success",Customer Success,E00020,"Cleveland, OH, USA",43094,,Full-Time,Active
E78,David Walker,david.walker@northwindmaterials.com,"Manager, Legal",Legal,E00029,"Atlanta, GA, USA",44358,,Full-Time,Active
E0079,Matthew Chapman,matthew.chapman@northwindmaterials.com,"Manager, Manufacturing",Manufacturing,E00015,"Detroit, MI, USA",42528,,Full-Time,Active
E00080,Jerry Robinson,jerry.robinson@northwindmaterials.com,"Manager, Customer Success",Customer Success,E00040,"Detroit, MI, USA",44499,,Full-Time,Active
E00081  ,Chad Welch,chad.welch@northwindmaterials.com,"Manager, Finance",Finance,E00017,"Chennai, India",44390,,Full-Time,Active
82,Jeremy Whitehead,jeremy.whitehead@northwindmaterials.com,"Manager, Supply Chain",Supply Chain,,"Chennai, India",2016-07-31,2025-10-29,Full-Time,Active
E00083  ,Michele Jones,michele.jones@northwindmaterials.com,"Manager, Information Technology",Information Technology,E00026,"Pune, India",44253,,Full-Time,Active
E00084  ,John Caldwell,john.caldwell@northwindmaterials.com,"Manager, Manufacturing",Manufacturing,E00015,"Atlanta, GA, USA",2020-11-15,,Full-Time,Active
E00085  ,Jason Anderson,jason.anderson@northwindmaterials.com,"Manager, Legal",Legal,E00025,"Pune, India",04/01/2017,,Full-Time,Active
E86,Selena Duncan,selena.duncan@northwindmaterials.com,"Manager, Finance",Finance,E00027,"Pune, India",42240,,Full-Time,Active
E00087  ,Thomas Mueller,thomas.mueller@northwindmaterials.com,"Manager, Quality Assurance",Quality Assurance,E01411,"Pune, India",2019-04-17,2025-12-06,Full-Time,Active
E88,Lindsey Lee,lindsey.lee@northwindmaterials.com,"Manager, Customer Success",Customer Success,E00040,"Detroit, MI, USA",2020-07-11,,Full-Time,Active
89,Collin Jordan,collin.jordan@northwindmaterials.com,"Manager, Engineering",Engineering,E00034,"Chennai, India",2020-02-28,,Full-Time,Active
E00090  ,Rodney Owens,rodney.owens@northwindmaterials.com,"Manager, Engineering",Engineering,E00016,"Chennai, India",02/06/2017,,Full-Time,Active
E0091,Jessica Nunez,jessica.nunez@northwindmaterials.com,"Manager, Information Technology",Information Technology,E00041,"Pune, India",04/23/2021,,Full-Time,Active
E00092,Tracey Garcia,tracey.garcia@northwindmaterials.com,"Manager, Supply Chain",Supply Chain,E02013,"Houston, TX, USA",12/26/2019,,Full-Time,Active
E93,Richard Morgan,richard.morgan@northwindmaterials.com,"Manager, Supply Chain",Supply Chain,E00037,"Chennai, India",11/12/2019,,Full-Time,Active
E0094,Michelle Wright,michelle.wright@northwindmaterials.com,"Manager, Supply Chain",Supply Chain,E00023,"Detroit, MI, USA",10/21/2017,,Full-Time,Active
E95,James West,james.west@northwindmaterials.com,"Manager, Finance",Finance,E00022,"Atlanta, GA, USA",41945,,Full-Time,Active
E0096,Robert Ramirez,robert.ramirez@northwindmaterials.com,"Manager, Supply Chain",Supply Chain,,"Atlanta, GA, USA",06/23/2019,,Full-Time,Active
97,John Leblanc,john.leblanc@northwindmaterials.com,"Manager, Quality Assurance",Quality Assurance,E00013,"Chennai, India",06/10/2017,,Full-Time,Active
98,Scott Callahan,scott.callahan@northwindmaterials.com,"Manager, Information Technology",Information Technology,E00041,"Chennai, India",06/15/2017,2026-01-03,Full-Time,Active
E99,Andrea Williams,andrea.williams@northwindmaterials.com,"Manager, Quality Assurance",Quality Assurance,E00021,"Pune, India",2018-05-06,,Full-Time,Active
E00100  ,Yvette Huff,yvette.huff@northwindmaterials.com,"Manager, Supply Chain",Supply Chain,E00037,"Cleveland, OH, USA",07/18/2019,,Full-Time,Active
E101,Tanya House,tanya.house@northwindmaterials.com,"Manager, Legal",Legal,E00029,"Detroit, MI, USA",03/04/2021,,Full-Time,Active
E00102  ,Melinda Martin,melinda.martin@northwindmaterials.com,"Manager, Customer Success",Customer Success,E00040,"Chennai, India",2017-03-02,,Full-Time,Active
E00103,Todd Lewis,todd.lewis@northwindmaterials.com,"Manager, Finance",Finance,E00022,"Chennai, India",44309,,Full-Time,Active
E00104,Richard Brown,richard.brown@northwindmaterials.com,"Manager, Legal",Legal,E00029,"Pune, India",2016-05-06,,Full-Time,Active
105,Nicholas Galloway,nicholas.galloway@northwindmaterials.com,"Manager, Quality Assurance",Quality Assurance,E00019,"Cleveland, OH, USA",2021-02-08,,Full-Time,Active
E00106  ,Joseph Bowers,joseph.bowers@northwindmaterials.com,"Manager, Manufacturing",Manufacturing,E00024,"Cleveland, OH, USA",09/24/2014,,Full-Time,Active
107,Spencer Henderson,spencer.henderson@northwindmaterials.com,"Manager, Human Resources",Human Resources,E00030,"Pune, India",05/12/2019,,Full-Time,Active
108,Susan Cowan,susan.cowan@northwindmaterials.com,"Manager, Finance",Finance,E00042,"Detroit, MI, USA",2015-03-04,,Full-Time,Active
E0109,Angela Higgins,angela.higgins@northwindmaterials.com,"Manager, Manufacturing",Manufacturing,E00032,"Houston, TX, USA",02/15/2015,,Full-Time,Active
E110,Eric Phillips,eric.phillips@northwindmaterials.com,"Manager, Engineering",Engineering,E00028,"Detroit, MI, USA",12/14/2019,,Full-Time,Active
111,Tanya Riley,tanya.riley@northwindmaterials.com,"Manager, Engineering",Engineering,E02006,"Houston, TX, USA",2020-04-30,,Full-Time,Active
E0112,Amy Adkins,amy.adkins@northwindmaterials.com,"Manager, Information Technology",Information Technology,E00041,"Houston, TX, USA",01/19/2015,,Full-Time,Active
E00113,Brian Silva,brian.silva@northwindmaterials.com,"Manager, Customer Success",Customer Success,E00020,"Detroit, MI, USA",2019-06-13,,Full-Time,Active
E0114,Wesley Farrell,wesley.farrell@northwindmaterials.com,"Manager, Customer Success",Customer Success,E00020,"Pune, India",44061,,Full-Time,Active
E00115  ,Eric Yu,eric.yu@northwindmaterials.com,"Manager, Manufacturing",Manufacturing,E00015,"Detroit, MI, USA",2019-02-05,,Full-Time,Active
E00116,Christopher Lopez,christopher.lopez@northwindmaterials.com,"Manager, Information Technology",Information Technology,E00036,"Atlanta, GA, USA",2020-01-19,2025-11-20,Full-Time,Terminated
E00117,Brooke Leonard,brooke.leonard@northwindmaterials.com,"Manager, Engineering",Engineering,E00039,"Detroit, MI, USA",2022-06-27,,Full-Time,Active
E118,Joe Wilson,joe.wilson@northwindmaterials.com,"Manager, Supply Chain",Supply Chain,E00037,"Pune, India",42287,,Full-Time,Active
119,Pamela Sanchez,pamela.sanchez@northwindmaterials.com,"Manager, Supply Chain",Supply Chain,E00037,"Cleveland, OH, USA",2019-10-01,,Full-Time,Active
E00120,Brooke Harvey,brooke.harvey@northwindmaterials.com,"Manager, Finance",Finance,E00017,"Chennai, India",03/24/2020,,Full-Time,Active
121,Robert Silva,robert.silva@northwindmaterials.com,"Manager, Engineering",Engineering,E00028,"Pune, India",05/16/2017,,Full-Time,Active
122,Alexandra Donovan,alexandra.donovan@northwindmaterials.com,"Manager, Supply Chain",Supply Chain,E00018,"Houston, TX, USA",08/10/2015,,Full-Time,Active
E123,James Moran,james.moran@northwindmaterials.com,"Manager, Legal",Legal,E00029,"Pune, India",44173,,Full-Time,Active
124,John Foster,john.foster@northwindmaterials.com,"Manager, Information Technology",Information Technology,E00026,"Cleveland, OH, USA",2014-10-24,,Full-Time,Active
E00125,Emily Evans,emily.evans@northwindmaterials.com,"Manager, Finance",Finance,E00042,"Pune, India",44725,,Full-Time,Active
E00126,Leslie Walton,leslie.walton@northwindmaterials.com,"Manager, Supply Chain",Supply Chain,E00037,"Chennai, India",2019-03-27,,Full-Time,Active
E127,Charles Ellis,charles.ellis@northwindmaterials.com,"Manager, Engineering",Engineering,E00035,"Cleveland, OH, USA",02/12/2017,,Full-Time,Active
E00128,Yolanda Ferrell,yolanda.ferrell@northwindmaterials.com,"Manager, Engineering",Engineering,E00035,"Houston, TX, USA",2016-02-29,,Full-Time,Active
129,Charles Lewis,charles.lewis@northwindmaterials.com,"Manager, Legal",Legal,E00025,"Chennai, India",43354,,Full-Time,Active
E130,Joseph Mahoney,joseph.mahoney@northwindmaterials.com,"Manager, Operations",Operations,E00033,"Houston, TX, USA",2017-12-28,,Full-Time,Active
E131,Nicole Suarez,nicole.suarez@northwindmaterials.com,"Manager, Finance",Finance,E00027,"Pune, India",05/10/2017,,Full-Time,Active
E0132,Mike Moore,mike.moore@northwindmaterials.com,"Manager, Finance",Finance,E00027,"Detroit, MI, USA",2021-12-08,,Full-Time,Active
E00133,Martha Warner,martha.warner@northwindmaterials.com,"Manager, Customer Success",Customer Success,E00020,"Cleveland, OH, USA",09/10/2015,,Full-Time,Active
134,Cheryl Archer,cheryl.archer@northwindmaterials.com,"Manager, Manufacturing",Manufacturing,E00015,"Houston, TX, USA",2014-11-08,,Full-Time,Active
E135,Destiny Smith,destiny.smith@northwindmaterials.com,"Manager, Quality Assurance",Quality Assurance,E00013,"Pune, India",43851,,Full-Time,Active
E136,Lisa Evans,lisa.evans@northwindmaterials.com,"Manager, Human Resources",Human Resources,E00030,"Cleveland, OH, USA",03/06/2022,,Full-Time,Active
137,Elizabeth Mcmillan,elizabeth.mcmillan@northwindmaterials.com,"Manager, Supply Chain",Supply Chain,E01563,"Cleveland, OH, USA",2018-02-03,,Full-Time,Active
E00138,Dennis Wilson,dennis.wilson@northwindmaterials.com,"Manager, Quality Assurance",Quality Assurance,E00013,"Detroit, MI, USA",06/27/2016,,Full-Time,Active
E00139  ,Daniel Tran,daniel.tran@northwindmaterials.com,"Manager, Engineering",Engineering,E00035,"Chennai, India",07/24/2022,,Full-Time,Active
E140,Joseph Jacobs,joseph.jacobs@northwindmaterials.com,"Manager, Supply Chain",Supply Chain,E00014,"Cleveland, OH, USA",10/29/2019,,Full-Time,Active
E00141,Jennifer Harris,jennifer.harris@northwindmaterials.com,"Manager, Manufacturing",Manufacturing,,"Detroit, MI, USA",44222,,Full-Time,Active
E00142,Cynthia Baker,cynthia.baker@northwindmaterials.com,"Manager, Customer Success",Customer Success,E00040,"Houston, TX, USA",2021-03-21,2024-12-01,Full-Time,Terminated
E0143,Tracy Whitehead,tracy.whitehead@northwindmaterials.com,"Manager, Manufacturing",Manufacturing,E00015,"Pune, India",2014-12-12,,Full-Time,Active
E0144,Meghan Davis,meghan.davis@northwindmaterials.com,"Manager, Customer Success",Customer Success,E00020,"Houston, TX, USA",2019-10-11,,Full-Time,Active
E145,Rodney Hill,rodney.hill@northwindmaterials.com,"Manager, Engineering",Engineering,E00034,"Atlanta, GA, USA",11/16/2019,,Full-Time,Active
E00146  ,Adam Wise,adam.wise@northwindmaterials.com,"Manager, Quality Assurance",Quality Assurance,E00019,"Pune, India",2016-03-24,,Full-Time,Active
E147,Dana Green,dana.green@northwindmaterials.com,"Manager, Finance",Finance,E00017,"Chennai, India",2022-07-24,,Full-Time,Active
148,Joyce Arnold,joyce.arnold@northwindmaterials.com,"Manager, Finance",Finance,E00042,"Pune, India",03/22/2019,,Full-Time,Active
E00149  ,Ronald Smith,ronald.smith@northwindmaterials.com,"Manager, Supply Chain",Supply Chain,E00031,"Atlanta, GA, USA",42643,,Full-Time,Active
E0150,Charles Ware,charles.ware@northwindmaterials.com,"Manager, Customer Success",Customer Success,E00020,"Atlanta, GA, USA",10/30/2018,,Full-Time,Active
E00972,Rebecca Gardner,rebecca.gardner@northwindmaterials.com,"Manager, Supply Chain",Supply Chain,E00038,"Atlanta, GA, USA",09/14/2021,,Full-Time,Active
152,Mary Aguilar,mary.aguilar@northwindmaterials.com,"Manager, Quality Assurance",Quality Assurance,E00019,"Detroit, MI, USA",11/18/2019,,Full-Time,Active
E0153,Earl Anderson,earl.anderson@northwindmaterials.com,"Manager, Engineering",Engineering,E00016,"Chennai, India",07/27/2022,,Full-Time,Active
E154,Kyle Nolan,kyle.nolan@northwindmaterials.com,"Manager, Information Technology",Information Technology,E00026,"Houston, TX, USA",44480,,Full-Time,Active
E155,Laura Valencia,laura.valencia@northwindmaterials.com,"Manager, Information Technology",Information Technology,E00026,"Atlanta, GA, USA",41891,,Full-Time,Active
E00156  ,Rachel Clark,rachel.clark@northwindmaterials.com,"Manager, Finance",Finance,E00027,"Chennai, India",2021-09-16,2024-11-21,Full-Time,Active
E157,John Garcia,john.garcia@northwindmaterials.com,"Manager, Supply Chain",Supply Chain,E00014,"Chennai, India",06/20/2015,,Full-Time,Active
E0158,Kimberly Henson,kimberly.henson@northwindmaterials.com,"Manager, Operations",Operations,E00033,"Chennai, India",12/28/2018,,Full-Time,Active
E159,Richard Oliver,richard.oliver@northwindmaterials.com,"Manager, Engineering",Engineering,E01579,"Detroit, MI, USA",44715,,Full-Time,Active
E00160,Eric Spears,eric.spears@northwindmaterials.com,"Manager, Legal",Legal,E00025,"Chennai, India",2018-05-29,2025-07-06,Full-Time,Active
E00161,Michelle Cherry,michelle.cherry@northwindmaterials.com,"Manager, Supply Chain",Supply Chain,E00023,"Detroit, MI, USA",44060,,Full-Time,Active
E0162,Lisa Keith,lisa.keith@northwindmaterials.com,"Manager, Customer Success",Customer Success,E00020,"Cleveland, OH, USA",42019,,Full-Time,Active
E00163  ,Angel Doyle,angel.doyle@northwindmaterials.com,"Manager, Quality Assurance",Quality Assurance,E00019,"Pune, India",43100,2025-08-17,Full-Time,Terminated
E164,Martin Galvan,martin.galvan@northwindmaterials.com,"Manager, Finance",Finance,E00027,"Cleveland, OH, USA",2019-06-14,,Full-Time,Active
E00165  ,Leah Shields,leah.shields@northwindmaterials.com,"Manager, Information Technology",Information Technology,E00026,"Cleveland, OH, USA",42991,,Full-Time,Active
E166,Lisa Adams,lisa.adams@northwindmaterials.com,"Manager, Quality Assurance",Quality Assurance,E00021,"Atlanta, GA, USA",2022-07-03,,Full-Time,Active
E0167,Kristin Rodriguez,kristin.rodriguez@northwindmaterials.com,"Manager, Customer Success",Customer Success,E00789,"Detroit, MI, USA",2021-07-17,,Full-Time,Active
E00168,Monica Garrison,monica.garrison@northwindmaterials.com,"Manager, Finance",Finance,E00027,"Pune, India",2020-10-03,,Full-Time,Active
169,Jeffrey Velasquez,jeffrey.velasquez@northwindmaterials.com,"Manager, Engineering",Engineering,E00016,"Detroit, MI, USA",2021-02-15,,Full-Time,Active
E170,Steven Torres,steven.torres@northwindmaterials.com,"Manager, Operations",Operations,E00033,"Pune, India",12/30/2016,,Full-Time,Active
E0171,Laura Perez,laura.perez@northwindmaterials.com,"Manager, Engineering",Engineering,E00039,"Detroit, MI, USA",44690,,Full-Time,Active
E172,Andrew Lee,andrew.lee@northwindmaterials.com,"Manager, Manufacturing",Manufacturing,E00015,"Cleveland, OH, USA",2015-08-01,,Full-Time,Active
E0173,Mark Lin,mark.lin@northwindmaterials.com,"Manager, Supply Chain",Supply Chain,E00018,"Atlanta, GA, USA",08/19/2021,,Full-Time,Active
E00174,Tammy Ramirez,tammy.ramirez@northwindmaterials.com,"Manager, Engineering",Engineering,E00028,"Atlanta, GA, USA",43261,,Full-Time,Active
175,Darlene Ross,darlene.ross@northwindmaterials.com,"Manager, Quality Assurance",Quality Assurance,E00019,"Atlanta, GA, USA",42110,,Full-Time,Active
E176,Tina Herrera,tina.herrera@northwindmaterials.com,"Manager, Information Technology",Information Technology,E00041,"Detroit, MI, USA",2020-06-12,,Full-Time,Active
177,Sheila Wilson,sheila.wilson@northwindmaterials.com,"Manager, Supply Chain",Supply Chain,E00018,"Atlanta, GA, USA",03/29/2022,,Full-Time,Active
E00178,Tara White,tara.white@northwindmaterials.com,"Manager, Quality Assurance",Quality Assurance,E00013,"Atlanta, GA, USA",2018-10-03,,Full-Time,Active
E00179  ,Sydney Baker,sydney.baker@northwindmaterials.com,"Manager, Quality Assurance",Quality Assurance,E00021,"Atlanta, GA, USA",04/03/2015,,Full-Time,Active
E0180,Daniel Hamilton,daniel.hamilton@northwindmaterials.com,"Manager, Finance",Finance,E00022,"Atlanta, GA, USA",12/02/2015,,Full-Time,Active
E0181,Jessica Edwards,jessica.edwards@northwindmaterials.com,"Manager, Engineering",Engineering,E00035,"Chennai, India",12/20/2018,,Full-Time,Active
182,Catherine Dixon,catherine.dixon@northwindmaterials.com,"Manager, Supply Chain",Supply Chain,E00038,"Pune, India",10/10/2018,,Full-Time,Active
183,Paul Ray,paul.ray@northwindmaterials.com,"Manager, Engineering",Engineering,E00034,"Chennai, India",43792,,Full-Time,Active
E00184,Jonathan Fletcher,jonathan.fletcher@northwindmaterials.com,"Manager, Engineering",Engineering,E00028,"Cleveland, OH, USA",2021-08-13,,Full-Time,Active
185,Aaron Frost,aaron.frost@northwindmaterials.com,"Manager, Quality Assurance",Quality Assurance,E00019,"Houston, TX, USA",2015-02-18,,Full-Time,Active
E186,Amanda Ball,amanda.ball@northwindmaterials.com,"Manager, Quality Assurance",Quality Assurance,E00019,"Detroit, MI, USA",2018-10-10,,Full-Time,Active
E0187,Judy Lambert,judy.lambert@northwindmaterials.com,"Manager, Supply Chain",Supply Chain,E00031,"Chennai, India",2018-10-13,,Full-Time,Active
188,Michael Jones,michael.jones@northwindmaterials.com,"Manager, Human Resources",Human Resources,E00030,"Detroit, MI, USA",2016-08-21,,Full-Time,Active
189,Elizabeth Rivera,elizabeth.rivera@northwindmaterials.com,"Manager, Information Technology",Information Technology,E00036,"Houston, TX, USA",12/10/2021,,Full-Time,Active
190,Lee Charles,lee.charles@northwindmaterials.com,"Manager, Supply Chain",Supply Chain,E00014,"Detroit, MI, USA",44174,,Full-Time,Active
E0191,Jennifer Evans,jennifer.evans@northwindmaterials.com,"Manager, Supply Chain",Supply Chain,E00031,"Atlanta, GA, USA",07/31/2022,,Full-Time,Active
E192,Kyle Ortiz,kyle.ortiz@northwindmaterials.com,"Manager, Legal",Legal,E00029,"Pune, India",06/05/2015,,Full-Time,Active
E00193,Richard Phillips,richard.phillips@northwindmaterials.com,IT Support Specialist,Information Technology,E00688,"Pune, India",04/08/2019,,Full-Time,Active
194,David Fisher,david.fisher@northwindmaterials.com,Plant Technician,Manufacturing,E00063,"Detroit, MI, USA",10/11/2017,,Full-Time,Active
E0195,Shelby Byrd,shelby.byrd@northwindmaterials.com,Customer Success Associate,Customer Success,E00060,"Atlanta, GA, USA",2022-03-09,,Full-Time,Active
E0196,Raven Gilbert,raven.gilbert@northwindmaterials.com,Quality Inspector,Quality Assurance,E00073,"Pune, India",43840,,Full-Time,Active
E00197  ,Kevin Kelley,kevin.kelley@northwindmaterials.com,Network Engineer,Information Technology,E00053,"Detroit, MI, USA",2017-03-22,,Full-Time,Active
198,Aaron Mitchell,aaron.mitchell@northwindmaterials.com,Support Specialist,Customer Success,E00150,"Houston, TX, USA",05/28/2025,,Full-Time,Active
199,Russell Carpenter,russell.carpenter@northwindmaterials.com,AP Specialist,Finance,E00095,"Chennai, India",43604,,Full-Time,Active
E00200  ,Diana Marshall,diana.marshall@northwindmaterials.com,Paralegal,Legal,E00123,"Houston, TX, USA",43732,,Full-Time,Active
E00201  ,Scott Lewis,scott.lewis@northwindmaterials.com,Customer Success Associate,Customer Success,E00144,"Chennai, India",11/11/2021,,Full-Time,Active
E202,Thomas Santana,thomas.santana@northwindmaterials.com,Supply Chain Analyst,Supply Chain,E00119,"Houston, TX, USA",44775,,Full-Time,Active
203,Laura Jackson,laura.jackson@northwindmaterials.com,Procurement Specialist,Supply Chain,E00061,"Atlanta, GA, USA",2020-09-02,,Full-Time,Active
E00204  ,Christopher Robertson,christopher.robertson@northwindmaterials.com,Procurement Specialist,Supply Chain,E00187,"Detroit, MI, USA",12/20/2025,,Full-Time,Active
E0205,Cynthia Rogers,cynthia.rogers@northwindmaterials.com,Financial Analyst,Finance,E00180,"Pune, India",2024-02-28,,Full-Time,Active
E206,Loretta Potter,loretta.potter@northwindmaterials.com,Senior Software Engineer,Engineering,E00110,"Houston, TX, USA",44156,,Full-Time,Active
E00207  ,Emily Walker,emily.walker@northwindmaterials.com,Customer Success Associate,Customer Success,E00060,"Houston, TX, USA",2015-11-24,,Full-Time,Active
E0208,James Johnson,james.johnson@northwindmaterials.com,Plant Technician,Manufacturing,E00115,"Atlanta, GA, USA",42405,,Full-Time,Active
E209,John Alvarez,john.alvarez@northwindmaterials.com,Supply Chain Analyst,Supply Chain,E00182,"Pune, India",2023-01-14,,Full-Time,Active
E00210,Melissa Jones,melissa.jones@northwindmaterials.com,Quality Inspector,Quality Assurance,E00178,"Chennai, India",2022-06-02,,Full-Time,Active
E0211,Robert Soto,robert.soto@northwindmaterials.com,QA Engineer,Engineering,E00184,"Chennai, India",45592,,Full-Time,Active
E00212  ,James Horton,james.horton@northwindmaterials.com,Financial Analyst,Finance,E00069,"Houston, TX, USA",07/31/2025,,Full-Time,Active
213,Troy Sanchez,troy.sanchez@northwindmaterials.com,HR Generalist,Human Resources,E00072,"Chennai, India",45993,,Full-Time,Active
E00214,Diana Smith,diana.smith@northwindmaterials.com,Senior Software Engineer,Engineering,E00184,"Houston, TX, USA",2026-06-27,2025-12-29,Full-Time,Active
E00215  ,Karen Carrillo,karen.carrillo@northwindmaterials.com,Plant Technician,Manufacturing,E00115,"Chennai, India",42891,,Full-Time,Active
E216,Daniel Coleman,daniel.coleman@northwindmaterials.com,Operations Analyst,Operations,E00130,"Chennai, India",2025-03-21,,Full-Time,Active
E217,Gregory Rubio,gregory.rubio@northwindmaterials.com,DevOps Engineer,Engineering,E00110,"Houston, TX, USA",2026-08-09,,Full-Time,Active
E00218,April Williams,april.williams@northwindmaterials.com,Financial Analyst,Finance,E00056,"Chennai, India",46251,,Full-Time,Active
219,John Charles,john.charles@northwindmaterials.com,Supply Chain Analyst,Supply Chain,E00151,"Detroit, MI, USA",44280,,Full-Time,Active
220,Stephen Solis,stephen.solis@northwindmaterials.com,Compliance Analyst,Legal,E00043,"Cleveland, OH, USA",10/23/2024,,Full-Time,Active
E00221,Elizabeth Travis,elizabeth.travis@northwindmaterials.com,Senior Software Engineer,Engineering,E00110,"Chennai, India",44901,,Full-Time,Active
E0222,Caitlin Dodson,caitlin.dodson@northwindmaterials.com,AP Specialist,Finance,E00156,"Chennai, India",02/23/2016,2024-09-08,Full-Time,Active
E0223,Patricia Salazar,patricia.salazar@northwindmaterials.com,Quality Inspector,Quality Assurance,E00142,"Detroit, MI, USA",11/24/2018,,Full-Time,Active
E00224,Jennifer Wagner,jennifer.wagner@northwindmaterials.com,Paralegal,Legal,E00062,"Pune, India",45636,,Full-Time,Active
E00225  ,Maria Kelley,maria.kelley@northwindmaterials.com,Supply Chain Analyst,Supply Chain,E00052,"Pune, India",2016-08-19,,Full-Time,Active
E226,Phyllis Manning,phyllis.manning@northwindmaterials.com,Senior Software Engineer,Engineering,E00184,"Atlanta, GA, USA",42542,,Full-Time,Active
227,Thomas Green,thomas.green@northwindmaterials.com,IT Support Specialist,Information Technology,E00075,"Houston, TX, USA",45086,,Full-Time,Active
E228,John Walsh,john.walsh@northwindmaterials.com,HR Generalist,Human Resources,E00136,"Houston, TX, USA",09/07/2018,,Full-Time,Active
E0229,Katie Boyd,katie.boyd@northwindmaterials.com,Procurement Specialist,Supply Chain,E00096,"Chennai, India",44248,,Full-Time,Active
E0230,Courtney Hill,courtney.hill@northwindmaterials.com,Accountant,Finance,E00069,"Pune, India",42516,,Full-Time,Active
E231,Chris Mitchell,chris.mitchell@northwindmaterials.com,AP Specialist,Finance,E00147,"Chennai, India",42781,,Full-Time,Active
E00232,Joseph Flores,joseph.flores@northwindmaterials.com,Procurement Specialist,Supply Chain,E00082,"Cleveland, OH, USA",05/15/2018,,Full-Time,Active
E00233  ,Amber Taylor,amber.taylor@northwindmaterials.com,Support Specialist,Customer Success,E00088,"Detroit, MI, USA",44146,,Full-Time,Active
E0234,Jesse Benson,jesse.benson@northwindmaterials.com,Support Specialist,Customer Success,E00088,"Atlanta, GA, USA",2017-03-09,,Full-Time,Active
E00235,Jasmine Brown,jasmine.brown@northwindmaterials.com,Production Associate,Manufacturing,E02006,"Cleveland, OH, USA",43098,,Full-Time,Active
E00236,Rick Daniels,rick.daniels@northwindmaterials.com,QA Analyst,Quality Assurance,E00070,"Detroit, MI, USA",45951,,Full-Time,Active
E00237,Robert Clark,robert.clark@northwindmaterials.com,Quality Inspector,Quality Assurance,E00163,"Cleveland, OH, USA",01/18/2018,2025-04-05,Full-Time,Active
E00238  ,Robert Stein,robert.stein@northwindmaterials.com,Compliance Analyst,Legal,E00160,"Houston, TX, USA",04/04/2019,,Full-Time,Active
E239,Brandy Dominguez,brandy.dominguez@northwindmaterials.com,Paralegal,Legal,E00101,"Detroit, MI, USA",2026-05-09,,Full-Time,Active
E0240,Melissa Cannon,melissa.cannon@northwindmaterials.com,Supply Chain Analyst,Supply Chain,E00092,"Houston, TX, USA",2015-03-08,,Full-Time,Active
E00241  ,Omar Smith,omar.smith@northwindmaterials.com,Customer Success Associate,Customer Success,E00114,"Houston, TX, USA",2021-04-01,,Full-Time,Active
E00242  ,Michael Molina,michael.molina@northwindmaterials.com,AP Specialist,Finance,E00132,"Pune, India",45298,,Full-Time,Active
E0243,Melissa Ashley,melissa.ashley@northwindmaterials.com,QA Engineer,Engineering,E00145,"Detroit, MI, USA",42967,,Full-Time,Active
E00244,Robert Adkins,robert.adkins@northwindmaterials.com,Recruiter,Human Resources,E00072,"Cleveland, OH, USA",45768,,Full-Time,Active
E00245  ,Amy Morrison,amy.morrison@northwindmaterials.com,Supply Chain Analyst,Supply Chain,E00191,"Detroit, MI, USA",06/14/2022,,Full-Time,Active
246,Jeffrey Robinson,jeffrey.robinson@northwindmaterials.com,QA Analyst,Quality Assurance,E00070,"Houston, TX, USA",2024-02-05,2025-03-16,Full-Time,Active
247,Ryan Johnson,ryan.johnson@northwindmaterials.com,Compliance Analyst,Legal,E00123,"Pune, India",45522,,Full-Time,Active
248,Matthew Shelton,matthew.shelton@northwindmaterials.com,Procurement Specialist,Supply Chain,E00173,"Atlanta, GA, USA",42061,,Full-Time,Active
E0249,Richard Martin,richard.martin@northwindmaterials.com,Procurement Specialist,Supply Chain,E00190,"Houston, TX, USA",2021-03-19,,Full-Time,Active
E250,Tanner Anderson,tanner.anderson@northwindmaterials.com,Supply Chain Analyst,Supply Chain,E00054,"Detroit, MI, USA",2018-11-30,,Full-Time,Active
E00251  ,Cindy Johnson,cindy.johnson@northwindmaterials.com,Network Engineer,Information Technology,E00176,"Chennai, India",2016-02-01,,Full-Time,Active
252,Phillip Elliott,phillip.elliott@northwindmaterials.com,Supply Chain Analyst,Supply Chain,E00093,"Atlanta, GA, USA",2015-03-03,,Full-Time,Active
E253,Anthony Day,anthony.day@northwindmaterials.com,Support Specialist,Customer Success,E00060,"Pune, India",11/20/2019,,Full-Time,Active
E254,Derek Murray,derek.murray@northwindmaterials.com,Paralegal,Legal,E00123,"Chennai, India",04/30/2026,,Full-Time,Active
E0255,Brent Gray,brent.gray@northwindmaterials.com,Supply Chain Analyst,Supply Chain,E00119,"Chennai, India",44637,,Full-Time,Active
E256,Jason Murphy,jason.murphy@northwindmaterials.com,Accountant,Finance,E00147,"Atlanta, GA, USA",2023-11-28,,Full-Time,Active
E00257  ,Kathleen Gray,kathleen.gray@northwindmaterials.com,Procurement Specialist,Supply Chain,E00118,"Cleveland, OH, USA",2022-05-13,,Full-Time,Active
E0258,Karen Decker,karen.decker@northwindmaterials.com,Support Specialist,Customer Success,E00150,"Chennai, India",44559,,Full-Time,Active
259,Johnny Miller,johnny.miller@northwindmaterials.com,QA Analyst,Quality Assurance,E00087,"Atlanta, GA, USA",45868,,Full-Time,Active
E00260  ,Andrew Ryan,andrew.ryan@northwindmaterials.com,Software Engineer,Engineering,E00183,"Houston, TX, USA",07/26/2026,,Full-Time,Active
261,Zoe Bell,zoe.bell@northwindmaterials.com,IT Support Specialist,Information Technology,E00116,"Atlanta, GA, USA",2024-08-29,,Full-Time,Active
E00262  ,Debra Harrington,debra.harrington@northwindmaterials.com,Supply Chain Analyst,Supply Chain,,"Atlanta, GA, USA",12/11/2024,,Full-Time,Active
E263,Denise Webster,denise.webster@northwindmaterials.com,Accountant,Finance,,"Chennai, India",06/30/2021,,Full-Time,Active
E00264  ,Stefanie Gonzalez,stefanie.gonzalez@northwindmaterials.com,QA Analyst,Quality Assurance,E00097,"Chennai, India",08/19/2017,,Full-Time,Active
265,Andrew Hernandez,andrew.hernandez@northwindmaterials.com,AP Specialist,Finance,E00086,"Detroit, MI, USA",2021-07-19,2026-05-11,Full-Time,Terminated
E0266,David Caldwell,david.caldwell@northwindmaterials.com,Production Associate,Manufacturing,E00115,"Detroit, MI, USA",07/11/2018,,Full-Time,Active
E267,Anne Robinson,anne.robinson@northwindmaterials.com,AP Specialist,Finance,E00103,"Houston, TX, USA",44015,,Full-Time,Active
268,Holly Wang,holly.wang@northwindmaterials.com,Procurement Specialist,Supply Chain,E01686,"Cleveland, OH, USA",2019-10-05,,Full-Time,Active
269,Gary Lawson,gary.lawson@northwindmaterials.com,Software Engineer,Engineering,E00049,"Cleveland, OH, USA",2025-07-14,,Full-Time,Active
E00270  ,Julie Wilson,julie.wilson@northwindmaterials.com,AP Specialist,Finance,E00164,"Detroit, MI, USA",44932,,Full-Time,Active
E00271  ,Lori Oconnell,lori.oconnell@northwindmaterials.com,DevOps Engineer,Engineering,E00159,"Chennai, India",2021-02-19,,Full-Time,Active
E00272,Daniel Johnson,daniel.johnson@northwindmaterials.com,Procurement Specialist,Supply Chain,E00190,"Chennai, India",42273,,Full-Time,Active
273,Larry Byrd,larry.byrd@northwindmaterials.com,Line Supervisor,Manufacturing,E00141,"Atlanta, GA, USA",43101,,Full-Time,Active
E00274  ,Susan Sanders,susan.sanders@northwindmaterials.com,Quality Inspector,Quality Assurance,E00105,"Chennai, India",44778,,Full-Time,Active
E275,Jennifer Jones,jennifer.jones@northwindmaterials.com,Financial Analyst,Finance,E00044,"Atlanta, GA, USA",01/19/2021,,Full-Time,Active
E276,Hannah Burton,hannah.burton@northwindmaterials.com,Quality Inspector,Quality Assurance,E00099,"Chennai, India",11/24/2024,,Full-Time,Active
277,Curtis Barton,curtis.barton@northwindmaterials.com,QA Analyst,Quality Assurance,E00175,"Detroit, MI, USA",2018-05-28,,Full-Time,Active
E00278  ,Melissa Burke,melissa.burke@northwindmaterials.com,Quality Inspector,Quality Assurance,E00185,"Detroit, MI, USA",43203,,Full-Time,Active
E00279,David Riggs,david.riggs@northwindmaterials.com,Senior Software Engineer,Engineering,E00159,"Atlanta, GA, USA",2021-01-26,,Full-Time,Active
E00280,Kimberly Reed,kimberly.reed@northwindmaterials.com,QA Analyst,Quality Assurance,E00178,"Atlanta, GA, USA",2018-10-06,,Full-Time,Active
E00281,Ross Wood,ross.wood@northwindmaterials.com,Line Supervisor,Manufacturing,E00172,"Pune, India",08/10/2018,,Full-Time,Active
E282,William Peterson,william.peterson@northwindmaterials.com,Procurement Specialist,Supply Chain,E00157,"Chennai, India",02/12/2018,,Full-Time,Active
E0283,Melissa Short,melissa.short@northwindmaterials.com,Accountant,Finance,E00164,"Houston, TX, USA",04/16/2018,,Full-Time,Active
E284,Daniel Yu,daniel.yu@northwindmaterials.com,Production Associate,Manufacturing,E00106,"Pune, India",01/04/2020,,Full-Time,Active
E285,Cynthia Poole,cynthia.poole@northwindmaterials.com,Customer Success Associate,Customer Success,E00167,"Houston, TX, USA",2017-04-18,,Full-Time,Active
E286,Jasmine Graham,jasmine.graham@northwindmaterials.com,IT Support Specialist,Information Technology,E00155,"Chennai, India",42223,,Full-Time,Active
E00287,Jessica Sheppard,jessica.sheppard@northwindmaterials.com,IT Support Specialist,Information Technology,E00328,"Houston, TX, USA",44479,2025-05-31,Full-Time,Active
E288,Joseph Morton,joseph.morton@northwindmaterials.com,QA Engineer,Engineering,E00128,"Pune, India",42922,,Full-Time,Active
289,Amanda Webb,amanda.webb@northwindmaterials.com,Plant Technician,Manufacturing,E00063,"Cleveland, OH, USA",2024-07-24,,Full-Time,Active
290,Ryan Simon,ryan.simon@northwindmaterials.com,Support Specialist,Customer Success,E00102,"Chennai, India",2020-07-07,,Full-Time,Active
E291,Joseph Christian,joseph.christian@northwindmaterials.com,Procurement Specialist,Supply Chain,E00082,"Detroit, MI, USA",12/19/2022,,Full-Time,Active
E00292  ,Mariah Miller,mariah.miller@northwindmaterials.com,Supply Chain Analyst,Supply Chain,E00149,"Houston, TX, USA",2018-10-24,2026-01-23,Full-Time,Active
E0293,Nicole Sanchez,nicole.sanchez@northwindmaterials.com,DevOps Engineer,Engineering,E00181,"Atlanta, GA, USA",2019-04-11,,Full-Time,Active
E0294,Steven Bishop,steven.bishop@northwindmaterials.com,Customer Success Associate,Customer Success,E00058,"Atlanta, GA, USA",06/15/2015,,Full-Time,Active
E295,Nicholas Johnson,nicholas.johnson@northwindmaterials.com,Customer Success Associate,Customer Success,E00142,"Pune, India",10/13/2021,2026-05-21,Full-Time,Active
E00296,Melissa White,melissa.white@northwindmaterials.com,Supply Chain Analyst,Supply Chain,E01751,"Detroit, MI, USA",2022-05-21,,Full-Time,Active
E00297  ,Jason Salinas,jason.salinas@northwindmaterials.com,Support Specialist,Customer Success,E00133,"Atlanta, GA, USA",2017-12-28,,Full-Time,Active
E0298,Matthew Beard,matthew.beard@northwindmaterials.com,Customer Success Associate,Customer Success,E00150,"Atlanta, GA, USA",44940,,Full-Time,Active
E0299,Jacqueline Hill,jacqueline.hill@northwindmaterials.com,QA Analyst,Quality Assurance,E00099,"Atlanta, GA, USA",09/24/2024,,Full-Time,Active
E00300,Alejandro Vaughan,alejandro.vaughan@northwindmaterials.com,Customer Success Associate,Customer Success,E00167,"Atlanta, GA, USA",2018-04-27,,Full-Time,Active
E0301,Christopher Cortez,christopher.cortez@northwindmaterials.com,Compliance Analyst,Legal,E00129,"Chennai, India",2026-08-23,,Full-Time,Active
E0302,Tracy Chang,tracy.chang@northwindmaterials.com,Compliance Analyst,Legal,E00085,"Cleveland, OH, USA",2021-06-09,,Full-Time,Active
E303,Hannah Brewer,hannah.brewer@northwindmaterials.com,Quality Inspector,Quality Assurance,E00939,"Atlanta, GA, USA",2017-05-26,,Full-Time,Active
304,Travis Mcguire,travis.mcguire@northwindmaterials.com,Procurement Specialist,Supply Chain,E00187,"Detroit, MI, USA",2015-03-27,,Full-Time,Active
E00305  ,Christopher Walker,christopher.walker@northwindmaterials.com,Quality Inspector,Quality Assurance,E00152,"Atlanta, GA, USA",2023-10-01,,Full-Time,Active
E0306,Heather Torres,heather.torres@northwindmaterials.com,Software Engineer,Engineering,E00089,"Houston, TX, USA",2025-11-16,,Full-Time,Active
E00307  ,Bonnie Kennedy,bonnie.kennedy@northwindmaterials.com,Supply Chain Analyst,Supply Chain,E00140,"Cleveland, OH, USA",43076,,Full-Time,Active
308,Alyssa Coleman,alyssa.coleman@northwindmaterials.com,QA Engineer,Engineering,E00159,"Houston, TX, USA",45638,,Full-Time,Active
E0309,Julie Rivera,julie.rivera@northwindmaterials.com,Supply Chain Analyst,Supply Chain,E00140,"Atlanta, GA, USA",2021-11-09,,Full-Time,Active
E310,Jacqueline Nelson,jacqueline.nelson@northwindmaterials.com,HR Generalist,Human Resources,E00107,"Atlanta, GA, USA",03/05/2018,,Full-Time,Active
E00311  ,John Martinez,john.martinez@northwindmaterials.com,Machine Operator,Manufacturing,E00047,"Houston, TX, USA",10/09/2014,,Full-Time,Active
E312,James Wilson,james.wilson@northwindmaterials.com,Procurement Specialist,Supply Chain,E00100,"Chennai, India",01/20/2026,,Full-Time,Active
313,Amanda Gill,amanda.gill@northwindmaterials.com,IT Support Specialist,Information Technology,E00053,"Cleveland, OH, USA",02/07/2022,,Full-Time,Active
E314,Jacob Robinson,jacob.robinson@northwindmaterials.com,Procurement Specialist,Supply Chain,E00094,"Pune, India",2021-04-21,,Full-Time,Active
E0315,Todd Hardy,todd.hardy@northwindmaterials.com,Procurement Specialist,Supply Chain,E00082,"Cleveland, OH, USA",45768,,Full-Time,Active
316,Tiffany Warren,tiffany.warren@northwindmaterials.com,AP Specialist,Finance,E00164,"Detroit, MI, USA",44260,,Full-Time,Active
E00317  ,Justin Garcia,justin.garcia@northwindmaterials.com,Procurement Specialist,Supply Chain,E00187,"Atlanta, GA, USA",2017-12-21,,Full-Time,Active
E0318,James Perez,james.perez@northwindmaterials.com,Accountant,Finance,E00108,"Cleveland, OH, USA",2024-08-03,,Full-Time,Active
E0319,Harry Smith,harry.smith@northwindmaterials.com,HR Generalist,Human Resources,E00072,"Houston, TX, USA",44660,,Full-Time,Active
320,Amanda Hill,amanda.hill@northwindmaterials.com,Quality Inspector,Quality Assurance,E00070,"Houston, TX, USA",2017-03-12,,Full-Time,Active
E00321  ,Terri Tran,terri.tran@northwindmaterials.com,Supply Chain Analyst,Supply Chain,E00190,"Atlanta, GA, USA",06/01/2025,2025-05-04,Full-Time,Terminated
E322,Heidi Martinez,heidi.martinez@northwindmaterials.com,Procurement Specialist,Supply Chain,E00093,"Pune, India",2015-07-29,,Full-Time,Active
E323,Miranda Henry,miranda.henry@northwindmaterials.com,Quality Inspector,Quality Assurance,E00105,"Chennai, India",2017-10-20,,Full-Time,Active
E324,Monique Andrews,monique.andrews@northwindmaterials.com,AP Specialist,Finance,E00120,"Pune, India",04/18/2017,,Full-Time,Active
E00325,Taylor Alexander,taylor.alexander@northwindmaterials.com,Quality Inspector,Quality Assurance,E00073,"Houston, TX, USA",2021-08-01,,Full-Time,Active
326,Jack Williams,jack.williams@northwindmaterials.com,QA Analyst,Quality Assurance,E00179,"Chennai, India",42089,2025-03-07,Full-Time,Active
327,Shelley Woods,shelley.woods@northwindmaterials.com,Procurement Specialist,Supply Chain,E00137,"Pune, India",2023-09-07,,Full-Time,Active
E00328,Lynn Morales,lynn.morales@northwindmaterials.com,Operations Analyst,Operations,E00130,"Atlanta, GA, USA",43691,2025-01-04,Full-Time,Active
E0329,Charles Soto,charles.soto@northwindmaterials.com,Financial Analyst,Finance,E00168,"Atlanta, GA, USA",09/04/2024,,Full-Time,Active
E330,Brian Hernandez,brian.hernandez@northwindmaterials.com,QA Analyst,Quality Assurance,E00135,"Chennai, India",2022-09-09,2026-03-02,Full-Time,Active
E331,Anna Torres,anna.torres@northwindmaterials.com,Supply Chain Analyst,Supply Chain,E00082,"Cleveland, OH, USA",2016-09-30,,Full-Time,Active
332,Victoria Wilson,victoria.wilson@northwindmaterials.com,Network Engineer,Information Technology,E00176,"Houston, TX, USA",12/29/2021,,Full-Time,Active
E0333,Kathy Obrien,kathy.obrien@northwindmaterials.com,Accountant,Finance,E00180,"Atlanta, GA, USA",42336,,Full-Time,Active
334,Krystal Perez,krystal.perez@northwindmaterials.com,Network Engineer,Information Technology,E00154,"Pune, India",2019-01-19,,Full-Time,Active
335,Alexandra Hayes,alexandra.hayes@northwindmaterials.com,QA Engineer,Engineering,E00111,"Cleveland, OH, USA",2026-06-25,,Full-Time,Active
E0336,Scott Dalton,scott.dalton@northwindmaterials.com,Systems Administrator,Information Technology,E00065,"Atlanta, GA, USA",43705,,Full-Time,Active
E337,Veronica Torres,veronica.torres@northwindmaterials.com,QA Analyst,Quality Assurance,E00105,"Pune, India",2020-11-27,,Full-Time,Active
E00338,Christine Lynch,christine.lynch@northwindmaterials.com,Supply Chain Analyst,Supply Chain,E00140,"Detroit, MI, USA",43489,,Full-Time,Active
339,Jody Meza,jody.meza@northwindmaterials.com,QA Engineer,Engineering,E00169,"Cleveland, OH, USA",42070,,Full-Time,Active
E340,Jared Clark,jared.clark@northwindmaterials.com,Customer Success Associate,Customer Success,,"Houston, TX, USA",42570,,Full-Time,Active
E00341,Donna Moore,donna.moore@northwindmaterials.com,Production Associate,Manufacturing,E00109,"Houston, TX, USA",2024-08-31,2025-03-12,Full-Time,Active
342,Glenn Jones,glenn.jones@northwindmaterials.com,Customer Success Associate,Customer Success,E00113,"Pune, India",42601,,Full-Time,Active
343,Aaron Hayes,aaron.hayes@northwindmaterials.com,IT Support Specialist,Information Technology,E00091,"Cleveland, OH, USA",02/25/2026,,Full-Time,Active
E0344,Brittney Carter,brittney.carter@northwindmaterials.com,Accountant,Finance,E01675,"Pune, India",07/10/2023,,Full-Time,Active
E00345,Jesse Mann,jesse.mann@northwindmaterials.com,Compliance Analyst,Legal,E00104,"Chennai, India",43478,,Full-Time,Active
346,Jacqueline Gibson,jacqueline.gibson@northwindmaterials.com,Accountant,Finance,E00168,"Detroit, MI, USA",09/03/2025,,Full-Time,Active
E0347,Grace Bradshaw,grace.bradshaw@northwindmaterials.com,Supply Chain Analyst,Supply Chain,E00066,"Cleveland, OH, USA",2021-10-20,,Full-Time,Active
E348,Kristin Weber,kristin.weber@northwindmaterials.com,Quality Inspector,Quality Assurance,E00146,"Houston, TX, USA",46076,,Full-Time,Active
E349,Donna Peck,donna.peck@northwindmaterials.com,Supply Chain Analyst,Supply Chain,E00191,"Atlanta, GA, USA",12/07/2015,,Full-Time,Active
E350,Ronald Stephens,ronald.stephens@northwindmaterials.com,QA Engineer,Engineering,E00184,"Atlanta, GA, USA",10/09/2022,,Full-Time,Active
E00351,Deborah Kerr,deborah.kerr@northwindmaterials.com,QA Engineer,Engineering,E00183,"Houston, TX, USA",45142,,Full-Time,Active
E00352,Margaret Jones,margaret.jones@northwindmaterials.com,QA Engineer,Engineering,E00159,"Houston, TX, USA",2017-12-28,,Full-Time,Active
E0353,Gabriel Parker,gabriel.parker@northwindmaterials.com,HR Generalist,Human Resources,E00107,"Detroit, MI, USA",45389,,Full-Time,Active
E00354,Kaitlyn Carroll,kaitlyn.carroll@northwindmaterials.com,Supply Chain Analyst,Supply Chain,E00092,"Detroit, MI, USA",44914,,Full-Time,Active
355,Keith Martinez,keith.martinez@northwindmaterials.com,AP Specialist,Finance,E00180,"Cleveland, OH, USA",2023-05-03,,Full-Time,Active
E0356,Haley Lyons,haley.lyons@northwindmaterials.com,Procurement Specialist,Supply Chain,E00092,"Chennai, India",01/14/2023,,Full-Time,Active
E357,Sherri Mason,sherri.mason@northwindmaterials.com,QA Analyst,Quality Assurance,E00166,"Chennai, India",2014-12-12,,Full-Time,Active
E00358,Troy Miller,troy.miller@northwindmaterials.com,Supply Chain Analyst,Supply Chain,E00177,"Detroit, MI, USA",01/21/2021,,Full-Time,Active
359,Bill Reynolds,bill.reynolds@northwindmaterials.com,Supply Chain Analyst,Supply Chain,E00092,"Cleveland, OH, USA",05/30/2022,,Full-Time,Active
E00360,Marcus Wright,marcus.wright@northwindmaterials.com,Quality Inspector,Quality Assurance,E00135,"Houston, TX, USA",07/22/2022,,Full-Time,Active
E00361,Christopher Hayden,christopher.hayden@northwindmaterials.com,Procurement Specialist,Supply Chain,E00046,"Houston, TX, USA",44409,,Full-Time,Active
362,Mary Johnston,mary.johnston@northwindmaterials.com,Procurement Specialist,Supply Chain,E00054,"Pune, India",2024-09-01,,Full-Time,Active
E363,Stephanie Key,stephanie.key@northwindmaterials.com,Senior Software Engineer,Engineering,E00117,"Chennai, India",08/21/2016,,Full-Time,Active
E00364,Emily Adams,emily.adams@northwindmaterials.com,Financial Analyst,Finance,E00168,"Detroit, MI, USA",43652,,Full-Time,Active
E00365,Billy Avila,billy.avila@northwindmaterials.com,Systems Administrator,Information Technology,E00189,"Atlanta, GA, USA",45525,2025-09-22,Full-Time,Terminated
E00366  ,Thomas Pearson,thomas.pearson@northwindmaterials.com,Systems Administrator,Information Technology,E00165,"Houston, TX, USA",12/30/2023,,Full-Time,Active
E00367  ,Sabrina White,sabrina.white@northwindmaterials.com,Software Engineer,Engineering,E00090,"Houston, TX, USA",45510,,Full-Time,Active
E368,Brenda Walters,brenda.walters@northwindmaterials.com,IT Support Specialist,Information Technology,E00165,"Detroit, MI, USA",02/23/2021,,Full-Time,Active
E0369,Travis Davis,travis.davis@northwindmaterials.com,DevOps Engineer,Engineering,,"Detroit, MI, USA",43227,,Full-Time,Active
E00370,Michael Cook,michael.cook@northwindmaterials.com,Procurement Specialist,Supply Chain,E00190,"Cleveland, OH, USA",45358,,Full-Time,Active
E00371  ,Elizabeth Hodge,elizabeth.hodge@northwindmaterials.com,AP Specialist,Finance,E00081,"Houston, TX, USA",45279,,Full-Time,Active
E372,Mark Steele,mark.steele@northwindmaterials.com,Financial Analyst,Finance,E00064,"Detroit, MI, USA",43029,,Full-Time,Active
E0373,Keith Landry,keith.landry@northwindmaterials.com,QA Analyst,Quality Assurance,E00185,"Pune, India",2016-08-09,,Full-Time,Active
374,Lisa Pierce,lisa.pierce@northwindmaterials.com,Supply Chain Analyst,Supply Chain,E00100,"Atlanta, GA, USA",2017-11-23,,Full-Time,Active
E375,Shawn Edwards,shawn.edwards@northwindmaterials.com,Accountant,Finance,E00156,"Pune, India",2019-05-03,,Full-Time,Active
376,Marcus Cordova,marcus.cordova@northwindmaterials.com,QA Analyst,Quality Assurance,E00152,"Pune, India",44370,2025-08-11,Full-Time,Terminated
E00377,Richard Robertson,richard.robertson@northwindmaterials.com,Customer Success Associate,Customer Success,E00058,"Cleveland, OH, USA",2025-04-27,,Full-Time,Active
E0378,Vanessa Sandoval,vanessa.sandoval@northwindmaterials.com,QA Analyst,Quality Assurance,E00097,"Chennai, India",2026-06-16,,Full-Time,Active
379,Amy Gutierrez,amy.gutierrez@northwindmaterials.com,Plant Technician,Manufacturing,E00063,"Cleveland, OH, USA",03/13/2022,2025-01-05,Full-Time,Terminated
E380,Jacob Cox,jacob.cox@northwindmaterials.com,Quality Inspector,Quality Assurance,E00087,"Cleveland, OH, USA",02/27/2016,,Full-Time,Active
E00381,Katherine Garrett,katherine.garrett@northwindmaterials.com,Compliance Analyst,Legal,E00043,"Atlanta, GA, USA",2023-02-07,,Full-Time,Active
E00382  ,Kathleen Harris,kathleen.harris@northwindmaterials.com,QA Analyst,Quality Assurance,E00163,"Detroit, MI, USA",08/28/2016,,Full-Time,Active
E383,Andrea Pennington,andrea.pennington@northwindmaterials.com,Support Specialist,Customer Success,E00102,"Chennai, India",2014-10-28,,Full-Time,Active
E384,Samuel Wolfe,samuel.wolfe@northwindmaterials.com,Line Supervisor,Manufacturing,E00115,"Detroit, MI, USA",2023-11-10,,Full-Time,Active
E385,David Dudley,david.dudley@northwindmaterials.com,Support Specialist,Customer Success,E00102,"Chennai, India",2020-10-21,,Full-Time,Active
E386,Chelsea Allen,chelsea.allen@northwindmaterials.com,Supply Chain Analyst,Supply Chain,E00093,"Detroit, MI, USA",12/21/2023,,Full-Time,Active
E0387,Eric Pierce,eric.pierce@northwindmaterials.com,Procurement Specialist,Supply Chain,E00182,"Chennai, India",43318,,Full-Time,Active
E00388,Andrea Davis,andrea.davis@northwindmaterials.com,Accountant,Finance,E00081,"Cleveland, OH, USA",01/14/2025,,Full-Time,Active
E0389,Victoria Durham,victoria.durham@northwindmaterials.com,Procurement Specialist,Supply Chain,,"Cleveland, OH, USA",43007,,Full-Time,Active
E0390,Steven Wilson,steven.wilson@northwindmaterials.com,QA Engineer,Engineering,E00121,"Atlanta, GA, USA",43518,,Full-Time,Active
E00391  ,Marilyn Jimenez,marilyn.jimenez@northwindmaterials.com,Supply Chain Analyst,Supply Chain,E00074,"Chennai, India",2018-11-05,,Full-Time,Active
E00392,Jennifer Hicks,jennifer.hicks@northwindmaterials.com,AP Specialist,Finance,E00120,"Atlanta, GA, USA",45013,,Full-Time,Active
E393,Joshua Davenport,joshua.davenport@northwindmaterials.com,Network Engineer,Information Technology,E00112,"Pune, India",2021-03-02,,Full-Time,Active
E394,Tina Sanchez,tina.sanchez@northwindmaterials.com,DevOps Engineer,Engineering,E00169,"Detroit, MI, USA",09/04/2025,,Full-Time,Active
E395,Andrea Reyes,andrea.reyes@northwindmaterials.com,Systems Administrator,Information Technology,E00053,"Chennai, India",2015-08-15,,Full-Time,Active
E396,Sandra Romero,sandra.romero@northwindmaterials.com,AP Specialist,Finance,E00125,"Houston, TX, USA",2021-06-12,,Full-Time,Active
E0397,Natasha Shields,natasha.shields@northwindmaterials.com,Software Engineer,Engineering,E00993,"Cleveland, OH, USA",44375,2024-12-24,Full-Time,Active
E00398,Joshua Tyler,joshua.tyler@northwindmaterials.com,Procurement Specialist,Supply Chain,E00190,"Chennai, India",2025-10-03,,Full-Time,Active
E399,Robert Villa,robert.villa@northwindmaterials.com,Software Engineer,Engineering,E00111,"Cleveland, OH, USA",01/25/2025,,Full-Time,Active
E400,William Hoover,william.hoover@northwindmaterials.com,QA Analyst,Quality Assurance,E00163,"Houston, TX, USA",43725,,Full-Time,Active
E00401  ,Justin Evans,justin.evans@northwindmaterials.com,DevOps Engineer,Engineering,E00089,"Chennai, India",42105,,Full-Time,Active
402,Brenda Duarte,brenda.duarte@northwindmaterials.com,Financial Analyst,Finance,E00168,"Atlanta, GA, USA",09/24/2014,,Full-Time,Active
E00403,Tracy Hernandez,tracy.hernandez@northwindmaterials.com,Accountant,Finance,E00132,"Houston, TX, USA",43147,,Full-Time,Active
404,Amanda Reed,amanda.reed@northwindmaterials.com,AP Specialist,Finance,E00125,"Detroit, MI, USA",07/25/2020,,Full-Time,Active
E0405,Andrea Daniels,andrea.daniels@northwindmaterials.com,Production Associate,Manufacturing,E00084,"Atlanta, GA, USA",05/28/2021,,Full-Time,Active
E0406,Stanley Morris,stanley.morris@northwindmaterials.com,QA Engineer,Engineering,E00169,"Chennai, India",2025-04-10,,Full-Time,Active
E0407,Jacob Terry,jacob.terry@northwindmaterials.com,Software Engineer,Engineering,E00145,"Atlanta, GA, USA",42903,,Full-Time,Active
E0408,Ashley Hall,ashley.hall@northwindmaterials.com,Systems Administrator,Information Technology,E00065,"Houston, TX, USA",44242,,Full-Time,Active
E409,Kimberly Williams,kimberly.williams@northwindmaterials.com,Financial Analyst,Finance,,"Atlanta, GA, USA",45303,,Full-Time,Active
E410,Julie Thornton,julie.thornton@northwindmaterials.com,Software Engineer,Engineering,E00174,"Chennai, India",2018-09-12,,Full-Time,Active
E00411,Lisa Hughes,lisa.hughes@northwindmaterials.com,DevOps Engineer,Engineering,E00181,"Atlanta, GA, USA",09/15/2025,,Full-Time,Active
E00412,Elizabeth Hoover,elizabeth.hoover@northwindmaterials.com,Financial Analyst,Finance,E00056,"Pune, India",43890,,Full-Time,Active
413,Tina Simpson,tina.simpson@northwindmaterials.com,QA Analyst,Quality Assurance,E00135,"Chennai, India",42119,,Full-Time,Active
E00414  ,Benjamin Shaw,benjamin.shaw@northwindmaterials.com,Financial Analyst,Finance,E00156,"Cleveland, OH, USA",05/08/2017,,Full-Time,Active
E415,Brittany Kane,brittany.kane@northwindmaterials.com,Senior Software Engineer,Engineering,E00111,"Houston, TX, USA",11/21/2020,,Full-Time,Active
E416,Morgan Alexander,morgan.alexander@northwindmaterials.com,Network Engineer,Information Technology,E00155,"Atlanta, GA, USA",09/25/2025,,Full-Time,Active
E0417,Alicia Bryant,alicia.bryant@northwindmaterials.com,Procurement Specialist,Supply Chain,E00074,"Chennai, India",42432,,Full-Time,Active
E00418,Jennifer Ortiz,jennifer.ortiz@northwindmaterials.com,Paralegal,Legal,E00104,"Houston, TX, USA",2022-10-15,,Full-Time,Active
E419,Diana Moore,diana.moore@northwindmaterials.com,Software Engineer,Engineering,E00184,"Pune, India",06/14/2025,,Full-Time,Active
E00420  ,Terrance Costa,terrance.costa@northwindmaterials.com,Financial Analyst,Finance,E00147,"Cleveland, OH, USA",2024-06-15,,Full-Time,Active
E421,Matthew Schwartz,matthew.schwartz@northwindmaterials.com,Recruiter,Human Resources,E00072,"Detroit, MI, USA",06/16/2020,,Full-Time,Active
E422,Debra Christian,debra.christian@northwindmaterials.com,Supply Chain Analyst,Supply Chain,E00007,"Chennai, India",45785,,Full-Time,Active
E00423  ,Melissa Villarreal,melissa.villarreal@northwindmaterials.com,QA Engineer,Engineering,E00117,"Atlanta, GA, USA",42865,,Full-Time,Active
E0424,Norman Stewart,norman.stewart@northwindmaterials.com,QA Analyst,Quality Assurance,E00166,"Cleveland, OH, USA",44943,,Full-Time,Active
E00425,Jennifer Malone,jennifer.malone@northwindmaterials.com,Senior Software Engineer,Engineering,E00159,"Atlanta, GA, USA",03/03/2026,,Full-Time,Active
426,Monique Johnson,monique.johnson@northwindmaterials.com,Network Engineer,Information Technology,E00091,"Pune, India",42029,,Full-Time,Active
E00427,Casey Welch,casey.welch@northwindmaterials.com,Customer Success Associate,Customer Success,E00077,"Houston, TX, USA",06/30/2020,,Full-Time,Active
E428,Samantha Bright,samantha.bright@northwindmaterials.com,Supply Chain Analyst,Supply Chain,E00149,"Pune, India",2018-04-30,,Full-Time,Active
429,Julie Hamilton,julie.hamilton@northwindmaterials.com,Software Engineer,Engineering,E00111,"Houston, TX, USA",42365,,Full-Time,Active
E00430,Corey Schultz,corey.schultz@northwindmaterials.com,Supply Chain Analyst,Supply Chain,E00119,"Cleveland, OH, USA",2017-12-14,,Full-Time,Active
431,Monique Wallace,monique.wallace@northwindmaterials.com,Supply Chain Analyst,Supply Chain,E00157,"Houston, TX, USA",2021-11-04,,Full-Time,Active
E0432,Heather Berger,heather.berger@northwindmaterials.com,DevOps Engineer,Engineering,E00128,"Atlanta, GA, USA",2025-01-05,,Full-Time,Active
433,Brandon Flynn,brandon.flynn@northwindmaterials.com,Financial Analyst,Finance,E00125,"Chennai, India",42995,,Full-Time,Active
434,Kelly Brooks,kelly.brooks@northwindmaterials.com,Compliance Analyst,Legal,E00104,"Cleveland, OH, USA",2022-09-09,,Full-Time,Active
E435,Dustin Schmidt,dustin.schmidt@northwindmaterials.com,Financial Analyst,Finance,E00148,"Houston, TX, USA",05/03/2018,,Full-Time,Active
E436,Ashlee Sparks,ashlee.sparks@northwindmaterials.com,AP Specialist,Finance,E00164,"Atlanta, GA, USA",42319,,Full-Time,Active
E0437,George Miller,george.miller@northwindmaterials.com,Plant Technician,Manufacturing,E00141,"Atlanta, GA, USA",2020-10-15,,Full-Time,Active
E438,Monica Harvey,monica.harvey@northwindmaterials.com,Procurement Specialist,Supply Chain,E00052,"Pune, India",44844,,Full-Time,Active
E0439,John Durham,john.durham@northwindmaterials.com,Software Engineer,Engineering,E00127,"Atlanta, GA, USA",01/31/2024,,Full-Time,Active
E440,Douglas Murray,douglas.murray@northwindmaterials.com,Compliance Analyst,Legal,E00068,"Detroit, MI, USA",44802,,Full-Time,Active
E441,Jonathan Scott,jonathan.scott@northwindmaterials.com,Line Supervisor,Manufacturing,E00079,"Chennai, India",42285,,Full-Time,Active
E0442,Albert Ballard,albert.ballard@northwindmaterials.com,Procurement Specialist,Supply Chain,E00082,"Atlanta, GA, USA",2021-03-05,,Full-Time,Active
443,Rachel Byrd,rachel.byrd@northwindmaterials.com,QA Engineer,Engineering,E00110,"Pune, India",2021-03-20,,Full-Time,Active
E00444  ,Eric Alexander,eric.alexander@northwindmaterials.com,Customer Success Associate,Customer Success,E00144,"Houston, TX, USA",46224,,Full-Time,Active
E0445,Michael Matthews,michael.matthews@northwindmaterials.com,QA Analyst,Quality Assurance,E00179,"Houston, TX, USA",42515,,Full-Time,Active
E00446,Danielle Coleman,danielle.coleman@northwindmaterials.com,Customer Success Associate,Customer Success,E00167,"Pune, India",2026-03-14,,Full-Time,Active
E0447,John Bruce,john.bruce@northwindmaterials.com,Customer Success Associate,Customer Success,E00060,"Chennai, India",01/08/2019,,Full-Time,Active
E0448,James Cruz,james.cruz@northwindmaterials.com,IT Support Specialist,Information Technology,E02088,"Chennai, India",10/14/2018,2025-09-26,Full-Time,Active
E0449,Timothy Young,timothy.young@northwindmaterials.com,Supply Chain Analyst,Supply Chain,E00066,"Detroit, MI, USA",10/17/2016,,Full-Time,Active
450,Ashley Andrews,ashley.andrews@northwindmaterials.com,Compliance Analyst,Legal,E00068,"Cleveland, OH, USA",06/04/2018,,Full-Time,Active
E00451  ,Victoria Phillips,victoria.phillips@northwindmaterials.com,Procurement Specialist,Supply Chain,E00119,"Detroit, MI, USA",2021-11-28,,Full-Time,Active
452,Tiffany Barrett,tiffany.barrett@northwindmaterials.com,Procurement Specialist,Supply Chain,E00126,"Houston, TX, USA",10/07/2021,,Full-Time,Active
453,Joshua Knight,joshua.knight@northwindmaterials.com,Production Associate,Manufacturing,E00134,"Atlanta, GA, USA",2021-06-05,,Full-Time,Active
E0454,Gina Garner,gina.garner@northwindmaterials.com,Customer Success Associate,Customer Success,E00080,"Pune, India",10/05/2020,,Full-Time,Active
E00455,Brandon Obrien,brandon.obrien@northwindmaterials.com,AP Specialist,Finance,E00148,"Chennai, India",44855,,Full-Time,Active
E00456  ,Tyler Strong,tyler.strong@northwindmaterials.com,Senior Software Engineer,Engineering,E00089,"Cleveland, OH, USA",2016-10-28,,Full-Time,Active
E00457  ,Justin Lindsey,justin.lindsey@northwindmaterials.com,Line Supervisor,Manufacturing,E00063,"Pune, India",2026-08-29,,Full-Time,Active
E0458,Catherine Gomez,catherine.gomez@northwindmaterials.com,Compliance Analyst,Legal,E00104,"Pune, India",44766,,Full-Time,Active
E00459,Dana Oliver,dana.oliver@northwindmaterials.com,Plant Technician,Manufacturing,E00079,"Atlanta, GA, USA",11/24/2017,,Full-Time,Active
E00460  ,Erica Le,erica.le@northwindmaterials.com,Accountant,Finance,E00108,"Houston, TX, USA",2014-12-18,,Full-Time,Active
461,Donna Massey,donna.massey@northwindmaterials.com,DevOps Engineer,Engineering,E00045,"Houston, TX, USA",2017-09-29,,Full-Time,Active
E462,Courtney Berger,courtney.berger@northwindmaterials.com,Procurement Specialist,Supply Chain,E00182,"Detroit, MI, USA",46130,,Full-Time,Active
E00463,Debbie Parker,debbie.parker@northwindmaterials.com,Accountant,Finance,E00156,"Pune, India",2020-12-26,,Full-Time,Active
E0464,Scott Riley,scott.riley@northwindmaterials.com,Supply Chain Analyst,Supply Chain,E00119,"Chennai, India",44941,,Full-Time,Active
E465,Jessica Davis,jessica.davis@northwindmaterials.com,Recruiter,Human Resources,E00107,"Houston, TX, USA",2025-07-20,,Full-Time,Active
E466,Kenneth Burgess,kenneth.burgess@northwindmaterials.com,Supply Chain Analyst,Supply Chain,E00093,"Atlanta, GA, USA",45261,,Full-Time,Active
E467,Gregory Anderson,gregory.anderson@northwindmaterials.com,Quality Inspector,Quality Assurance,E00070,"Atlanta, GA, USA",44673,,Full-Time,Active
E00468  ,Amber Mata,amber.mata@northwindmaterials.com,Systems Administrator,Information Technology,E00189,"Pune, India",43221,,Full-Time,Active
E00469  ,Alyssa Mcintyre,alyssa.mcintyre@northwindmaterials.com,Supply Chain Analyst,Supply Chain,E00118,"Detroit, MI, USA",42725,,Full-Time,Active
E00470  ,Maria Scott,maria.scott@northwindmaterials.com,Support Specialist,Customer Success,E00144,"Detroit, MI, USA",07/24/2019,,Full-Time,Active
E00471,Makayla Olson,makayla.olson@northwindmaterials.com,Procurement Specialist,Supply Chain,E00187,"Pune, India",2018-02-21,,Full-Time,Active
472,Lindsay Francis,lindsay.francis@northwindmaterials.com,Logistics Coordinator,Operations,E00170,"Cleveland, OH, USA",12/18/2025,,Full-Time,Active
473,Matthew Wilson,matthew.wilson@northwindmaterials.com,Customer Success Associate,Customer Success,E00133,"Chennai, India",43697,,Full-Time,Active
E00474,Sydney Taylor,sydney.taylor@northwindmaterials.com,Network Engineer,Information Technology,E00091,"Houston, TX, USA",2018-11-25,,Full-Time,Active
E00475,Tammy Dalton,tammy.dalton@northwindmaterials.com,Paralegal,Legal,E00078,"Chennai, India",2026-06-19,,Full-Time,Active
E476,Jennifer Whitney,jennifer.whitney@northwindmaterials.com,Systems Administrator,Information Technology,E00053,"Atlanta, GA, USA",46244,,Full-Time,Active
E00477  ,Tammy Ballard,tammy.ballard@northwindmaterials.com,Production Associate,Manufacturing,E00051,"Chennai, India",2017-03-25,,Full-Time,Active
E478,Michael Gibbs,michael.gibbs@northwindmaterials.com,Paralegal,Legal,E00076,"Houston, TX, USA",45304,,Full-Time,Active
E00479,Alexander Herrera,alexander.herrera@northwindmaterials.com,Supply Chain Analyst,Supply Chain,,"Cleveland, OH, USA",2025-01-01,2026-07-19,Full-Time,Terminated
E0480,Shawn Chambers,shawn.chambers@northwindmaterials.com,Procurement Specialist,Supply Chain,E00094,"Pune, India",2016-05-21,,Full-Time,Active
481,Emily Richards,emily.richards@northwindmaterials.com,HR Coordinator,Human Resources,E00136,"Pune, India",42840,,Full-Time,Active
E0482,Lynn Bentley,lynn.bentley@northwindmaterials.com,IT Support Specialist,Information Technology,,"Houston, TX, USA",08/14/2017,,Full-Time,Active
E0483,Daniel Hall,daniel.hall@northwindmaterials.com,QA Analyst,Quality Assurance,E00166,"Chennai, India",01/24/2015,,Full-Time,Active
484,Angel Henson,angel.henson@northwindmaterials.com,Paralegal,Legal,E00129,"Atlanta, GA, USA",2025-06-06,,Full-Time,Active
485,Anna Herman,anna.herman@northwindmaterials.com,Paralegal,Legal,E00062,"Cleveland, OH, USA",2022-06-26,,Full-Time,Active
E0486,Jeffrey Brown,jeffrey.brown@northwindmaterials.com,Support Specialist,Customer Success,E00144,"Detroit, MI, USA",08/30/2021,,Full-Time,Active
E00487  ,Madison Blankenship,madison.blankenship@northwindmaterials.com,Customer Success Associate,Customer Success,E00144,"Houston, TX, USA",10/22/2022,,Full-Time,Active
488,Kevin Ortiz,kevin.ortiz@northwindmaterials.com,Financial Analyst,Finance,,"Atlanta, GA, USA",2017-10-16,,Full-Time,Active
E0489,Donald Shah,donald.shah@northwindmaterials.com,Supply Chain Analyst,Supply Chain,E00137,"Pune, India",2024-08-02,,Full-Time,Active
E00490,Kevin Vasquez,kevin.vasquez@northwindmaterials.com,Supply Chain Analyst,Supply Chain,E00140,"Detroit, MI, USA",05/29/2026,,Full-Time,Active
E00491,Colton Clay,colton.clay@northwindmaterials.com,Support Specialist,Customer Success,E00102,"Detroit, MI, USA",05/07/2022,,Full-Time,Active
E00492,Derek Chavez,derek.chavez@northwindmaterials.com,QA Analyst,Quality Assurance,E00186,"Pune, India",43296,,Full-Time,Active
E493,Ellen Paul,ellen.paul@northwindmaterials.com,Quality Inspector,Quality Assurance,,"Chennai, India",2021-07-04,,Full-Time,Active
E00494  ,Sonya Barnes,sonya.barnes@northwindmaterials.com,Supply Chain Analyst,Supply Chain,E00161,"Chennai, India",04/27/2015,,Full-Time,Active
E0495,Julia Moore,julia.moore@northwindmaterials.com,Financial Analyst,Finance,E00147,"Cleveland, OH, USA",05/02/2017,,Full-Time,Active
496,Robert Garcia,robert.garcia@northwindmaterials.com,Procurement Specialist,Supply Chain,E00054,"Houston, TX, USA",08/30/2019,,Full-Time,Active
E00497,Tracy Russell,tracy.russell@northwindmaterials.com,Software Engineer,Engineering,E00169,"Detroit, MI, USA",42940,,Full-Time,Active
E498,Stephanie Johnson,stephanie.johnson@northwindmaterials.com,AP Specialist,Finance,E00103,"Cleveland, OH, USA",11/13/2017,,Full-Time,Active
499,Mitchell Ramos,mitchell.ramos@northwindmaterials.com,Support Specialist,Customer Success,E00142,"Houston, TX, USA",43742,,Full-Time,Active
E00500  ,Stephanie Foley,stephanie.foley@northwindmaterials.com,DevOps Engineer,Engineering,E00181,"Pune, India",07/27/2021,,Full-Time,Active
501,Cory Jennings,cory.jennings@northwindmaterials.com,Supply Chain Analyst,Supply Chain,,"Chennai, India",2017-06-26,,Full-Time,Active
E00502,Amy Levine,amy.levine@northwindmaterials.com,Compliance Analyst,Legal,E00068,"Pune, India",43605,,Full-Time,Active
E00503,Michael Sanders,michael.sanders@northwindmaterials.com,Accountant,Finance,E00147,"Detroit, MI, USA",08/05/2017,,Full-Time,Active
E0504,James Martinez,james.martinez@northwindmaterials.com,Procurement Specialist,Supply Chain,E00137,"Atlanta, GA, USA",42529,,Full-Time,Active
E0505,Melanie Gibson,melanie.gibson@northwindmaterials.com,Financial Analyst,Finance,E00156,"Houston, TX, USA",45366,,Full-Time,Active
E506,Elizabeth May,elizabeth.may@northwindmaterials.com,Compliance Analyst,Legal,E00068,"Pune, India",42801,,Full-Time,Active
E00507  ,Carla Smith,carla.smith@northwindmaterials.com,Machine Operator,Manufacturing,E00134,"Atlanta, GA, USA",2016-06-01,,Full-Time,Active
E508,Kristin Sanchez,kristin.sanchez@northwindmaterials.com,Customer Success Associate,Customer Success,E00113,"Detroit, MI, USA",2015-02-05,,Full-Time,Active
509,David Cunningham,david.cunningham@northwindmaterials.com,Software Engineer,Engineering,E00159,"Chennai, India",07/15/2025,2026-04-04,Full-Time,Terminated
E510,Casey Hubbard,casey.hubbard@northwindmaterials.com,Quality Inspector,Quality Assurance,,"Detroit, MI, USA",45418,2026-07-22,Full-Time,Terminated
E00511,Jamie Robinson,jamie.robinson@northwindmaterials.com,Senior Software Engineer,Engineering,E00128,"Cleveland, OH, USA",2015-08-18,,Full-Time,Active
E512,Molly Murphy,molly.murphy@northwindmaterials.com,Procurement Specialist,Supply Chain,E00187,"Detroit, MI, USA",01/29/2019,,Full-Time,Active
E00513,Dylan Lester,dylan.lester@northwindmaterials.com,Senior Software Engineer,Engineering,E02079,"Pune, India",42769,,Full-Time,Active
E0514,Aaron Garrison,aaron.garrison@northwindmaterials.com,IT Support Specialist,Information Technology,,"Houston, TX, USA",05/30/2015,,Full-Time,Active
E00515,Duane Anderson,duane.anderson@northwindmaterials.com,Customer Success Associate,Customer Success,E00080,"Houston, TX, USA",03/11/2026,2025-11-14,Full-Time,Active
E00516  ,John Thompson,john.thompson@northwindmaterials.com,Customer Success Associate,Customer Success,E00080,"Pune, India",01/02/2016,,Full-Time,Active
E0517,Donna Johnson,donna.johnson@northwindmaterials.com,HR Generalist,Human Resources,E00107,"Detroit, MI, USA",2025-03-12,,Full-Time,Active
E518,Alexis Tyler,alexis.tyler@northwindmaterials.com,Senior Software Engineer,Engineering,E00049,"Detroit, MI, USA",42860,,Full-Time,Active
E0519,John Morris,john.morris@northwindmaterials.com,Plant Technician,Manufacturing,E00134,"Pune, India",05/07/2020,,Full-Time,Active
E00520,Grant Williams,grant.williams@northwindmaterials.com,Financial Analyst,Finance,E00125,"Cleveland, OH, USA",2015-08-24,,Full-Time,Active
E00521,Judy Fox,judy.fox@northwindmaterials.com,Software Engineer,Engineering,E00110,"Cleveland, OH, USA",02/28/2016,,Full-Time,Active
E0522,Julie Alvarez,julie.alvarez@northwindmaterials.com,Customer Success Associate,Customer Success,E00150,"Chennai, India",06/10/2021,,Full-Time,Active
523,Kimberly Palmer,kimberly.palmer@northwindmaterials.com,Supply Chain Analyst,Supply Chain,E00059,"Atlanta, GA, USA",41970,,Full-Time,Active
E00524,Daniel Gordon,daniel.gordon@northwindmaterials.com,Quality Inspector,Quality Assurance,E00135,"Atlanta, GA, USA",2016-11-02,,Full-Time,Active
E00525,Sonia Williams,sonia.williams@northwindmaterials.com,Senior Software Engineer,Engineering,E00171,"Pune, India",2017-06-14,,Full-Time,Active
526,Krista Camacho,krista.camacho@northwindmaterials.com,Supply Chain Analyst,Supply Chain,E00054,"Atlanta, GA, USA",04/13/2019,,Full-Time,Active
E0527,Adrienne Ellis,adrienne.ellis@northwindmaterials.com,Operations Analyst,Operations,E00050,"Atlanta, GA, USA",43524,,Full-Time,Active
E528,Tamara Brown,tamara.brown@northwindmaterials.com,DevOps Engineer,Engineering,E00145,"Chennai, India",10/26/2018,,Full-Time,Active
E529,Timothy Morales,timothy.morales@northwindmaterials.com,QA Analyst,Quality Assurance,E00070,"Chennai, India",44765,,Full-Time,Active
E530,Gina Henry,gina.henry@northwindmaterials.com,Financial Analyst,Finance,E00156,"Detroit, MI, USA",05/01/2015,,Full-Time,Active
E00531  ,Renee Jones,renee.jones@northwindmaterials.com,AP Specialist,Finance,E00125,"Cleveland, OH, USA",2016-09-16,,Full-Time,Active
E00532  ,Christopher Franklin,christopher.franklin@northwindmaterials.com,Procurement Specialist,Supply Chain,E00059,"Houston, TX, USA",12/09/2017,,Full-Time,Active
E0533,Cameron Hill,cameron.hill@northwindmaterials.com,Compliance Analyst,Legal,E00192,"Atlanta, GA, USA",11/23/2020,,Full-Time,Active
E00534,Cynthia Kelley,cynthia.kelley@northwindmaterials.com,QA Analyst,Quality Assurance,E00178,"Atlanta, GA, USA",06/23/2022,,Full-Time,Active
E535,Mark Vang,mark.vang@northwindmaterials.com,Line Supervisor,Manufacturing,E00172,"Detroit, MI, USA",2022-07-29,,Full-Time,Active
E536,Alyssa Chavez,alyssa.chavez@northwindmaterials.com,HR Coordinator,Human Resources,E00072,"Chennai, India",2018-04-11,,Full-Time,Active
E00537,Catherine Garcia,catherine.garcia@northwindmaterials.com,Senior Software Engineer,Engineering,E00184,"Atlanta, GA, USA",11/26/2025,,Full-Time,Active
538,Jacqueline Farrell,jacqueline.farrell@northwindmaterials.com,Operations Analyst,Operations,E00158,"Atlanta, GA, USA",43867,,Full-Time,Active
E539,Debra Mack,debra.mack@northwindmaterials.com,Compliance Analyst,Legal,E00129,"Atlanta, GA, USA",2025-12-31,,Full-Time,Active
E540,Jennifer Lewis,jennifer.lewis@northwindmaterials.com,Procurement Specialist,Supply Chain,E00149,"Houston, TX, USA",2016-03-16,,Full-Time,Active
541,Shannon Perez,shannon.perez@northwindmaterials.com,QA Analyst,Quality Assurance,E00152,"Chennai, India",11/23/2016,,Full-Time,Active
E0542,Matthew Chavez,matthew.chavez@northwindmaterials.com,Accountant,Finance,E00108,"Cleveland, OH, USA",12/27/2014,,Full-Time,Active
E00543,Robert Davis,robert.davis@northwindmaterials.com,Financial Analyst,Finance,E00164,"Detroit, MI, USA",07/15/2026,,Full-Time,Active
E00544  ,Ronald Ortega,ronald.ortega@northwindmaterials.com,Financial Analyst,Finance,E00064,"Atlanta, GA, USA",2019-07-17,,Full-Time,Active
545,Nicholas Hernandez,nicholas.hernandez@northwindmaterials.com,Logistics Coordinator,Operations,E00067,"Cleveland, OH, USA",2018-12-21,,Full-Time,Active
E0546,Sandra Jones,sandra.jones@northwindmaterials.com,Quality Inspector,Quality Assurance,E00185,"Pune, India",2020-12-29,,Full-Time,Active
E00547,Marie Davis,marie.davis@northwindmaterials.com,QA Analyst,Quality Assurance,E00186,"Chennai, India",07/12/2018,,Full-Time,Active
548,Colin Rodgers,colin.rodgers@northwindmaterials.com,Supply Chain Analyst,Supply Chain,E00074,"Houston, TX, USA",2014-10-09,,Full-Time,Active
E549,Lisa Hawkins,lisa.hawkins@northwindmaterials.com,Procurement Specialist,Supply Chain,E00151,"Houston, TX, USA",11/20/2016,,Full-Time,Active
E00550,Priyanka Müller,priyanka.müller@northwindmaterials.com,Supply Chain Analyst,Supply Chain,E00122,"Detroit, MI, USA",06/23/2019,2025-01-06,Full-Time,Active
E00551,Mark Martinez,mark.martinez@northwindmaterials.com,Procurement Specialist,Supply Chain,E00190,"Cleveland, OH, USA",46016,2025-09-12,Full-Time,Active
E552,Michael Ortega,michael.ortega@northwindmaterials.com,Quality Inspector,Quality Assurance,E00166,"Detroit, MI, USA",45774,,Full-Time,Active
E00553,Karen Parrish,karen.parrish@northwindmaterials.com,AP Specialist,Finance,E00132,"Houston, TX, USA",11/23/2022,,Full-Time,Active
E00554  ,Jennifer Schmitt,jennifer.schmitt@northwindmaterials.com,Recruiter,Human Resources,E00072,"Pune, India",10/29/2018,,Full-Time,Active
E0555,Caroline Bell,caroline.bell@northwindmaterials.com,Supply Chain Analyst,Supply Chain,E00100,"Pune, India",45487,,Full-Time,Active
E00556  ,Becky Lewis,becky.lewis@northwindmaterials.com,Quality Inspector,Quality Assurance,E00185,"Pune, India",2017-01-30,,Full-Time,Active
E0557,Diane Walker,diane.walker@northwindmaterials.com,Software Engineer,Engineering,E00111,"Cleveland, OH, USA",43367,,Full-Time,Active
E00558  ,Daniel Bruce,daniel.bruce@northwindmaterials.com,Network Engineer,Information Technology,E00112,"Houston, TX, USA",44792,,Full-Time,Active
E559,Michael Farmer,michael.farmer@northwindmaterials.com,Compliance Analyst,Legal,E00129,"Detroit, MI, USA",03/10/2023,,Full-Time,Active
560,Audrey Aguirre,audrey.aguirre@northwindmaterials.com,Senior Software Engineer,Engineering,E00089,"Pune, India",2024-03-09,2025-08-23,Full-Time,Active
E561,Megan Villegas,megan.villegas@northwindmaterials.com,Software Engineer,Engineering,E00145,"Cleveland, OH, USA",06/25/2019,,Full-Time,Active
E562,Loretta Austin,loretta.austin@northwindmaterials.com,Operations Analyst,Operations,E00050,"Chennai, India",03/17/2026,,Full-Time,Active
563,Dawn Johnson,dawn.johnson@northwindmaterials.com,Quality Inspector,Quality Assurance,E00178,"Atlanta, GA, USA",2019-10-12,,Full-Time,Active
E00564,Sarah Gallegos,sarah.gallegos@northwindmaterials.com,Support Specialist,Customer Success,E00150,"Houston, TX, USA",10/25/2023,2025-05-24,Full-Time,Active
E00565  ,Joseph White,joseph.white@northwindmaterials.com,Systems Administrator,Information Technology,E00083,"Houston, TX, USA",42810,,Full-Time,Active
E0566,Jacqueline Parker,jacqueline.parker@northwindmaterials.com,Procurement Specialist,Supply Chain,E00126,"Detroit, MI, USA",09/21/2021,,Full-Time,Active
E567,Matthew Smith,matthew.smith@northwindmaterials.com,Procurement Specialist,Supply Chain,E00082,"Pune, India",42898,,Full-Time,Active
E00568,Molly Knight,molly.knight@northwindmaterials.com,Paralegal,Legal,E00055,"Houston, TX, USA",45702,,Full-Time,Active
E00569  ,Richard Thomas,richard.thomas@northwindmaterials.com,AP Specialist,Finance,E00156,"Atlanta, GA, USA",2017-02-23,,Full-Time,Active
E0570,Cynthia Johnson,cynthia.johnson@northwindmaterials.com,Support Specialist,Customer Success,E00167,"Atlanta, GA, USA",2026-05-01,,Full-Time,Active
E571,Julie Lewis,julie.lewis@northwindmaterials.com,IT Support Specialist,Information Technology,E00112,"Pune, India",09/21/2017,,Full-Time,Active
E00572  ,Robert Peterson,robert.peterson@northwindmaterials.com,Recruiter,Human Resources,E00072,"Atlanta, GA, USA",2025-10-17,,Full-Time,Active
E00573  ,Mitchell Griffith,mitchell.griffith@northwindmaterials.com,Support Specialist,Customer Success,E00071,"Chennai, India",10/11/2022,,Full-Time,Active
E574,Kimberly Bradley,kimberly.bradley@northwindmaterials.com,Support Specialist,Customer Success,E00167,"Detroit, MI, USA",02/20/2021,,Full-Time,Active
E575,Christopher Williams,christopher.williams@northwindmaterials.com,QA Analyst,Quality Assurance,E00099,"Pune, India",2015-08-02,,Full-Time,Active
E00576  ,Eric Williamson,eric.williamson@northwindmaterials.com,Software Engineer,Engineering,E00057,"Cleveland, OH, USA",2016-07-08,,Full-Time,Active
577,Emily Nelson,emily.nelson@northwindmaterials.com,Financial Analyst,Finance,E00120,"Cleveland, OH, USA",01/12/2022,,Full-Time,Active
E0578,Ebony Tucker,ebony.tucker@northwindmaterials.com,Accountant,Finance,E00108,"Houston, TX, USA",09/30/2025,,Full-Time,Active
579,Scott Nelson,scott.nelson@northwindmaterials.com,Quality Inspector,Quality Assurance,E00073,"Atlanta, GA, USA",42833,,Full-Time,Active
E0580,Kari Wilson,kari.wilson@northwindmaterials.com,Senior Software Engineer,Engineering,E00153,"Cleveland, OH, USA",45038,2025-08-12,Full-Time,Active
E00771,Russell Campbell,russell.campbell@northwindmaterials.com,Procurement Specialist,Supply Chain,E00140,"Pune, India",44209,,Full-Time,Active
E00582,Erika Tucker,erika.tucker@northwindmaterials.com,QA Analyst,Quality Assurance,E00186,"Detroit, MI, USA",12/03/2024,,Full-Time,Active
E00583,Elizabeth Williams,elizabeth.williams@northwindmaterials.com,Customer Success Associate,Customer Success,E00144,"Atlanta, GA, USA",09/02/2021,,Full-Time,Active
584,Randall Greene,randall.greene@northwindmaterials.com,Line Supervisor,Manufacturing,E00047,"Detroit, MI, USA",45522,,Full-Time,Active
E00585,Adrian Turner,adrian.turner@northwindmaterials.com,Compliance Analyst,Legal,E00123,"Pune, India",43736,2026-03-30,Full-Time,Terminated
586,Jason Taylor,jason.taylor@northwindmaterials.com,QA Analyst,Quality Assurance,E00146,"Houston, TX, USA",2023-10-23,,Full-Time,Active
E587,Jonathan Murphy,jonathan.murphy@northwindmaterials.com,Recruiter,Human Resources,E00072,"Detroit, MI, USA",03/11/2021,,Full-Time,Active
E00588,Adrian Burgess,adrian.burgess@northwindmaterials.com,Procurement Specialist,Supply Chain,E00126,"Pune, India",04/09/2024,,Full-Time,Active
E589,Gregory James,gregory.james@northwindmaterials.com,Compliance Analyst,Legal,E00160,"Detroit, MI, USA",43432,,Full-Time,Active
E00590  ,Jane Mason,jane.mason@northwindmaterials.com,IT Support Specialist,Information Technology,E00154,"Cleveland, OH, USA",2016-03-27,,Full-Time,Active
E00591  ,Martha Drake,martha.drake@northwindmaterials.com,Network Engineer,Information Technology,E00154,"Atlanta, GA, USA",05/05/2025,,Full-Time,Active
E00592,Charles Hensley,charles.hensley@northwindmaterials.com,Procurement Specialist,Supply Chain,E00177,"Atlanta, GA, USA",12/01/2022,,Full-Time,Active
E00593,Bobby Smith,bobby.smith@northwindmaterials.com,Supply Chain Analyst,Supply Chain,E00122,"Cleveland, OH, USA",43354,,Full-Time,Active
594,Samantha Atkins,samantha.atkins@northwindmaterials.com,Senior Software Engineer,Engineering,E00128,"Detroit, MI, USA",41990,,Full-Time,Active
E00595  ,Barbara Berry,barbara.berry@northwindmaterials.com,Procurement Specialist,Supply Chain,E00173,"Pune, India",2025-09-13,,Full-Time,Active
E0596,Jenna Butler,jenna.butler@northwindmaterials.com,Procurement Specialist,Supply Chain,E00173,"Houston, TX, USA",2017-01-12,,Full-Time,Active
E0597,Darius Smith,darius.smith@northwindmaterials.com,AP Specialist,Finance,E00132,"Chennai, India",45133,,Full-Time,Active
E0598,Mark Solis,mark.solis@northwindmaterials.com,Customer Success Associate,Customer Success,E00080,"Detroit, MI, USA",45474,,Full-Time,Active
E00599,Christine Collier,christine.collier@northwindmaterials.com,Support Specialist,Customer Success,E00080,"Cleveland, OH, USA",2026-05-25,,Full-Time,Active
E00600,Samantha Davis,samantha.davis@northwindmaterials.com,Quality Inspector,Quality Assurance,E00087,"Chennai, India",42582,,Full-Time,Active
E00601  ,Megan Sanchez,megan.sanchez@northwindmaterials.com,Paralegal,Legal,E00062,"Chennai, India",42862,,Full-Time,Active
E0602,Brianna Warren,brianna.warren@northwindmaterials.com,DevOps Engineer,Engineering,E00169,"Pune, India",43060,,Full-Time,Active
E00603,Randy Collins,randy.collins@northwindmaterials.com,Supply Chain Analyst,Supply Chain,E00191,"Chennai, India",45120,,Full-Time,Active
E00604  ,Matthew Cook,matthew.cook@northwindmaterials.com,Supply Chain Analyst,Supply Chain,E00187,"Chennai, India",2023-08-29,2025-09-28,Full-Time,Active
605,Gary Dixon,gary.dixon@northwindmaterials.com,Paralegal,Legal,E00123,"Atlanta, GA, USA",12/15/2016,,Full-Time,Active
E606,Daniel Hicks,daniel.hicks@northwindmaterials.com,Support Specialist,Customer Success,E00060,"Atlanta, GA, USA",2018-06-17,2024-09-30,Full-Time,Terminated
E00607,Rebecca Bailey,rebecca.bailey@northwindmaterials.com,Accountant,Finance,E00120,"Pune, India",42416,,Full-Time,Active
E00608,Jessica Fuentes,jessica.fuentes@northwindmaterials.com,QA Engineer,Engineering,E00057,"Pune, India",2022-10-31,,Full-Time,Active
E609,Lisa Young,lisa.young@northwindmaterials.com,Supply Chain Analyst,Supply Chain,E00061,"Atlanta, GA, USA",02/20/2019,,Full-Time,Active
E0610,Dwayne Gonzalez,dwayne.gonzalez@northwindmaterials.com,Operations Analyst,Operations,,"Detroit, MI, USA",04/09/2022,,Full-Time,Active
E00611,Carrie Wolf,carrie.wolf@northwindmaterials.com,Supply Chain Analyst,Supply Chain,E00137,"Detroit, MI, USA",03/02/2019,,Full-Time,Active
E00612,Diana Thompson,diana.thompson@northwindmaterials.com,Supply Chain Analyst,Supply Chain,E00066,"Atlanta, GA, USA",2023-09-28,,Full-Time,Active
613,Kendra Snyder,kendra.snyder@northwindmaterials.com,Procurement Specialist,Supply Chain,E00191,"Atlanta, GA, USA",2017-06-05,,Full-Time,Active
E00614  ,Karen Wolf,karen.wolf@northwindmaterials.com,Network Engineer,Information Technology,E00189,"Cleveland, OH, USA",11/24/2019,,Full-Time,Active
615,Shane Glass,shane.glass@northwindmaterials.com,AP Specialist,Finance,E00125,"Atlanta, GA, USA",45365,,Full-Time,Active
616,Anne Reid,anne.reid@northwindmaterials.com,Senior Software Engineer,Engineering,E00171,"Detroit, MI, USA",11/13/2025,,Full-Time,Active
E00617,Claudia Lin,claudia.lin@northwindmaterials.com,Operations Analyst,Operations,E00158,"Houston, TX, USA",44167,,Full-Time,Active
E618,Courtney Hernandez,courtney.hernandez@northwindmaterials.com,AP Specialist,Finance,E00064,"Chennai, India",2020-10-18,,Full-Time,Active
E00619,Carlos Ramos,carlos.ramos@northwindmaterials.com,Quality Inspector,Quality Assurance,E00087,"Cleveland, OH, USA",2023-08-26,,Full-Time,Active
E0620,Kevin Hill,kevin.hill@northwindmaterials.com,Systems Administrator,Information Technology,E00155,"Pune, India",2022-08-30,,Full-Time,Active
E621,Brian Romero,brian.romero@northwindmaterials.com,Network Engineer,Information Technology,E00176,"Cleveland, OH, USA",05/06/2025,,Full-Time,Active
E00622  ,Lance Hayes,lance.hayes@northwindmaterials.com,Recruiter,Human Resources,E00136,"Houston, TX, USA",45199,2024-12-21,Full-Time,Active
E00623  ,Brian Decker,brian.decker@northwindmaterials.com,Support Specialist,Customer Success,E00142,"Houston, TX, USA",07/17/2025,,Full-Time,Active
624,Chase Lin,chase.lin@northwindmaterials.com,AP Specialist,Finance,E00056,"Chennai, India",2026-02-22,,Full-Time,Active
E00625  ,Melissa Gilbert,melissa.gilbert@northwindmaterials.com,Software Engineer,Engineering,E00128,"Houston, TX, USA",12/05/2020,,Full-Time,Active
E626,William Ford,william.ford@northwindmaterials.com,Logistics Coordinator,Operations,E00067,"Houston, TX, USA",43093,2025-07-27,Full-Time,Active
E00627,Angela Conner,angela.conner@northwindmaterials.com,HR Coordinator,Human Resources,E00107,"Chennai, India",2024-11-14,,Full-Time,Active
E00628  ,Paula Cole,paula.cole@northwindmaterials.com,Accountant,Finance,E00081,"Detroit, MI, USA",42771,,Full-Time,Active
E00629,Lisa Pearson,lisa.pearson@northwindmaterials.com,Paralegal,Legal,E00192,"Houston, TX, USA",2017-05-31,,Full-Time,Active
E00630  ,Marc Alvarez,marc.alvarez@northwindmaterials.com,Supply Chain Analyst,Supply Chain,E00122,"Cleveland, OH, USA",04/18/2020,,Full-Time,Active
E631,Edward Brown,edward.brown@northwindmaterials.com,Accountant,Finance,E00064,"Pune, India",45894,,Full-Time,Active
E00632,Dale Nolan,dale.nolan@northwindmaterials.com,QA Engineer,Engineering,E00139,"Cleveland, OH, USA",45959,,Full-Time,Active
E633,Matthew Klein,matthew.klein@northwindmaterials.com,Procurement Specialist,Supply Chain,E00177,"Chennai, India",11/07/2019,,Full-Time,Active
634,William Thompson,william.thompson@northwindmaterials.com,Supply Chain Analyst,Supply Chain,E00151,"Detroit, MI, USA",42988,2026-07-07,Full-Time,Terminated
E635,John Kim,john.kim@northwindmaterials.com,QA Analyst,Quality Assurance,E00135,"Cleveland, OH, USA",05/05/2015,,Full-Time,Active
E636,Scott Mills,scott.mills@northwindmaterials.com,QA Analyst,Quality Assurance,E00097,"Atlanta, GA, USA",2016-11-27,,Full-Time,Active
E637,Erik Watson,erik.watson@northwindmaterials.com,Procurement Specialist,Supply Chain,E00092,"Cleveland, OH, USA",42318,,Full-Time,Active
E0638,Justin Ortiz,justin.ortiz@northwindmaterials.com,Procurement Specialist,Supply Chain,E00082,"Houston, TX, USA",42444,,Full-Time,Active
E00639  ,Matthew Harper,matthew.harper@northwindmaterials.com,Paralegal,Legal,E00068,"Chennai, India",11/05/2025,2025-12-31,Full-Time,Active
640,Kristina Holland,kristina.holland@northwindmaterials.com,Paralegal,Legal,E00129,"Pune, India",42105,,Full-Time,Active
E641,Cameron Davis,cameron.davis@northwindmaterials.com,Senior Software Engineer,Engineering,E00139,"Cleveland, OH, USA",09/10/2018,,Full-Time,Active
E642,Erika Mitchell,erika.mitchell@northwindmaterials.com,Senior Software Engineer,Engineering,E00089,"Chennai, India",2023-04-04,,Full-Time,Active
E0643,Jennifer Douglas,jennifer.douglas@northwindmaterials.com,IT Support Specialist,Information Technology,E00155,"Atlanta, GA, USA",2022-01-03,,Full-Time,Active
E00644,Rebecca Marks,rebecca.marks@northwindmaterials.com,HR Coordinator,Human Resources,E00136,"Chennai, India",2018-02-06,,Full-Time,Active
E00645  ,Mathew Aguilar,mathew.aguilar@northwindmaterials.com,Accountant,Finance,E00103,"Pune, India",2021-06-19,,Full-Time,Active
E0646,Donald Bailey,donald.bailey@northwindmaterials.com,Line Supervisor,Manufacturing,E00115,"Cleveland, OH, USA",42675,,Full-Time,Active
E00647  ,Tammy Hale,tammy.hale@northwindmaterials.com,Quality Inspector,Quality Assurance,E00179,"Houston, TX, USA",2016-05-22,,Full-Time,Active
E00648  ,Philip Larson,philip.larson@northwindmaterials.com,Quality Inspector,Quality Assurance,E00163,"Houston, TX, USA",05/03/2026,,Full-Time,Active
E0649,Sharon Collins,sharon.collins@northwindmaterials.com,Systems Administrator,Information Technology,E00189,"Atlanta, GA, USA",45918,,Full-Time,Active
E650,Nicholas Conner,nicholas.conner@northwindmaterials.com,Line Supervisor,Manufacturing,E00115,"Pune, India",02/15/2025,,Full-Time,Active
651,Lisa Santiago,lisa.santiago@northwindmaterials.com,QA Analyst,Quality Assurance,E00178,"Cleveland, OH, USA",2019-03-16,,Full-Time,Active
E652,Maria Rodgers,maria.rodgers@northwindmaterials.com,Procurement Specialist,Supply Chain,E00094,"Houston, TX, USA",44290,,Full-Time,Active
E653,Gina Fox,gina.fox@northwindmaterials.com,AP Specialist,Finance,E00056,"Atlanta, GA, USA",11/03/2025,,Full-Time,Active
E654,Debbie Henderson,debbie.henderson@northwindmaterials.com,Quality Inspector,Quality Assurance,E00138,"Chennai, India",45902,,Full-Time,Active
E655,Michael Cox,michael.cox@northwindmaterials.com,Quality Inspector,Quality Assurance,E00175,"Houston, TX, USA",46021,,Full-Time,Active
E00656,Henry Lewis,henry.lewis@northwindmaterials.com,Financial Analyst,Finance,E00064,"Houston, TX, USA",07/17/2020,,Full-Time,Active
E0657,Stacey Tucker,stacey.tucker@northwindmaterials.com,Operations Analyst,Operations,E00158,"Atlanta, GA, USA",05/19/2022,,Full-Time,Active
E0658,Jeremy Taylor,jeremy.taylor@northwindmaterials.com,Procurement Specialist,Supply Chain,E00066,"Atlanta, GA, USA",2015-01-26,,Full-Time,Active
E0659,Chris Richard,chris.richard@northwindmaterials.com,Financial Analyst,Finance,E00132,"Atlanta, GA, USA",42144,,Full-Time,Active
E00660  ,Craig Wise,craig.wise@northwindmaterials.com,Accountant,Finance,E00056,"Pune, India",2024-04-29,,Full-Time,Active
E0661,Mary Stephenson,mary.stephenson@northwindmaterials.com,Quality Inspector,Quality Assurance,E00138,"Atlanta, GA, USA",05/06/2017,,Full-Time,Active
E00662  ,Benjamin Rogers,benjamin.rogers@northwindmaterials.com,Production Associate,Manufacturing,E00063,"Cleveland, OH, USA",2023-04-12,2026-07-14,Full-Time,Terminated
E0663,Katie Anderson,katie.anderson@northwindmaterials.com,Logistics Coordinator,Operations,E00050,"Detroit, MI, USA",2024-10-08,,Full-Time,Active
664,Nicholas Martin,nicholas.martin@northwindmaterials.com,Senior Software Engineer,Engineering,E00128,"Cleveland, OH, USA",09/23/2021,,Full-Time,Active
E665,Marie Wise,marie.wise@northwindmaterials.com,Supply Chain Analyst,Supply Chain,E00052,"Atlanta, GA, USA",2023-02-11,,Full-Time,Active
E0666,Lisa Martin,lisa.martin@northwindmaterials.com,Compliance Analyst,Legal,E00078,"Atlanta, GA, USA",08/07/2024,2025-02-20,Full-Time,Active
667,Samuel Jenkins,samuel.jenkins@northwindmaterials.com,Financial Analyst,Finance,E00044,"Detroit, MI, USA",2024-12-25,,Full-Time,Active
E00668,Erica Young,erica.young@northwindmaterials.com,Financial Analyst,Finance,E00108,"Cleveland, OH, USA",2015-06-25,,Full-Time,Active
E00669,Sean Mitchell,sean.mitchell@northwindmaterials.com,DevOps Engineer,Engineering,E00183,"Detroit, MI, USA",2015-05-31,,Full-Time,Active
E00670,Kaitlyn Cole,kaitlyn.cole@northwindmaterials.com,IT Support Specialist,Information Technology,E00116,"Houston, TX, USA",2018-08-22,,Full-Time,Active
E00671,Amanda Collins,amanda.collins@northwindmaterials.com,Procurement Specialist,Supply Chain,E00074,"Cleveland, OH, USA",44368,,Full-Time,Active
E0672,Lindsey Harrison,lindsey.harrison@northwindmaterials.com,Support Specialist,Customer Success,E00150,"Detroit, MI, USA",2018-05-10,,Full-Time,Active
E00673,Mary Richardson,mary.richardson@northwindmaterials.com,Support Specialist,Customer Success,E00071,"Pune, India",09/12/2025,2025-09-23,Full-Time,Terminated
674,Stacey Joyce,stacey.joyce@northwindmaterials.com,Financial Analyst,Finance,E00180,"Chennai, India",45414,,Full-Time,Active
E00675,Steven Campbell,steven.campbell@northwindmaterials.com,Senior Software Engineer,Engineering,E00174,"Chennai, India",2017-09-09,,Full-Time,Active
E676,Patrick Rose,patrick.rose@northwindmaterials.com,Production Associate,Manufacturing,E00079,"Atlanta, GA, USA",09/06/2021,,Full-Time,Active
E0677,Tammy Montoya,tammy.montoya@northwindmaterials.com,Compliance Analyst,Legal,E00043,"Cleveland, OH, USA",2023-05-27,,Full-Time,Active
E00678  ,Laurie Taylor,laurie.taylor@northwindmaterials.com,Systems Administrator,Information Technology,E00189,"Cleveland, OH, USA",45879,,Full-Time,Active
E00679  ,John Davidson,john.davidson@northwindmaterials.com,AP Specialist,Finance,E00064,"Houston, TX, USA",2017-02-16,,Full-Time,Active
E0680,Morgan Spencer,morgan.spencer@northwindmaterials.com,Customer Success Associate,Customer Success,E00060,"Atlanta, GA, USA",09/04/2025,2026-08-10,Full-Time,Terminated
681,Curtis Singleton,curtis.singleton@northwindmaterials.com,Quality Inspector,Quality Assurance,E00163,"Chennai, India",03/18/2025,,Full-Time,Active
E00682  ,Melissa Mitchell,melissa.mitchell@northwindmaterials.com,Support Specialist,Customer Success,E00142,"Houston, TX, USA",45784,,Full-Time,Active
E00683  ,Kathryn Nelson,kathryn.nelson@northwindmaterials.com,Production Associate,Manufacturing,E00047,"Detroit, MI, USA",2018-03-07,,Full-Time,Active
E684,Rebecca Hernandez,rebecca.hernandez@northwindmaterials.com,Financial Analyst,Finance,E00131,"Chennai, India",46036,,Full-Time,Active
685,Samuel Potts,samuel.potts@northwindmaterials.com,AP Specialist,Finance,E00069,"Chennai, India",2015-12-04,,Full-Time,Active
E686,Jeffrey Hayes,jeffrey.hayes@northwindmaterials.com,Senior Software Engineer,Engineering,E00128,"Detroit, MI, USA",45092,,Full-Time,Active
E0687,Michael Johnson,michael.johnson@northwindmaterials.com,Support Specialist,Customer Success,E00133,"Chennai, India",44043,,Full-Time,Active
E0688,Brian Shaw,brian.shaw@northwindmaterials.com,QA Analyst,Quality Assurance,E00087,"Chennai, India",45938,2025-05-13,Full-Time,Active
E00689  ,Joe Vang,joe.vang@northwindmaterials.com,Network Engineer,Information Technology,E00165,"Cleveland, OH, USA",2023-02-23,,Full-Time,Active
E690,Nicholas Johnson,nicholas.johnson@northwindmaterials.com,Customer Success Associate,Customer Success,E00077,"Chennai, India",08/02/2022,2024-12-28,Full-Time,Active
E0691,Sarah Combs,sarah.combs@northwindmaterials.com,Paralegal,Legal,E00160,"Houston, TX, USA",2021-01-20,,Full-Time,Active
E0692,Debra Moody,debra.moody@northwindmaterials.com,Procurement Specialist,Supply Chain,E00094,"Cleveland, OH, USA",11/11/2021,,Full-Time,Active
E693,Devin Mitchell,devin.mitchell@northwindmaterials.com,Systems Administrator,Information Technology,E00053,"Houston, TX, USA",2016-01-20,,Full-Time,Active
E0694,Maria Horton,maria.horton@northwindmaterials.com,DevOps Engineer,Engineering,E00174,"Pune, India",42116,,Full-Time,Active
E695,Dominic Thornton,dominic.thornton@northwindmaterials.com,Accountant,Finance,E00164,"Detroit, MI, USA",09/08/2015,,Full-Time,Active
696,Shane Smith,shane.smith@northwindmaterials.com,Systems Administrator,Information Technology,E00091,"Houston, TX, USA",07/20/2017,,Full-Time,Active
E697,Christian Scott,christian.scott@northwindmaterials.com,Compliance Analyst,Legal,E00055,"Houston, TX, USA",2022-11-22,,Full-Time,Active
698,Mary Dunn,mary.dunn@northwindmaterials.com,Supply Chain Analyst,Supply Chain,E00074,"Atlanta, GA, USA",44743,,Full-Time,Active
E00699  ,Jessica Rose,jessica.rose@northwindmaterials.com,DevOps Engineer,Engineering,E00145,"Atlanta, GA, USA",42106,2024-12-28,Full-Time,Active
700,Daniel Roberts,daniel.roberts@northwindmaterials.com,Paralegal,Legal,E00129,"Atlanta, GA, USA",04/30/2022,,Full-Time,Active
E00701,Kevin Williams,kevin.williams@northwindmaterials.com,Logistics Coordinator,Operations,E00170,"Pune, India",03/18/2023,,Full-Time,Active
E00702  ,Robert Bauer,robert.bauer@northwindmaterials.com,Software Engineer,Engineering,E00111,"Chennai, India",11/09/2016,,Full-Time,Active
E703,Stephen Rodriguez,stephen.rodriguez@northwindmaterials.com,Procurement Specialist,Supply Chain,E00151,"Atlanta, GA, USA",04/11/2024,,Full-Time,Active
E704,Rebecca Carlson,rebecca.carlson@northwindmaterials.com,QA Engineer,Engineering,E00089,"Houston, TX, USA",2022-06-01,,Full-Time,Active
705,Allen Robertson,allen.robertson@northwindmaterials.com,Financial Analyst,Finance,E00069,"Houston, TX, USA",09/09/2022,,Full-Time,Active
E0706,John Thomas,john.thomas@northwindmaterials.com,Supply Chain Analyst,Supply Chain,E00118,"Atlanta, GA, USA",45260,,Full-Time,Active
E00707  ,Ruben Mendez,ruben.mendez@northwindmaterials.com,Quality Inspector,Quality Assurance,E00152,"Chennai, India",07/21/2022,,Full-Time,Active
E708,John Butler,john.butler@northwindmaterials.com,Accountant,Finance,,"Atlanta, GA, USA",2015-12-10,,Full-Time,Active
E00709,Elizabeth Miller,elizabeth.miller@northwindmaterials.com,Network Engineer,Information Technology,E00053,"Houston, TX, USA",02/25/2020,,Full-Time,Active
E00710,Theresa Jones,theresa.jones@northwindmaterials.com,Systems Administrator,Information Technology,E00154,"Chennai, India",03/24/2020,,Full-Time,Active
E00711  ,Alicia Romero,alicia.romero@northwindmaterials.com,Software Engineer,Engineering,E00057,"Chennai, India",43808,,Full-Time,Active
712,Vanessa Spencer,vanessa.spencer@northwindmaterials.com,QA Analyst,Quality Assurance,E00146,"Pune, India",09/03/2021,2025-09-15,Full-Time,Active
E00713  ,Peter Harrison,peter.harrison@northwindmaterials.com,IT Support Specialist,Information Technology,E00083,"Cleveland, OH, USA",2016-07-30,,Full-Time,Active
E00714  ,Cynthia Zavala,cynthia.zavala@northwindmaterials.com,IT Support Specialist,Information Technology,E00155,"Cleveland, OH, USA",02/22/2016,,Full-Time,Active
E00715,Jon Smith,jon.smith@northwindmaterials.com,Customer Success Associate,Customer Success,E00060,"Chennai, India",2021-07-06,,Full-Time,Active
E00716  ,Kristina Cooper,kristina.cooper@northwindmaterials.com,Recruiter,Human Resources,E00136,"Atlanta, GA, USA",03/29/2017,,Full-Time,Active
717,Jessica Fuller,jessica.fuller@northwindmaterials.com,HR Generalist,Human Resources,E00188,"Pune, India",44651,,Full-Time,Active
E0718,Kelsey Moss,kelsey.moss@northwindmaterials.com,Supply Chain Analyst,Supply Chain,E00082,"Houston, TX, USA",06/25/2018,,Full-Time,Active
E719,Marvin Williams,marvin.williams@northwindmaterials.com,QA Analyst,Quality Assurance,E00138,"Detroit, MI, USA",2015-02-12,,Full-Time,Active
E00720  ,Amy Li,amy.li@northwindmaterials.com,IT Support Specialist,Information Technology,E00189,"Pune, India",12/27/2021,2026-06-11,Full-Time,Active
E00721  ,Gregory Maxwell,gregory.maxwell@northwindmaterials.com,Recruiter,Human Resources,E00136,"Houston, TX, USA",07/07/2015,,Full-Time,Active
722,Steven Dominguez,steven.dominguez@northwindmaterials.com,Customer Success Associate,Customer Success,E00114,"Detroit, MI, USA",45661,,Full-Time,Active
E00723  ,Crystal Cain,crystal.cain@northwindmaterials.com,Senior Software Engineer,Engineering,E00049,"Atlanta, GA, USA",02/24/2024,2025-08-05,Full-Time,Active
E00724,Bryan Parsons,bryan.parsons@northwindmaterials.com,QA Analyst,Quality Assurance,E00175,"Pune, India",2026-03-21,,Full-Time,Active
E0725,Stephen Carter,stephen.carter@northwindmaterials.com,QA Analyst,Quality Assurance,E00073,"Houston, TX, USA",2024-02-14,,Full-Time,Active
726,Bradley Gonzalez,bradley.gonzalez@northwindmaterials.com,Procurement Specialist,Supply Chain,E00157,"Pune, India",08/27/2020,,Full-Time,Active
E727,Bobby Mahoney,bobby.mahoney@northwindmaterials.com,Network Engineer,Information Technology,E00116,"Atlanta, GA, USA",02/18/2015,,Full-Time,Active
E728,Zachary Hays,zachary.hays@northwindmaterials.com,Procurement Specialist,Supply Chain,E00094,"Cleveland, OH, USA",2025-03-17,,Full-Time,Active
E729,Amy King,amy.king@northwindmaterials.com,Supply Chain Analyst,Supply Chain,E00061,"Cleveland, OH, USA",42068,,Full-Time,Active
730,Karen Lee,karen.lee@northwindmaterials.com,Financial Analyst,Finance,E00156,"Chennai, India",10/09/2021,,Full-Time,Active
E731,Michael Norman,michael.norman@northwindmaterials.com,Network Engineer,Information Technology,E00124,"Houston, TX, USA",02/23/2023,,Full-Time,Active
E0732,Michelle Rivera,michelle.rivera@northwindmaterials.com,Supply Chain Analyst,Supply Chain,E00059,"Houston, TX, USA",2023-06-06,,Full-Time,Active
733,David Richardson,david.richardson@northwindmaterials.com,Network Engineer,Information Technology,E00083,"Chennai, India",44527,,Full-Time,Active
E0734,Pamela Paul,pamela.paul@northwindmaterials.com,QA Analyst,Quality Assurance,E00087,"Pune, India",42686,,Full-Time,Active
735,Patricia Hughes,patricia.hughes@northwindmaterials.com,Procurement Specialist,Supply Chain,E00100,"Cleveland, OH, USA",2025-08-17,,Full-Time,Active
E00736,Terri Crawford,terri.crawford@northwindmaterials.com,Paralegal,Legal,E00078,"Atlanta, GA, USA",42705,,Full-Time,Active
737,Tyler Glass,tyler.glass@northwindmaterials.com,QA Engineer,Engineering,E00049,"Pune, India",2019-04-17,,Full-Time,Active
E00738  ,April Owen,april.owen@northwindmaterials.com,Systems Administrator,Information Technology,E00189,"Atlanta, GA, USA",2022-03-18,,Full-Time,Active
E00739,Jessica Miller,jessica.miller@northwindmaterials.com,Senior Software Engineer,Engineering,,"Pune, India",10/25/2025,,Full-Time,Active
E00740  ,Carrie Short,carrie.short@northwindmaterials.com,IT Support Specialist,Information Technology,E00065,"Houston, TX, USA",2025-12-13,,Full-Time,Active
E00741  ,Amy Morris,amy.morris@northwindmaterials.com,Support Specialist,Customer Success,E00144,"Pune, India",2022-04-16,,Full-Time,Active
E0742,Christopher Guerrero,christopher.guerrero@northwindmaterials.com,Accountant,Finance,,"Pune, India",43251,,Full-Time,Active
743,Kirk Morrison,kirk.morrison@northwindmaterials.com,Procurement Specialist,Supply Chain,,"Houston, TX, USA",44339,,Full-Time,Active
E00744  ,Ronald Norris,ronald.norris@northwindmaterials.com,Supply Chain Analyst,Supply Chain,E00061,"Atlanta, GA, USA",44862,,Full-Time,Active
E0745,Michael Williams,michael.williams@northwindmaterials.com,QA Analyst,Quality Assurance,E00175,"Cleveland, OH, USA",45457,,Full-Time,Active
E00746,Molly Gomez,molly.gomez@northwindmaterials.com,Senior Software Engineer,Engineering,E00184,"Cleveland, OH, USA",43538,,Full-Time,Active
E00747,Whitney Hill,whitney.hill@northwindmaterials.com,Software Engineer,Engineering,E00153,"Detroit, MI, USA",10/27/2025,,Full-Time,Active
748,Tina Gould,tina.gould@northwindmaterials.com,Quality Inspector,Quality Assurance,E00175,"Houston, TX, USA",2016-05-13,,Full-Time,Active
E749,Charles Walsh,charles.walsh@northwindmaterials.com,Paralegal,Legal,E00085,"Houston, TX, USA",2019-06-23,,Full-Time,Active
E00750,Michael Owen,michael.owen@northwindmaterials.com,Supply Chain Analyst,Supply Chain,E00100,"Pune, India",02/13/2021,,Full-Time,Active
E0751,Erin Cisneros,erin.cisneros@northwindmaterials.com,Machine Operator,Manufacturing,E00115,"Houston, TX, USA",08/15/2020,,Full-Time,Active
E00752,Douglas Lawson,douglas.lawson@northwindmaterials.com,Supply Chain Analyst,Supply Chain,E00093,"Cleveland, OH, USA",2015-09-28,2026-02-17,Full-Time,Terminated
E0753,Kimberly Johnson,kimberly.johnson@northwindmaterials.com,AP Specialist,Finance,E00120,"Pune, India",05/05/2021,,Full-Time,Active
E754,Carlos Osborne,carlos.osborne@northwindmaterials.com,Procurement Specialist,Supply Chain,E00066,"Pune, India",45179,,Full-Time,Active
755,Michael Reyes,michael.reyes@northwindmaterials.com,Procurement Specialist,Supply Chain,E00191,"Cleveland, OH, USA",43736,,Full-Time,Active
E00756,Ashley Jacobs,ashley.jacobs@northwindmaterials.com,Paralegal,Legal,E00129,"Detroit, MI, USA",2016-09-26,,Full-Time,Active
E00757  ,Erika Rush,erika.rush@northwindmaterials.com,Machine Operator,Manufacturing,E00063,"Chennai, India",2016-10-19,,Full-Time,Active
758,Nathan Hines,nathan.hines@northwindmaterials.com,Supply Chain Analyst,Supply Chain,E00190,"Chennai, India",2022-03-25,,Full-Time,Active
E00759  ,Audrey Moreno,audrey.moreno@northwindmaterials.com,Supply Chain Analyst,Supply Chain,,"Pune, India",2020-10-21,,Full-Time,Active
E00760,Raymond Banks,raymond.banks@northwindmaterials.com,Logistics Coordinator,Operations,E00050,"Chennai, India",03/08/2016,,Full-Time,Active
E761,John Wilson,john.wilson@northwindmaterials.com,Supply Chain Analyst,Supply Chain,E00182,"Chennai, India",08/02/2026,,Full-Time,Active
E0762,Jill Porter,jill.porter@northwindmaterials.com,Accountant,Finance,E00120,"Cleveland, OH, USA",45779,,Full-Time,Active
E00763  ,Paul Hoffman,paul.hoffman@northwindmaterials.com,QA Analyst,Quality Assurance,E00146,"Atlanta, GA, USA",2024-04-02,,Full-Time,Active
764,Jose Green,jose.green@northwindmaterials.com,Procurement Specialist,Supply Chain,E00061,"Cleveland, OH, USA",43604,2026-04-10,Full-Time,Active
E0765,Sean Davies,sean.davies@northwindmaterials.com,Systems Administrator,Information Technology,E00155,"Atlanta, GA, USA",2022-06-19,,Full-Time,Active
E00766,Justin Hendricks,justin.hendricks@northwindmaterials.com,Procurement Specialist,Supply Chain,E00161,"Houston, TX, USA",2016-05-24,,Full-Time,Active
E00767,Travis Martinez,travis.martinez@northwindmaterials.com,Production Associate,Manufacturing,E00079,"Chennai, India",44358,,Full-Time,Active
768,Melissa Hayes,melissa.hayes@northwindmaterials.com,Network Engineer,Information Technology,E00124,"Houston, TX, USA",12/29/2025,,Full-Time,Active
769,Rachel Wallace,rachel.wallace@northwindmaterials.com,Senior Software Engineer,Engineering,E00145,"Houston, TX, USA",05/26/2021,,Full-Time,Active
E00770,Christopher Fleming,christopher.fleming@northwindmaterials.com,Software Engineer,Engineering,E00174,"Houston, TX, USA",2024-05-20,,Full-Time,Active
E00771  ,Megan Flores,megan.flores@northwindmaterials.com,Compliance Analyst,Legal,E00104,"Detroit, MI, USA",09/13/2021,,Full-Time,Active
E00772,Michael Brown,michael.brown@northwindmaterials.com,DevOps Engineer,Engineering,E00111,"Cleveland, OH, USA",43525,,Full-Time,Active
E0773,Amber Vance,amber.vance@northwindmaterials.com,Machine Operator,Manufacturing,E00079,"Detroit, MI, USA",12/20/2023,,Full-Time,Active
774,Melissa Joseph,melissa.joseph@northwindmaterials.com,DevOps Engineer,Engineering,E00117,"Pune, India",45181,2026-01-17,Full-Time,Active
E00775,Sara Little,sara.little@northwindmaterials.com,Customer Success Associate,Customer Success,E00150,"Cleveland, OH, USA",04/23/2020,,Full-Time,Active
E0776,Laura Hicks,laura.hicks@northwindmaterials.com,Supply Chain Analyst,Supply Chain,E00126,"Cleveland, OH, USA",03/26/2026,,Full-Time,Active
E00777  ,David Harris,david.harris@northwindmaterials.com,Systems Administrator,Information Technology,E00083,"Pune, India",2024-11-02,2026-08-18,Full-Time,Terminated
E0778,Dominic Tyler,dominic.tyler@northwindmaterials.com,Support Specialist,Customer Success,E00162,"Houston, TX, USA",2018-09-22,,Full-Time,Active
E0779,Anthony Spencer,anthony.spencer@northwindmaterials.com,Operations Analyst,Operations,E00170,"Detroit, MI, USA",2015-02-03,,Full-Time,Active
E780,Miguel Lara,miguel.lara@northwindmaterials.com,Line Supervisor,Manufacturing,E00143,"Cleveland, OH, USA",2026-04-02,,Full-Time,Active
781,Andrea Salazar,andrea.salazar@northwindmaterials.com,Network Engineer,Information Technology,E00098,"Houston, TX, USA",43414,,Full-Time,Active
E00782,Christopher Parker,christopher.parker@northwindmaterials.com,Paralegal,Legal,E00055,"Houston, TX, USA",2025-11-14,,Full-Time,Active
E783,Yvonne Higgins,yvonne.higgins@northwindmaterials.com,DevOps Engineer,Engineering,E00169,"Houston, TX, USA",2019-06-14,,Full-Time,Active
E784,Alicia Hammond,alicia.hammond@northwindmaterials.com,Financial Analyst,Finance,E00180,"Detroit, MI, USA",45714,,Full-Time,Active
785,Madeline Jones,madeline.jones@northwindmaterials.com,Senior Software Engineer,Engineering,E00153,"Houston, TX, USA",44080,,Full-Time,Active
E0786,Teresa Day,teresa.day@northwindmaterials.com,Recruiter,Human Resources,E00136,"Houston, TX, USA",46250,,Full-Time,Active
E0787,Shannon Frazier,shannon.frazier@northwindmaterials.com,Supply Chain Analyst,Supply Chain,E00054,"Detroit, MI, USA",05/27/2024,,Full-Time,Active
E0788,Melvin Humphrey,melvin.humphrey@northwindmaterials.com,HR Coordinator,Human Resources,E00188,"Cleveland, OH, USA",2016-01-07,,Full-Time,Active
E0789,Kimberly Bowman,kimberly.bowman@northwindmaterials.com,QA Analyst,Quality Assurance,E00135,"Detroit, MI, USA",05/22/2026,2026-01-11,Full-Time,Terminated
E0790,Hunter Burch,hunter.burch@northwindmaterials.com,Line Supervisor,Manufacturing,E00141,"Pune, India",03/05/2019,,Full-Time,Active
791,Ryan Bartlett,ryan.bartlett@northwindmaterials.com,Customer Success Associate,Customer Success,E00114,"Cleveland, OH, USA",44870,,Full-Time,Active
E00792  ,Brian Martinez,brian.martinez@northwindmaterials.com,Logistics Coordinator,Operations,E00067,"Houston, TX, USA",01/17/2025,,Full-Time,Active
793,Eric Martin,eric.martin@northwindmaterials.com,Compliance Analyst,Legal,E00129,"Cleveland, OH, USA",43096,,Full-Time,Active
E794,Marcus Fletcher,marcus.fletcher@northwindmaterials.com,Supply Chain Analyst,Supply Chain,E00093,"Pune, India",2020-01-25,,Full-Time,Active
E00795  ,Michael Everett,michael.everett@northwindmaterials.com,IT Support Specialist,Information Technology,E00053,"Detroit, MI, USA",01/18/2018,,Full-Time,Active
E0796,Patty Singleton,patty.singleton@northwindmaterials.com,Compliance Analyst,Legal,E00078,"Atlanta, GA, USA",2021-05-29,2025-12-01,Full-Time,Terminated
797,John Reid,john.reid@northwindmaterials.com,QA Analyst,Quality Assurance,E00175,"Cleveland, OH, USA",2024-06-09,,Full-Time,Active
E00798  ,Andrea Martinez,andrea.martinez@northwindmaterials.com,Senior Software Engineer,Engineering,E00174,"Houston, TX, USA",11/16/2023,,Full-Time,Active
E00799,Kevin Ferguson,kevin.ferguson@northwindmaterials.com,IT Support Specialist,Information Technology,E00124,"Atlanta, GA, USA",44496,,Full-Time,Active
E0800,Wayne Jackson,wayne.jackson@northwindmaterials.com,Supply Chain Analyst,Supply Chain,E00119,"Pune, India",42413,,Full-Time,Active
E00801  ,Shelly Moore,shelly.moore@northwindmaterials.com,Supply Chain Analyst,Supply Chain,E00173,"Chennai, India",2019-03-29,,Full-Time,Active
E00802  ,Donna Le,donna.le@northwindmaterials.com,Supply Chain Analyst,Supply Chain,E00187,"Atlanta, GA, USA",12/04/2023,2026-01-01,Full-Time,Active
E00803,Cassie Kirby,cassie.kirby@northwindmaterials.com,Production Associate,Manufacturing,E00047,"Houston, TX, USA",08/29/2020,,Full-Time,Active
804,Anne Bryan,anne.bryan@northwindmaterials.com,Support Specialist,Customer Success,E00071,"Pune, India",44237,,Full-Time,Active
E00805,Anthony Williams,anthony.williams@northwindmaterials.com,Software Engineer,Engineering,E00121,"Pune, India",2018-04-11,,Full-Time,Active
E0806,Darlene Ray,darlene.ray@northwindmaterials.com,Accountant,Finance,E00164,"Chennai, India",06/04/2020,,Full-Time,Active
807,Debra Wang,debra.wang@northwindmaterials.com,Procurement Specialist,Supply Chain,E00191,"Chennai, India",43820,,Full-Time,Active
E0808,Robert Fowler,robert.fowler@northwindmaterials.com,AP Specialist,Finance,E00056,"Atlanta, GA, USA",10/11/2023,,Full-Time,Active
E00809  ,Tyler Burton,tyler.burton@northwindmaterials.com,AP Specialist,Finance,E00086,"Chennai, India",2020-01-09,,Full-Time,Active
E810,Keith Frye,keith.frye@northwindmaterials.com,Procurement Specialist,Supply Chain,E00140,"Chennai, India",42816,2026-05-19,Full-Time,Terminated
E0811,Timothy Ballard,timothy.ballard@northwindmaterials.com,Quality Inspector,Quality Assurance,E00105,"Pune, India",2018-01-14,,Full-Time,Active
E00812,Gail Evans,gail.evans@northwindmaterials.com,Customer Success Associate,Customer Success,E00071,"Detroit, MI, USA",2018-12-24,2025-01-09,Full-Time,Active
E813,Charles Brown,charles.brown@northwindmaterials.com,Systems Administrator,Information Technology,E00155,"Atlanta, GA, USA",2015-04-18,,Full-Time,Active
E814,Scott Washington,scott.washington@northwindmaterials.com,Accountant,Finance,E00081,"Chennai, India",03/07/2020,,Full-Time,Active
E00815,James Lawson,james.lawson@northwindmaterials.com,Accountant,Finance,E00095,"Pune, India",2021-08-21,,Full-Time,Active
E00816,Larry Higgins,larry.higgins@northwindmaterials.com,Quality Inspector,Quality Assurance,E00163,"Chennai, India",2025-01-31,,Full-Time,Active
817,Jessica Valencia,jessica.valencia@northwindmaterials.com,Paralegal,Legal,E00078,"Pune, India",2025-07-24,,Full-Time,Active
E00818  ,Theresa Anderson,theresa.anderson@northwindmaterials.com,Supply Chain Analyst,Supply Chain,E00126,"Pune, India",45458,,Full-Time,Active
E00819  ,Mitchell Hoffman,mitchell.hoffman@northwindmaterials.com,QA Engineer,Engineering,E00139,"Cleveland, OH, USA",02/21/2024,,Full-Time,Active
820,Luis Owens,luis.owens@northwindmaterials.com,Compliance Analyst,Legal,E00160,"Pune, India",42189,,Full-Time,Active
E00821,Joseph Wright,joseph.wright@northwindmaterials.com,Support Specialist,Customer Success,E00133,"Pune, India",43540,,Full-Time,Active
E822,Colin Roberts,colin.roberts@northwindmaterials.com,Quality Inspector,Quality Assurance,E00166,"Cleveland, OH, USA",43191,,Full-Time,Active
E0823,Patrick Gilbert,patrick.gilbert@northwindmaterials.com,Support Specialist,Customer Success,E00114,"Cleveland, OH, USA",2020-10-16,,Full-Time,Active
E824,John Grimes,john.grimes@northwindmaterials.com,Supply Chain Analyst,Supply Chain,E00119,"Chennai, India",09/25/2017,,Full-Time,Active
E00825,Erik Murphy,erik.murphy@northwindmaterials.com,Supply Chain Analyst,Supply Chain,E00096,"Houston, TX, USA",04/30/2015,2025-01-21,Full-Time,Terminated
E00826  ,Becky Edwards,becky.edwards@northwindmaterials.com,Systems Administrator,Information Technology,E00165,"Pune, India",44002,,Full-Time,Active
E827,Kathryn Jimenez,kathryn.jimenez@northwindmaterials.com,Support Specialist,Customer Success,E00113,"Detroit, MI, USA",11/26/2020,,Full-Time,Active
E828,Xavier Jimenez,xavier.jimenez@northwindmaterials.com,Network Engineer,Information Technology,E00189,"Pune, India",2018-08-15,2026-06-02,Full-Time,Terminated
829,Kyle Johnson,kyle.johnson@northwindmaterials.com,Supply Chain Analyst,Supply Chain,E00140,"Houston, TX, USA",08/15/2015,,Full-Time,Active
E830,Sierra Wagner,sierra.wagner@northwindmaterials.com,Support Specialist,Customer Success,E00080,"Detroit, MI, USA",45866,,Full-Time,Active
831,Tammy Lewis,tammy.lewis@northwindmaterials.com,Network Engineer,Information Technology,E00116,"Detroit, MI, USA",42049,,Full-Time,Active
E0832,Michael Williams,michael.williams@northwindmaterials.com,Accountant,Finance,E00131,"Chennai, India",2015-12-01,,Full-Time,Active
E00833,Troy Khan,troy.khan@northwindmaterials.com,AP Specialist,Finance,E00108,"Atlanta, GA, USA",2016-07-22,,Full-Time,Active
E0834,Destiny Ruiz,destiny.ruiz@northwindmaterials.com,Quality Inspector,Quality Assurance,E00097,"Pune, India",2021-09-18,,Full-Time,Active
E0835,Amanda Boone,amanda.boone@northwindmaterials.com,Network Engineer,Information Technology,E00112,"Chennai, India",05/11/2021,,Full-Time,Active
E836,Ryan Khan,ryan.khan@northwindmaterials.com,IT Support Specialist,Information Technology,E00112,"Detroit, MI, USA",02/06/2016,,Full-Time,Active
E0837,Jessica Gallagher,jessica.gallagher@northwindmaterials.com,Paralegal,Legal,E00104,"Detroit, MI, USA",10/21/2023,2026-05-12,Full-Time,Active
E00838  ,Michael Morales,michael.morales@northwindmaterials.com,Quality Inspector,Quality Assurance,E00178,"Chennai, India",10/29/2022,2025-02-18,Full-Time,Terminated
839,Ashley Lee,ashley.lee@northwindmaterials.com,Customer Success Associate,Customer Success,E00102,"Detroit, MI, USA",09/12/2016,,Full-Time,Active
E0840,Angela Jones,angela.jones@northwindmaterials.com,Accountant,Finance,E00148,"Chennai, India",45137,,Full-Time,Active
E0841,William Duran,william.duran@northwindmaterials.com,Quality Inspector,Quality Assurance,E00163,"Chennai, India",10/29/2017,,Full-Time,Active
E00842,Joshua Hays,joshua.hays@northwindmaterials.com,Paralegal,Legal,E00078,"Pune, India",2019-12-20,,Full-Time,Active
E843,Erin Wilson,erin.wilson@northwindmaterials.com,Systems Administrator,Information Technology,E00083,"Chennai, India",03/08/2017,,Full-Time,Active
E00844  ,Theresa Long,theresa.long@northwindmaterials.com,Accountant,Finance,E00164,"Chennai, India",11/23/2025,2024-11-02,Full-Time,Active
E00845  ,Laura Morgan,laura.morgan@northwindmaterials.com,Supply Chain Analyst,Supply Chain,E00094,"Houston, TX, USA",05/19/2017,,Full-Time,Active
E0846,Sheila Fischer,sheila.fischer@northwindmaterials.com,Network Engineer,Information Technology,E00116,"Detroit, MI, USA",05/19/2026,,Full-Time,Active
847,James Hicks,james.hicks@northwindmaterials.com,Network Engineer,Information Technology,E00065,"Pune, India",06/15/2026,,Full-Time,Active
E0848,Vincent Williams,vincent.williams@northwindmaterials.com,Customer Success Associate,Customer Success,E00102,"Cleveland, OH, USA",2020-04-27,,Full-Time,Active
E00849,Derrick Cook,derrick.cook@northwindmaterials.com,Procurement Specialist,Supply Chain,E00149,"Detroit, MI, USA",45952,,Full-Time,Active
E00850,Thomas Bryant,thomas.bryant@northwindmaterials.com,Support Specialist,Customer Success,E00144,"Cleveland, OH, USA",2016-09-12,,Full-Time,Active
851,Catherine Robertson,catherine.robertson@northwindmaterials.com,Software Engineer,Engineering,,"Detroit, MI, USA",2020-01-06,,Full-Time,Active
E00852,Mark Austin,mark.austin@northwindmaterials.com,Procurement Specialist,Supply Chain,E00119,"Houston, TX, USA",2017-06-01,,Full-Time,Active
E00853  ,Francisco Ewing,francisco.ewing@northwindmaterials.com,Line Supervisor,Manufacturing,E00115,"Chennai, India",09/14/2021,,Full-Time,Active
E00854  ,Jodi Evans,jodi.evans@northwindmaterials.com,Supply Chain Analyst,Supply Chain,E00182,"Cleveland, OH, USA",44583,,Full-Time,Active
E00855,Matthew Clayton,matthew.clayton@northwindmaterials.com,Line Supervisor,Manufacturing,E00172,"Houston, TX, USA",45080,,Full-Time,Active
E00856,Amanda Erickson,amanda.erickson@northwindmaterials.com,Procurement Specialist,Supply Chain,E00092,"Houston, TX, USA",2019-12-19,,Full-Time,Active
E0857,Kevin Cabrera,kevin.cabrera@northwindmaterials.com,Line Supervisor,Manufacturing,E00084,"Chennai, India",45350,,Full-Time,Active
E858,Micheal Nunez,micheal.nunez@northwindmaterials.com,AP Specialist,Finance,E00108,"Cleveland, OH, USA",2019-07-25,,Full-Time,Active
E859,Tina Silva,tina.silva@northwindmaterials.com,Supply Chain Analyst,Supply Chain,E00046,"Houston, TX, USA",2017-11-28,2025-04-27,Full-Time,Active
E0860,Laura Swanson,laura.swanson@northwindmaterials.com,HR Coordinator,Human Resources,E00188,"Cleveland, OH, USA",2017-01-26,,Full-Time,Active
E00861  ,Hailey Johnson,hailey.johnson@northwindmaterials.com,QA Analyst,Quality Assurance,E00087,"Atlanta, GA, USA",08/08/2018,,Full-Time,Active
E862,Thomas Coffey,thomas.coffey@northwindmaterials.com,QA Engineer,Engineering,E00174,"Detroit, MI, USA",2019-06-23,,Full-Time,Active
E00863  ,Krista Parsons,krista.parsons@northwindmaterials.com,Software Engineer,Engineering,E00145,"Cleveland, OH, USA",2020-10-31,,Full-Time,Active
864,Becky Griffith,becky.griffith@northwindmaterials.com,Compliance Analyst,Legal,E00078,"Houston, TX, USA",2024-07-13,,Full-Time,Active
E00865  ,Brandy Jackson,brandy.jackson@northwindmaterials.com,Machine Operator,Manufacturing,E00106,"Houston, TX, USA",45231,,Full-Time,Active
E00866,Cristina Harvey,cristina.harvey@northwindmaterials.com,Plant Technician,Manufacturing,E00141,"Atlanta, GA, USA",05/18/2020,,Full-Time,Active
E00867,Maureen Hernandez,maureen.hernandez@northwindmaterials.com,QA Engineer,Engineering,E00111,"Houston, TX, USA",2015-12-06,,Full-Time,Active
E868,Erin Johnson,erin.johnson@northwindmaterials.com,Paralegal,Legal,E00192,"Houston, TX, USA",45903,,Full-Time,Active
869,Stacy Rodriguez,stacy.rodriguez@northwindmaterials.com,Quality Inspector,Quality Assurance,E00135,"Detroit, MI, USA",08/22/2026,,Full-Time,Active
E870,Andrew Edwards,andrew.edwards@northwindmaterials.com,QA Analyst,Quality Assurance,E00073,"Houston, TX, USA",2023-01-29,,Full-Time,Active
E871,Edward Vaughn,edward.vaughn@northwindmaterials.com,Systems Administrator,Information Technology,E00083,"Chennai, India",03/17/2017,,Full-Time,Active
872,Robert Hampton,robert.hampton@northwindmaterials.com,QA Engineer,Engineering,E00171,"Chennai, India",44478,,Full-Time,Active
E00873  ,Samantha Salas,samantha.salas@northwindmaterials.com,QA Analyst,Quality Assurance,E00073,"Houston, TX, USA",03/06/2024,,Full-Time,Active
E0874,Jill Brown,jill.brown@northwindmaterials.com,Quality Inspector,Quality Assurance,E00099,"Cleveland, OH, USA",2025-04-29,,Full-Time,Active
E875,Devin Clark,devin.clark@northwindmaterials.com,IT Support Specialist,Information Technology,E00165,"Atlanta, GA, USA",43904,,Full-Time,Active
E00876  ,Mark Bates,mark.bates@northwindmaterials.com,QA Analyst,Quality Assurance,E00138,"Chennai, India",11/26/2020,,Full-Time,Active
877,Alicia Edwards,alicia.edwards@northwindmaterials.com,DevOps Engineer,Engineering,E00183,"Pune, India",43073,,Full-Time,Active
E878,Glen Barr,glen.barr@northwindmaterials.com,IT Support Specialist,Information Technology,E00098,"Chennai, India",2022-10-25,,Full-Time,Active
879,Matthew Gomez,matthew.gomez@northwindmaterials.com,Line Supervisor,Manufacturing,E00063,"Pune, India",45779,,Full-Time,Active
E0880,Kelsey Le,kelsey.le@northwindmaterials.com,Quality Inspector,Quality Assurance,E00135,"Pune, India",2022-12-03,,Full-Time,Active
E881,Dawn Steele,dawn.steele@northwindmaterials.com,Customer Success Associate,Customer Success,E00071,"Pune, India",08/02/2021,,Full-Time,Active
E01228,Chelsea Lee,chelsea.lee@northwindmaterials.com,Plant Technician,Manufacturing,E00172,"Pune, India",2015-02-23,,Full-Time,Active
E0883,John Grant,john.grant@northwindmaterials.com,Financial Analyst,Finance,E00180,"Cleveland, OH, USA",42171,,Full-Time,Active
E00884,Jeffrey Dudley,jeffrey.dudley@northwindmaterials.com,Supply Chain Analyst,Supply Chain,E00126,"Detroit, MI, USA",11/25/2015,,Full-Time,Active
885,Kenneth Roberts,kenneth.roberts@northwindmaterials.com,AP Specialist,Finance,E00095,"Pune, India",2020-01-19,,Full-Time,Active
E886,Bush, Jr. Jared,jared.bush@northwindmaterials.com,Financial Analyst,Finance,E00168,"Pune, India",05/07/2020,,Full-Time,Active
E0887,Logan Bailey,logan.bailey@northwindmaterials.com,Procurement Specialist,Supply Chain,E00157,"Atlanta, GA, USA",2023-04-21,,Full-Time,Active
E0888,Sarah Pope,sarah.pope@northwindmaterials.com,Compliance Analyst,Legal,E00076,"Atlanta, GA, USA",44419,,Full-Time,Active
889,Joshua Martinez,joshua.martinez@northwindmaterials.com,Procurement Specialist,Supply Chain,E00187,"Pune, India",10/24/2022,,Full-Time,Active
E00890  ,Erica James,erica.james@northwindmaterials.com,Supply Chain Analyst,Supply Chain,E00161,"Chennai, India",2017-05-30,,Full-Time,Active
E00891,Tina Cardenas,tina.cardenas@northwindmaterials.com,DevOps Engineer,Engineering,E00048,"Houston, TX, USA",2019-12-23,,Full-Time,Active
E00892,Stephanie Ballard,stephanie.ballard@northwindmaterials.com,Paralegal,Legal,E00043,"Pune, India",2024-08-06,,Full-Time,Active
E0893,Kelly Roberts,kelly.roberts@northwindmaterials.com,Procurement Specialist,Supply Chain,E00061,"Atlanta, GA, USA",2023-05-22,,Full-Time,Active
E00894  ,Jennifer Reed,jennifer.reed@northwindmaterials.com,AP Specialist,Finance,E00131,"Detroit, MI, USA",41950,,Full-Time,Active
895,Scott Scott,scott.scott@northwindmaterials.com,Software Engineer,Engineering,E00181,"Detroit, MI, USA",2023-06-28,,Full-Time,Active
E00896  ,Timothy Harris,timothy.harris@northwindmaterials.com,Quality Inspector,Quality Assurance,E00163,"Houston, TX, USA",43979,,Full-Time,Active
E897,Amanda Fitzpatrick,amanda.fitzpatrick@northwindmaterials.com,Financial Analyst,Finance,E00147,"Cleveland, OH, USA",2021-06-03,,Full-Time,Active
E0898,Heather Taylor,heather.taylor@northwindmaterials.com,Support Specialist,Customer Success,E00150,"Atlanta, GA, USA",2016-09-12,,Full-Time,Active
899,Christina Matthews,christina.matthews@northwindmaterials.com,Supply Chain Analyst,Supply Chain,E00157,"Atlanta, GA, USA",43814,,Full-Time,Active
900,John Santiago,john.santiago@northwindmaterials.com,Plant Technician,Manufacturing,E00063,"Chennai, India",05/06/2021,,Full-Time,Active
E00901,Amanda Little,amanda.little@northwindmaterials.com,Financial Analyst,Finance,E00132,"Cleveland, OH, USA",43609,,Full-Time,Active
902,Brian Gutierrez,brian.gutierrez@northwindmaterials.com,Accountant,Finance,E00180,"Pune, India",43198,,Full-Time,Active
903,Jennifer Garcia,jennifer.garcia@northwindmaterials.com,Network Engineer,Information Technology,E00075,"Cleveland, OH, USA",45481,,Full-Time,Active
E00904,Kelli Smith,kelli.smith@northwindmaterials.com,Paralegal,Legal,E00043,"Houston, TX, USA",10/15/2021,,Full-Time,Active
905,Andrea Hickman,andrea.hickman@northwindmaterials.com,Supply Chain Analyst,Supply Chain,E00161,"Pune, India",10/15/2023,,Full-Time,Active
E0906,Richard Donovan,richard.donovan@northwindmaterials.com,Procurement Specialist,Supply Chain,E00140,"Cleveland, OH, USA",06/08/2015,,Full-Time,Active
907,Natalie Woods,natalie.woods@northwindmaterials.com,Compliance Analyst,Legal,E00160,"Cleveland, OH, USA",44130,,Full-Time,Active
908,James Maynard,james.maynard@northwindmaterials.com,Customer Success Associate,Customer Success,E00113,"Chennai, India",42542,,Full-Time,Active
E00909  ,Manuel Brewer,manuel.brewer@northwindmaterials.com,Customer Success Associate,Customer Success,E00071,"Chennai, India",09/13/2025,,Full-Time,Active
E0910,Rebecca Davis,rebecca.davis@northwindmaterials.com,Customer Success Associate,Customer Success,E00150,"Cleveland, OH, USA",03/29/2025,,Full-Time,Active
E00911  ,Audrey Nichols,audrey.nichols@northwindmaterials.com,Financial Analyst,Finance,E00095,"Detroit, MI, USA",45268,,Full-Time,Active
E0912,Jennifer Zuniga,jennifer.zuniga@northwindmaterials.com,Line Supervisor,Manufacturing,E00051,"Pune, India",2022-02-19,2026-04-20,Full-Time,Active
E00913,Robin Thompson,robin.thompson@northwindmaterials.com,Paralegal,Legal,E00055,"Chennai, India",2024-02-24,,Full-Time,Active
E914,Nicole Thompson,nicole.thompson@northwindmaterials.com,Supply Chain Analyst,Supply Chain,E00054,"Atlanta, GA, USA",12/04/2016,,Full-Time,Active
E00915,Samantha Osborn,samantha.osborn@northwindmaterials.com,Customer Success Associate,Customer Success,E00102,"Detroit, MI, USA",2018-04-09,,Full-Time,Active
E916,Randy Simpson,randy.simpson@northwindmaterials.com,Compliance Analyst,Legal,E00078,"Cleveland, OH, USA",44023,,Full-Time,Active
E00917,Sharon Hayden,sharon.hayden@northwindmaterials.com,Supply Chain Analyst,Supply Chain,E00190,"Pune, India",01/11/2026,,Full-Time,Active
E918,Sara Mcdowell,sara.mcdowell@northwindmaterials.com,Financial Analyst,Finance,E00125,"Houston, TX, USA",42429,,Full-Time,Active
E0919,Albert Bradley,albert.bradley@northwindmaterials.com,Plant Technician,Manufacturing,E00079,"Atlanta, GA, USA",2022-07-26,,Full-Time,Active
E00920,Daniel Bird,daniel.bird@northwindmaterials.com,Supply Chain Analyst,Supply Chain,E00119,"Detroit, MI, USA",45333,,Full-Time,Active
E0921,Justin Hays,justin.hays@northwindmaterials.com,Quality Inspector,Quality Assurance,E00185,"Chennai, India",01/01/2022,,Full-Time,Active
E00922  ,Amy Snyder,amy.snyder@northwindmaterials.com,QA Analyst,Quality Assurance,E00152,"Detroit, MI, USA",11/03/2024,,Full-Time,Active
E00923  ,Sheena Rosales,sheena.rosales@northwindmaterials.com,AP Specialist,Finance,,"Chennai, India",2015-04-16,,Full-Time,Active
924,Taylor Lee,taylor.lee@northwindmaterials.com,Supply Chain Analyst,Supply Chain,E00140,"Chennai, India",42312,,Full-Time,Active
925,Daniel Martin,daniel.martin@northwindmaterials.com,Supply Chain Analyst,Supply Chain,E00149,"Cleveland, OH, USA",10/18/2018,,Full-Time,Active
E00926,Stephen Scott,stephen.scott@northwindmaterials.com,Supply Chain Analyst,Supply Chain,E00119,"Cleveland, OH, USA",45518,,Full-Time,Active
E00927,Jacob Doyle,jacob.doyle@northwindmaterials.com,Accountant,Finance,E00180,"Cleveland, OH, USA",09/22/2017,,Full-Time,Active
928,Krystal Bradley,krystal.bradley@northwindmaterials.com,Supply Chain Analyst,Supply Chain,E00100,"Chennai, India",2014-09-29,,Full-Time,Active
E0929,Katherine Thompson,katherine.thompson@northwindmaterials.com,Line Supervisor,Manufacturing,E00079,"Detroit, MI, USA",45168,,Full-Time,Active
E00930  ,Melissa Prince,melissa.prince@northwindmaterials.com,QA Analyst,Quality Assurance,E00186,"Atlanta, GA, USA",43525,,Full-Time,Active
931,Margaret Robertson,margaret.robertson@northwindmaterials.com,Quality Inspector,Quality Assurance,E00185,"Atlanta, GA, USA",44389,,Full-Time,Active
E0932,Christopher Caldwell,christopher.caldwell@northwindmaterials.com,QA Analyst,Quality Assurance,E00105,"Cleveland, OH, USA",09/17/2021,,Full-Time,Active
E00933,Jack Taylor,jack.taylor@northwindmaterials.com,Software Engineer,Engineering,E00127,"Atlanta, GA, USA",42559,,Full-Time,Active
934,Marcus Wright,marcus.wright@northwindmaterials.com,Procurement Specialist,Supply Chain,E00137,"Pune, India",02/27/2017,,Full-Time,Active
E0935,Jose Young,jose.young@northwindmaterials.com,IT Support Specialist,Information Technology,E00091,"Houston, TX, USA",2018-03-19,,Full-Time,Active
E00936,Karen Finley,karen.finley@northwindmaterials.com,Software Engineer,Engineering,E00139,"Detroit, MI, USA",43930,,Full-Time,Active
E937,Kevin Sharp,kevin.sharp@northwindmaterials.com,Network Engineer,Information Technology,E00091,"Chennai, India",04/04/2026,,Full-Time,Active
E938,Alexander Valdez,alexander.valdez@northwindmaterials.com,Quality Inspector,Quality Assurance,E00186,"Atlanta, GA, USA",42951,,Full-Time,Active
939,Heather Brown,heather.brown@northwindmaterials.com,Supply Chain Analyst,Supply Chain,E00096,"Houston, TX, USA",45247,2026-01-10,Full-Time,Active
E00940  ,David Parker,david.parker@northwindmaterials.com,Procurement Specialist,Supply Chain,E00046,"Cleveland, OH, USA",44502,,Full-Time,Active
E941,Richard Shaw,richard.shaw@northwindmaterials.com,QA Analyst,Quality Assurance,E00073,"Cleveland, OH, USA",10/19/2024,,Full-Time,Active
E00942,Paula Padilla,paula.padilla@northwindmaterials.com,Accountant,Finance,E00095,"Cleveland, OH, USA",05/27/2025,,Full-Time,Active
E0943,Larry Wilson,larry.wilson@northwindmaterials.com,QA Engineer,Engineering,E00184,"Houston, TX, USA",09/01/2017,,Full-Time,Active
E0944,Sabrina Phillips,sabrina.phillips@northwindmaterials.com,Supply Chain Analyst,Supply Chain,E00140,"Pune, India",07/09/2020,,Full-Time,Active
E0945,Christina Robinson,christina.robinson@northwindmaterials.com,Production Associate,Manufacturing,E00134,"Houston, TX, USA",2018-07-26,,Full-Time,Active
946,Dennis Hernandez,dennis.hernandez@northwindmaterials.com,QA Analyst,Quality Assurance,E00135,"Atlanta, GA, USA",44569,,Full-Time,Active
E0947,Julie Obrien,julie.obrien@northwindmaterials.com,Compliance Analyst,Legal,E00068,"Houston, TX, USA",2020-12-29,,Full-Time,Active
E00948,Robert Dunn,robert.dunn@northwindmaterials.com,Accountant,Finance,E00095,"Houston, TX, USA",02/17/2019,,Full-Time,Active
E0949,Thomas Medina,thomas.medina@northwindmaterials.com,Financial Analyst,Finance,E00148,"Pune, India",07/26/2016,,Full-Time,Active
950,Elizabeth Robinson,elizabeth.robinson@northwindmaterials.com,Quality Inspector,Quality Assurance,E00099,"Detroit, MI, USA",45281,,Full-Time,Active
E0951,John Fischer,john.fischer@northwindmaterials.com,Line Supervisor,Manufacturing,E00109,"Houston, TX, USA",2022-12-02,,Full-Time,Active
952,Morgan Miller,morgan.miller@northwindmaterials.com,Procurement Specialist,Supply Chain,E00082,"Houston, TX, USA",2018-10-03,,Full-Time,Active
953,Sean Padilla,sean.padilla@northwindmaterials.com,Compliance Analyst,Legal,E00101,"Pune, India",07/02/2023,2025-03-06,Full-Time,Active
E00954  ,Christian Elliott,christian.elliott@northwindmaterials.com,QA Analyst,Quality Assurance,E00105,"Pune, India",44977,,Full-Time,Active
E00955  ,Bryan Kelley,bryan.kelley@northwindmaterials.com,Compliance Analyst,Legal,E00129,"Atlanta, GA, USA",2019-09-16,,Full-Time,Active
E0956,William Armstrong,william.armstrong@northwindmaterials.com,Accountant,Finance,E00168,"Cleveland, OH, USA",42055,,Full-Time,Active
957,Edward Murphy,edward.murphy@northwindmaterials.com,Customer Success Associate,Customer Success,E00133,"Cleveland, OH, USA",2015-03-11,,Full-Time,Active
E958,Abigail Wilson,abigail.wilson@northwindmaterials.com,Supply Chain Analyst,Supply Chain,E00182,"Cleveland, OH, USA",10/21/2019,,Full-Time,Active
E00959  ,Jamie Aguilar,jamie.aguilar@northwindmaterials.com,Software Engineer,Engineering,E00181,"Pune, India",2016-09-01,,Full-Time,Active
960,Christopher Dixon,christopher.dixon@northwindmaterials.com,Machine Operator,Manufacturing,E00051,"Chennai, India",2025-01-17,,Full-Time,Active
E0961,Lindsey Chavez,lindsey.chavez@northwindmaterials.com,Paralegal,Legal,E00055,"Atlanta, GA, USA",02/14/2019,,Full-Time,Active
962,William Bryant,william.bryant@northwindmaterials.com,Paralegal,Legal,E00078,"Detroit, MI, USA",2020-07-18,,Full-Time,Active
E00963,Brian Ford,brian.ford@northwindmaterials.com,Financial Analyst,Finance,E00081,"Cleveland, OH, USA",06/17/2018,,Full-Time,Active
E00964,Lindsay Cummings,lindsay.cummings@northwindmaterials.com,Line Supervisor,Manufacturing,E00172,"Houston, TX, USA",2015-10-16,,Full-Time,Active
965,Randy Velasquez,randy.velasquez@northwindmaterials.com,Support Specialist,Customer Success,E00058,"Chennai, India",09/02/2023,,Full-Time,Active
E00966  ,Julie Lane,julie.lane@northwindmaterials.com,Customer Success Associate,Customer Success,E00167,"Detroit, MI, USA",04/17/2024,,Full-Time,Active
E967,Brandon Cooper,brandon.cooper@northwindmaterials.com,QA Analyst,Quality Assurance,E00179,"Detroit, MI, USA",44017,,Full-Time,Active
E00968,Bryce Mcknight,bryce.mcknight@northwindmaterials.com,Production Associate,Manufacturing,E00047,"Pune, India",43108,2025-08-18,Full-Time,Terminated
969,Sarah Jones,sarah.jones@northwindmaterials.com,IT Support Specialist,Information Technology,E00116,"Pune, India",42615,2025-03-10,Full-Time,Terminated
E970,Sarah Johnson,sarah.johnson@northwindmaterials.com,Senior Software Engineer,Engineering,E00153,"Detroit, MI, USA",44900,,Full-Time,Active
E971,Robert Mack,robert.mack@northwindmaterials.com,Operations Analyst,Operations,E00067,"Cleveland, OH, USA",06/28/2018,,Full-Time,Active
E972,Katie Good,katie.good@northwindmaterials.com,Supply Chain Analyst,Supply Chain,E00092,"Houston, TX, USA",04/22/2017,,Full-Time,Active
E00973  ,Debbie Fisher,debbie.fisher@northwindmaterials.com,DevOps Engineer,Engineering,E00111,"Detroit, MI, USA",2014-12-28,,Full-Time,Active
974,Victoria Reyes,victoria.reyes@northwindmaterials.com,QA Analyst,Quality Assurance,E00138,"Atlanta, GA, USA",06/20/2026,,Full-Time,Active
E0975,Molly Knox,molly.knox@northwindmaterials.com,Procurement Specialist,Supply Chain,E00187,"Chennai, India",06/07/2024,,Full-Time,Active
E00976  ,Nicholas Vega,nicholas.vega@northwindmaterials.com,Supply Chain Analyst,Supply Chain,E00100,"Chennai, India",45602,2025-06-28,Full-Time,Active
E00977,Dorothy Ryan,dorothy.ryan@northwindmaterials.com,Machine Operator,Manufacturing,E00063,"Detroit, MI, USA",45934,,Full-Time,Active
E978,Desiree Bailey,desiree.bailey@northwindmaterials.com,QA Analyst,Quality Assurance,E00146,"Atlanta, GA, USA",05/01/2017,,Full-Time,Active
E00979,Gregory Medina,gregory.medina@northwindmaterials.com,DevOps Engineer,Engineering,E00184,"Detroit, MI, USA",2019-09-16,,Full-Time,Active
E980,Allison Luna,allison.luna@northwindmaterials.com,Senior Software Engineer,Engineering,E00045,"Detroit, MI, USA",43550,,Full-Time,Active
E00981,Jeffrey Smith,jeffrey.smith@northwindmaterials.com,Logistics Coordinator,Operations,E00170,"Chennai, India",43446,,Full-Time,Active
982,Andrew Evans,andrew.evans@northwindmaterials.com,Software Engineer,Engineering,E00127,"Pune, India",44066,,Full-Time,Active
983,Emily Stephens,emily.stephens@northwindmaterials.com,IT Support Specialist,Information Technology,E00053,"Cleveland, OH, USA",02/17/2021,,Full-Time,Active
984,Amanda Morrow,amanda.morrow@northwindmaterials.com,Recruiter,Human Resources,E00188,"Houston, TX, USA",10/04/2025,,Full-Time,Active
E00985,John Reed,john.reed@northwindmaterials.com,Procurement Specialist,Supply Chain,E00054,"Chennai, India",03/30/2023,,Full-Time,Active
E00986,Joshua Pineda,joshua.pineda@northwindmaterials.com,Customer Success Associate,Customer Success,E00114,"Cleveland, OH, USA",08/05/2017,,Full-Time,Active
E0987,Jessica Rodriguez,jessica.rodriguez@northwindmaterials.com,Paralegal,Legal,E00123,"Cleveland, OH, USA",45419,,Full-Time,Active
E0988,Lisa Barnes,lisa.barnes@northwindmaterials.com,Line Supervisor,Manufacturing,,"Detroit, MI, USA",04/23/2019,,Full-Time,Active
E0989,Katie Stephenson,katie.stephenson@northwindmaterials.com,Procurement Specialist,Supply Chain,E00119,"Pune, India",2019-07-05,,Full-Time,Active
E00990  ,Alexis Harris,alexis.harris@northwindmaterials.com,Compliance Analyst,Legal,E00104,"Chennai, India",01/08/2021,,Full-Time,Active
E991,Craig Johnson,craig.johnson@northwindmaterials.com,QA Engineer,Engineering,E00181,"Atlanta, GA, USA",43437,,Full-Time,Active
E00992  ,Carla Warner,carla.warner@northwindmaterials.com,Paralegal,Legal,E00078,"Pune, India",01/21/2024,,Full-Time,Active
E993,Brandon Yang,brandon.yang@northwindmaterials.com,Financial Analyst,Finance,E00131,"Detroit, MI, USA",43363,2024-09-10,Full-Time,Active
E00994  ,Richard Young,richard.young@northwindmaterials.com,IT Support Specialist,Information Technology,E00154,"Detroit, MI, USA",45232,,Full-Time,Active
995,Jeff Shields,jeff.shields@northwindmaterials.com,Logistics Coordinator,Operations,E00130,"Houston, TX, USA",2017-12-12,,Full-Time,Active
E00996,Brian Gordon,brian.gordon@northwindmaterials.com,Logistics Coordinator,Operations,E00050,"Atlanta, GA, USA",2015-04-27,,Full-Time,Active
E00997,Keith Cabrera,keith.cabrera@northwindmaterials.com,Financial Analyst,Finance,E00168,"Houston, TX, USA",44263,,Full-Time,Active
E0998,Jessica Flores,jessica.flores@northwindmaterials.com,DevOps Engineer,Engineering,E00184,"Atlanta, GA, USA",07/18/2020,2024-10-31,Full-Time,Active
E00999  ,Carla Chambers,carla.chambers@northwindmaterials.com,DevOps Engineer,Engineering,E00090,"Detroit, MI, USA",12/16/2019,,Full-Time,Active
E1000,Malik Turner,malik.turner@northwindmaterials.com,Procurement Specialist,Supply Chain,E00118,"Chennai, India",2024-10-15,,Full-Time,Active
E1001,Douglas Keller,douglas.keller@northwindmaterials.com,Procurement Specialist,Supply Chain,E00061,"Houston, TX, USA",03/30/2020,,Full-Time,Active
E1002,Jeffrey Turner,jeffrey.turner@northwindmaterials.com,Supply Chain Analyst,Supply Chain,E00082,"Chennai, India",12/19/2022,,Full-Time,Active
E01003  ,Bruce Fry,bruce.fry@northwindmaterials.com,Supply Chain Analyst,Supply Chain,E00082,"Houston, TX, USA",2024-12-13,,Full-Time,Active
1004,Nichole Buck,nichole.buck@northwindmaterials.com,Quality Inspector,Quality Assurance,E00135,"Detroit, MI, USA",42588,2024-10-29,Full-Time,Terminated
E01005,Connie Simmons,connie.simmons@northwindmaterials.com,Accountant,Finance,,"Atlanta, GA, USA",41970,,Full-Time,Active
1006,Tyler Compton,tyler.compton@northwindmaterials.com,QA Analyst,Quality Assurance,E00135,"Detroit, MI, USA",2025-03-11,,Full-Time,Active
E1007,Shelly Powers,shelly.powers@northwindmaterials.com,Paralegal,Legal,E00076,"Cleveland, OH, USA",42977,,Full-Time,Active
E01008  ,Kristi Flores,kristi.flores@northwindmaterials.com,DevOps Engineer,Engineering,E00153,"Pune, India",44534,,Full-Time,Active
E01009  ,Robert Hernandez,robert.hernandez@northwindmaterials.com,QA Analyst,Quality Assurance,E00185,"Detroit, MI, USA",45142,,Full-Time,Active
E1010,Nicholas Webster,nicholas.webster@northwindmaterials.com,Software Engineer,Engineering,E00049,"Houston, TX, USA",43624,,Full-Time,Active
E1011,Thomas Atkinson,thomas.atkinson@northwindmaterials.com,Software Engineer,Engineering,E00184,"Pune, India",45027,2026-07-08,Full-Time,Active
E1012,Kevin Zimmerman,kevin.zimmerman@northwindmaterials.com,Supply Chain Analyst,Supply Chain,E00126,"Detroit, MI, USA",45353,,Full-Time,Active
E01013,Linda Melendez,linda.melendez@northwindmaterials.com,DevOps Engineer,Engineering,E00117,"Atlanta, GA, USA",2020-06-03,,Full-Time,Active
E1014,Anna Faulkner,anna.faulkner@northwindmaterials.com,AP Specialist,Finance,E00064,"Pune, India",42484,2025-04-14,Full-Time,Terminated
E1015,Angela Anderson,angela.anderson@northwindmaterials.com,Quality Inspector,Quality Assurance,E00105,"Chennai, India",10/23/2016,,Full-Time,Active
1016,John Harris,john.harris@northwindmaterials.com,Procurement Specialist,Supply Chain,E00140,"Cleveland, OH, USA",42367,,Full-Time,Active
E1017,Deborah Nielsen,deborah.nielsen@northwindmaterials.com,QA Engineer,Engineering,E00111,"Houston, TX, USA",11/04/2015,,Full-Time,Active
E01018  ,Melanie Davis,melanie.davis@northwindmaterials.com,Senior Software Engineer,Engineering,E00169,"Detroit, MI, USA",44612,2026-07-14,Full-Time,Active
E1019,Jenny Lee,jenny.lee@northwindmaterials.com,Compliance Analyst,Legal,E00085,"Houston, TX, USA",2019-12-10,,Full-Time,Active
E1020,Joseph Nunez,joseph.nunez@northwindmaterials.com,Support Specialist,Customer Success,E00150,"Atlanta, GA, USA",2025-03-27,2024-12-12,Full-Time,Active
E1021,Carrie Russo,carrie.russo@northwindmaterials.com,Compliance Analyst,Legal,E00062,"Houston, TX, USA",44788,,Full-Time,Active
E1022,Jacob Gill,jacob.gill@northwindmaterials.com,Line Supervisor,Manufacturing,E00106,"Pune, India",42258,,Full-Time,Active
E1023,Jennifer Hansen,jennifer.hansen@northwindmaterials.com,Supply Chain Analyst,Supply Chain,E00093,"Detroit, MI, USA",2014-10-17,,Full-Time,Active
E1024,Timothy Booth,timothy.booth@northwindmaterials.com,Support Specialist,Customer Success,E00077,"Detroit, MI, USA",2020-05-12,,Full-Time,Active
E01025,Mason Krueger,mason.krueger@northwindmaterials.com,Support Specialist,Customer Success,E00144,"Pune, India",2025-12-28,,Full-Time,Active
E01026  ,Alexis Giles,alexis.giles@northwindmaterials.com,Supply Chain Analyst,Supply Chain,E00140,"Atlanta, GA, USA",03/21/2023,,Full-Time,Active
E01027,Suzanne Wilson,suzanne.wilson@northwindmaterials.com,DevOps Engineer,Engineering,E00128,"Chennai, India",2021-06-17,,Full-Time,Active
E1028,Yvonne Mendoza,yvonne.mendoza@northwindmaterials.com,Support Specialist,Customer Success,E00077,"Houston, TX, USA",07/12/2023,,Full-Time,Active
E01029,John Munoz,john.munoz@northwindmaterials.com,Supply Chain Analyst,Supply Chain,E00094,"Houston, TX, USA",12/29/2022,,Full-Time,Active
E1030,James Herman,james.herman@northwindmaterials.com,Support Specialist,Customer Success,E00088,"Houston, TX, USA",2017-08-22,,Full-Time,Active
E01031  ,Andrea Rowe,andrea.rowe@northwindmaterials.com,DevOps Engineer,Engineering,E00117,"Pune, India",08/06/2015,,Full-Time,Active
E01032  ,Oscar Ferguson,oscar.ferguson@northwindmaterials.com,QA Analyst,Quality Assurance,E00105,"Atlanta, GA, USA",43355,,Full-Time,Active
E01033,Michael Green,michael.green@northwindmaterials.com,Support Specialist,Customer Success,E00114,"Houston, TX, USA",44018,,Full-Time,Active
E01034  ,William Crawford,william.crawford@northwindmaterials.com,HR Coordinator,Human Resources,E00072,"Cleveland, OH, USA",2018-06-26,,Full-Time,Active
E01035,Corey Zavala,corey.zavala@northwindmaterials.com,Procurement Specialist,Supply Chain,E00182,"Chennai, India",2025-12-21,,Full-Time,Active
E1036,Terrance Franco,terrance.franco@northwindmaterials.com,Software Engineer,Engineering,E00183,"Chennai, India",2025-09-23,2025-04-18,Full-Time,Terminated
E1037,Robin Wood,robin.wood@northwindmaterials.com,Procurement Specialist,Supply Chain,E00161,"Atlanta, GA, USA",44664,,Full-Time,Active
E1038,Robert Hart,robert.hart@northwindmaterials.com,Software Engineer,Engineering,E00117,"Atlanta, GA, USA",2025-03-04,,Full-Time,Active
E01039  ,Jeffrey Thomas,jeffrey.thomas@northwindmaterials.com,Operations Analyst,Operations,E00170,"Chennai, India",42966,,Full-Time,Active
E01040  ,Jose Donovan,jose.donovan@northwindmaterials.com,Financial Analyst,Finance,E00120,"Houston, TX, USA",2016-09-07,,Full-Time,Active
E01041,Beth Butler,beth.butler@northwindmaterials.com,Supply Chain Analyst,Supply Chain,E00082,"Atlanta, GA, USA",10/16/2021,,Full-Time,Active
1042,Elijah Rivera,elijah.rivera@northwindmaterials.com,Supply Chain Analyst,Supply Chain,E00061,"Pune, India",07/28/2026,2025-06-15,Full-Time,Terminated
E1043,Noah Whitaker,noah.whitaker@northwindmaterials.com,Network Engineer,Information Technology,E00165,"Atlanta, GA, USA",45432,,Full-Time,Active
E01044,Victor Pena,victor.pena@northwindmaterials.com,QA Analyst,Quality Assurance,E00179,"Pune, India",11/08/2017,,Full-Time,Active
1045,Gail Scott,gail.scott@northwindmaterials.com,Supply Chain Analyst,Supply Chain,E00052,"Chennai, India",07/07/2020,,Full-Time,Active
E01046,Lorraine Levy,lorraine.levy@northwindmaterials.com,AP Specialist,Finance,E00180,"Chennai, India",42843,2026-01-07,Full-Time,Active
E1047,Darlene Henry,darlene.henry@northwindmaterials.com,Financial Analyst,Finance,E00064,"Cleveland, OH, USA",09/13/2021,,Full-Time,Active
E01048,Gary Norton,gary.norton@northwindmaterials.com,Customer Success Associate,Customer Success,E00133,"Chennai, India",08/31/2015,,Full-Time,Active
E1049,Gary Cortez,gary.cortez@northwindmaterials.com,Supply Chain Analyst,Supply Chain,E00054,"Houston, TX, USA",2017-07-17,,Full-Time,Active
1050,Tracy Stark,tracy.stark@northwindmaterials.com,Software Engineer,Engineering,E00153,"Detroit, MI, USA",11/14/2025,,Full-Time,Active
E1051,Amber May,amber.may@northwindmaterials.com,Compliance Analyst,Legal,E00068,"Cleveland, OH, USA",44187,,Full-Time,Active
E01052,Brian Johnson,brian.johnson@northwindmaterials.com,Procurement Specialist,Supply Chain,E00173,"Atlanta, GA, USA",2022-10-05,,Full-Time,Active
E01053  ,Melanie Landry,melanie.landry@northwindmaterials.com,QA Analyst,Quality Assurance,E00138,"Atlanta, GA, USA",04/27/2024,,Full-Time,Active
E1054,Elizabeth Duran,elizabeth.duran@northwindmaterials.com,Senior Software Engineer,Engineering,E00171,"Houston, TX, USA",44203,2025-09-04,Full-Time,Active
E01055  ,Robert Kirby,robert.kirby@northwindmaterials.com,DevOps Engineer,Engineering,E00049,"Detroit, MI, USA",07/30/2020,,Full-Time,Active
E1056,Jesse Mann,jesse.mann@northwindmaterials.com,Supply Chain Analyst,Supply Chain,E00118,"Detroit, MI, USA",08/03/2020,,Full-Time,Active
E1057,Albert Wagner,albert.wagner@northwindmaterials.com,HR Coordinator,Human Resources,E00072,"Cleveland, OH, USA",04/09/2026,,Full-Time,Active
E01058,Nathaniel Williamson,nathaniel.williamson@northwindmaterials.com,Accountant,Finance,E00132,"Houston, TX, USA",09/11/2021,,Full-Time,Active
E1059,Elizabeth Jensen,elizabeth.jensen@northwindmaterials.com,Senior Software Engineer,Engineering,E00159,"Pune, India",2024-06-12,,Full-Time,Active
1060,Timothy Freeman,timothy.freeman@northwindmaterials.com,QA Analyst,Quality Assurance,E00166,"Atlanta, GA, USA",43237,,Full-Time,Active
E01061  ,Adam Arnold,adam.arnold@northwindmaterials.com,Logistics Coordinator,Operations,E00067,"Chennai, India",2021-10-01,,Full-Time,Active
1062,Alexander Moreno,alexander.moreno@northwindmaterials.com,Logistics Coordinator,Operations,E00158,"Detroit, MI, USA",45910,,Full-Time,Active
E01063  ,Joshua Madden,joshua.madden@northwindmaterials.com,Procurement Specialist,Supply Chain,E00119,"Chennai, India",01/25/2018,,Full-Time,Active
E01064  ,Andre Li,andre.li@northwindmaterials.com,HR Generalist,Human Resources,E00072,"Houston, TX, USA",2024-07-17,,Full-Time,Active
E1065,Emily Drake,emily.drake@northwindmaterials.com,Quality Inspector,Quality Assurance,E00070,"Chennai, India",42321,,Full-Time,Active
E1066,Renee Rodriguez,renee.rodriguez@northwindmaterials.com,Quality Inspector,Quality Assurance,E00105,"Pune, India",11/29/2018,,Full-Time,Active
E01067  ,Cole Hernandez,cole.hernandez@northwindmaterials.com,Systems Administrator,Information Technology,E00083,"Pune, India",01/03/2018,,Full-Time,Active
E01068,James Fox,james.fox@northwindmaterials.com,QA Analyst,Quality Assurance,E00152,"Cleveland, OH, USA",42333,,Full-Time,Active
E1069,Lisa Adams,lisa.adams@northwindmaterials.com,Quality Inspector,Quality Assurance,E00146,"Cleveland, OH, USA",10/31/2019,,Full-Time,Active
1070,Randy Watson,randy.watson@northwindmaterials.com,DevOps Engineer,Engineering,E00153,"Detroit, MI, USA",10/13/2018,,Full-Time,Active
E1071,Richard Cunningham,richard.cunningham@northwindmaterials.com,Supply Chain Analyst,Supply Chain,E00093,"Pune, India",42179,2025-02-12,Full-Time,Terminated
E01072,Veronica Perez,veronica.perez@northwindmaterials.com,QA Analyst,Quality Assurance,E00152,"Detroit, MI, USA",03/22/2025,,Full-Time,Active
E01073,Gabriella Abbott,gabriella.abbott@northwindmaterials.com,Quality Inspector,Quality Assurance,E00097,"Houston, TX, USA",44017,,Full-Time,Active
E1074,Desiree Garrison,desiree.garrison@northwindmaterials.com,Procurement Specialist,Supply Chain,E00059,"Pune, India",43225,,Full-Time,Active
E01075  ,Katherine Davis,katherine.davis@northwindmaterials.com,QA Engineer,Engineering,E00090,"Houston, TX, USA",45712,,Full-Time,Active
E01076  ,Nicholas Tran,nicholas.tran@northwindmaterials.com,Supply Chain Analyst,Supply Chain,E00093,"Detroit, MI, USA",06/18/2024,,Full-Time,Active
E1077,Brian Smith,brian.smith@northwindmaterials.com,DevOps Engineer,Engineering,E00110,"Pune, India",42836,,Full-Time,Active
1078,George Porter,george.porter@northwindmaterials.com,Compliance Analyst,Legal,E00123,"Pune, India",45940,,Full-Time,Active
E01079  ,Ryan Mueller,ryan.mueller@northwindmaterials.com,Machine Operator,Manufacturing,E00143,"Houston, TX, USA",08/04/2015,,Full-Time,Active
E01080  ,Ariel Hodge,ariel.hodge@northwindmaterials.com,Support Specialist,Customer Success,E00133,"Pune, India",45502,,Full-Time,Active
E01081,Cody Rice,cody.rice@northwindmaterials.com,QA Analyst,Quality Assurance,E00087,"Pune, India",2022-09-02,,Full-Time,Active
E1082,Brad Lewis,brad.lewis@northwindmaterials.com,AP Specialist,Finance,E00064,"Cleveland, OH, USA",2025-07-22,,Full-Time,Active
E1083,Miranda Clay,miranda.clay@northwindmaterials.com,Paralegal,Legal,E00123,"Cleveland, OH, USA",2024-12-09,,Full-Time,Active
E1084,Thomas Williams,thomas.williams@northwindmaterials.com,Software Engineer,Engineering,E00121,"Cleveland, OH, USA",45924,,Full-Time,Active
E1085,Charles Frost,charles.frost@northwindmaterials.com,Quality Inspector,Quality Assurance,E00138,"Pune, India",03/13/2017,,Full-Time,Active
E01086,Rachel Elliott,rachel.elliott@northwindmaterials.com,Support Specialist,Customer Success,E00142,"Pune, India",12/29/2017,,Full-Time,Active
E1087,Antonio Mcfarland,antonio.mcfarland@northwindmaterials.com,Compliance Analyst,Legal,E00078,"Atlanta, GA, USA",42898,,Full-Time,Active
E1088,Leonard Ali,leonard.ali@northwindmaterials.com,DevOps Engineer,Engineering,E00090,"Chennai, India",2022-07-07,,Full-Time,Active
E1089,Brenda Goodwin,brenda.goodwin@northwindmaterials.com,AP Specialist,Finance,E00180,"Chennai, India",42652,,Full-Time,Active
E01090,Jennifer Sanders,jennifer.sanders@northwindmaterials.com,Quality Inspector,Quality Assurance,E00087,"Atlanta, GA, USA",03/30/2019,,Full-Time,Active
E1091,Chase Martin,chase.martin@northwindmaterials.com,IT Support Specialist,Information Technology,E00116,"Cleveland, OH, USA",2021-01-17,,Full-Time,Active
E01092  ,John Davenport,john.davenport@northwindmaterials.com,Compliance Analyst,Legal,E00123,"Pune, India",09/22/2018,,Full-Time,Active
E1093,Paul Mosley,paul.mosley@northwindmaterials.com,Accountant,Finance,E00056,"Detroit, MI, USA",2018-06-13,,Full-Time,Active
E1094,Martin Campos,martin.campos@northwindmaterials.com,Customer Success Associate,Customer Success,E00167,"Cleveland, OH, USA",01/31/2026,,Full-Time,Active
1095,Donald Hinton,donald.hinton@northwindmaterials.com,Line Supervisor,Manufacturing,E00141,"Atlanta, GA, USA",44120,,Full-Time,Active
E1096,Jennifer Mason,jennifer.mason@northwindmaterials.com,Accountant,Finance,E00168,"Chennai, India",2019-06-09,,Full-Time,Active
1097,Terri Brown,terri.brown@northwindmaterials.com,Accountant,Finance,E00156,"Cleveland, OH, USA",2014-10-07,,Full-Time,Active
E01098,Samuel Roberson,samuel.roberson@northwindmaterials.com,AP Specialist,Finance,E00064,"Detroit, MI, USA",06/22/2026,,Full-Time,Active
E1099,Matthew Mack,matthew.mack@northwindmaterials.com,QA Analyst,Quality Assurance,E00099,"Detroit, MI, USA",43365,,Full-Time,Active
E01100  ,Stephanie Sanders,stephanie.sanders@northwindmaterials.com,Customer Success Associate,Customer Success,E00113,"Pune, India",45297,,Full-Time,Active
E1101,Kim Johnson,kim.johnson@northwindmaterials.com,IT Support Specialist,Information Technology,E00116,"Atlanta, GA, USA",2016-05-25,,Full-Time,Active
1102,Joshua Riddle,joshua.riddle@northwindmaterials.com,Supply Chain Analyst,Supply Chain,E00187,"Pune, India",03/12/2020,2025-11-22,Full-Time,Terminated
E01103,Tracy Kelly,tracy.kelly@northwindmaterials.com,Procurement Specialist,Supply Chain,E00173,"Pune, India",45966,,Full-Time,Active
1104,Shelley Reynolds,shelley.reynolds@northwindmaterials.com,Recruiter,Human Resources,E00072,"Pune, India",2016-10-15,,Full-Time,Active
E1105,Erin Guerrero,erin.guerrero@northwindmaterials.com,HR Coordinator,Human Resources,E00136,"Detroit, MI, USA",44578,,Full-Time,Active
E1106,Christopher Montgomery,christopher.montgomery@northwindmaterials.com,Network Engineer,Information Technology,E00155,"Cleveland, OH, USA",04/04/2015,,Full-Time,Active
E01107  ,Lauren Marquez,lauren.marquez@northwindmaterials.com,Procurement Specialist,Supply Chain,E00151,"Chennai, India",2021-01-18,,Full-Time,Active
E1108,Christopher Moore,christopher.moore@northwindmaterials.com,Production Associate,Manufacturing,E00106,"Detroit, MI, USA",42885,,Full-Time,Active
E1109,Jennifer Walters,jennifer.walters@northwindmaterials.com,Logistics Coordinator,Operations,E00158,"Houston, TX, USA",45115,,Full-Time,Active
E1110,Jodi Stewart,jodi.stewart@northwindmaterials.com,Systems Administrator,Information Technology,E00065,"Detroit, MI, USA",2023-01-20,,Full-Time,Active
E1111,Daniel Smith,daniel.smith@northwindmaterials.com,Financial Analyst,Finance,E00103,"Chennai, India",2017-01-19,,Full-Time,Active
E1112,Kyle Ward,kyle.ward@northwindmaterials.com,AP Specialist,Finance,E00132,"Pune, India",12/06/2021,,Full-Time,Active
E01113,Joseph Anderson,joseph.anderson@northwindmaterials.com,Quality Inspector,Quality Assurance,E00152,"Pune, India",43145,,Full-Time,Active
E01114  ,Jacob Cole,jacob.cole@northwindmaterials.com,Paralegal,Legal,E00078,"Cleveland, OH, USA",2015-04-28,2024-09-27,Full-Time,Active
1115,Angela Russell,angela.russell@northwindmaterials.com,Support Specialist,Customer Success,E00058,"Pune, India",2016-06-29,,Full-Time,Active
E01116  ,Anthony Gomez,anthony.gomez@northwindmaterials.com,Customer Success Associate,Customer Success,E00114,"Houston, TX, USA",12/30/2024,,Full-Time,Active
E1117,Christopher George,christopher.george@northwindmaterials.com,QA Engineer,Engineering,E00117,"Pune, India",2025-06-08,,Full-Time,Active
E01118  ,Mark Cruz,mark.cruz@northwindmaterials.com,Software Engineer,Engineering,E00111,"Cleveland, OH, USA",11/09/2024,,Full-Time,Active
E01119  ,Kelly Hughes,kelly.hughes@northwindmaterials.com,Financial Analyst,Finance,E00148,"Houston, TX, USA",09/18/2020,,Full-Time,Active
1120,Christopher Santana,christopher.santana@northwindmaterials.com,Network Engineer,Information Technology,E00075,"Cleveland, OH, USA",41933,,Full-Time,Active
E01121  ,Rebecca Spence,rebecca.spence@northwindmaterials.com,Plant Technician,Manufacturing,E00106,"Chennai, India",2022-01-23,,Full-Time,Active
E1122,Ashley Jackson,ashley.jackson@northwindmaterials.com,Financial Analyst,Finance,E00125,"Chennai, India",08/29/2015,,Full-Time,Active
E01123,Oscar Taylor,oscar.taylor@northwindmaterials.com,Line Supervisor,Manufacturing,,"Cleveland, OH, USA",45597,,Full-Time,Active
E01124,Kevin Snyder,kevin.snyder@northwindmaterials.com,Supply Chain Analyst,Supply Chain,E00190,"Chennai, India",2021-12-17,,Full-Time,Active
E01125  ,Bryan Hamilton,bryan.hamilton@northwindmaterials.com,Supply Chain Analyst,Supply Chain,E00149,"Atlanta, GA, USA",2017-07-29,,Full-Time,Active
E1126,Robert Washington,robert.washington@northwindmaterials.com,Paralegal,Legal,E00062,"Atlanta, GA, USA",43617,,Full-Time,Active
1127,Chase King,chase.king@northwindmaterials.com,QA Engineer,Engineering,E00174,"Chennai, India",2015-10-07,,Full-Time,Active
E1128,John Weber,john.weber@northwindmaterials.com,Supply Chain Analyst,Supply Chain,E00137,"Atlanta, GA, USA",01/07/2021,,Full-Time,Active
E1129,Brittney Gonzalez,brittney.gonzalez@northwindmaterials.com,Procurement Specialist,Supply Chain,,"Chennai, India",2021-12-03,,Full-Time,Active
E01130  ,Daniel Torres,daniel.torres@northwindmaterials.com,Supply Chain Analyst,Supply Chain,E00066,"Chennai, India",42340,,Full-Time,Active
1131,Stacy Cook,stacy.cook@northwindmaterials.com,Machine Operator,Manufacturing,E00134,"Pune, India",2016-04-05,,Full-Time,Active
E1132,Christine Brock,christine.brock@northwindmaterials.com,Customer Success Associate,Customer Success,E00144,"Atlanta, GA, USA",03/25/2023,,Full-Time,Active
1133,Mark Cook,mark.cook@northwindmaterials.com,QA Analyst,Quality Assurance,E00097,"Houston, TX, USA",10/01/2016,,Full-Time,Active
1134,Lisa Villarreal,lisa.villarreal@northwindmaterials.com,Accountant,Finance,E00125,"Houston, TX, USA",2023-08-15,,Full-Time,Active
E1135,Terri Taylor,terri.taylor@northwindmaterials.com,Senior Software Engineer,Engineering,E00183,"Pune, India",05/25/2020,,Full-Time,Active
E1136,Malik Valentine,malik.valentine@northwindmaterials.com,Support Specialist,Customer Success,E00167,"Chennai, India",43344,,Full-Time,Active
E01137  ,James Edwards,james.edwards@northwindmaterials.com,Paralegal,Legal,E00055,"Detroit, MI, USA",2020-01-22,,Full-Time,Active
E01138  ,Tamara Novak,tamara.novak@northwindmaterials.com,Paralegal,Legal,E00160,"Detroit, MI, USA",45153,,Full-Time,Active
E01139  ,Kelly Neal,kelly.neal@northwindmaterials.com,Systems Administrator,Information Technology,E00083,"Atlanta, GA, USA",09/03/2016,,Full-Time,Active
E01140,Travis Johnston,travis.johnston@northwindmaterials.com,Compliance Analyst,Legal,E00043,"Cleveland, OH, USA",42054,2025-06-11,Full-Time,Terminated
E1141,John Bennett,john.bennett@northwindmaterials.com,Compliance Analyst,Legal,E00076,"Cleveland, OH, USA",43591,,Full-Time,Active
E1142,Lisa Long,lisa.long@northwindmaterials.com,Customer Success Associate,Customer Success,E00113,"Chennai, India",43220,,Full-Time,Active
E01143,Daniel Elliott,daniel.elliott@northwindmaterials.com,QA Analyst,Quality Assurance,E00135,"Detroit, MI, USA",05/22/2023,,Full-Time,Active
E1144,Brittany Gardner,brittany.gardner@northwindmaterials.com,Quality Inspector,Quality Assurance,E00138,"Detroit, MI, USA",2023-09-13,,Full-Time,Active
1145,Erin Pierce,erin.pierce@northwindmaterials.com,Support Specialist,Customer Success,E00144,"Chennai, India",01/24/2021,,Full-Time,Active
1146,Stephanie Murray,stephanie.murray@northwindmaterials.com,Support Specialist,Customer Success,E00102,"Chennai, India",2018-02-17,,Full-Time,Active
1147,Jeanette Gonzales,jeanette.gonzales@northwindmaterials.com,Procurement Specialist,Supply Chain,E00066,"Detroit, MI, USA",2017-05-18,,Full-Time,Active
E1148,Kelly Schwartz,kelly.schwartz@northwindmaterials.com,QA Analyst,Quality Assurance,E00097,"Detroit, MI, USA",2021-05-15,,Full-Time,Active
E01149  ,Lori Flynn,lori.flynn@northwindmaterials.com,Paralegal,Legal,E00076,"Pune, India",45907,,Full-Time,Active
1150,Robert Porter,robert.porter@northwindmaterials.com,Financial Analyst,Finance,E00156,"Detroit, MI, USA",45427,,Full-Time,Active
E1151,Cynthia Allen,cynthia.allen@northwindmaterials.com,Operations Analyst,Operations,E00130,"Atlanta, GA, USA",2021-08-18,,Full-Time,Active
E01152,Donna Espinoza,donna.espinoza@northwindmaterials.com,Compliance Analyst,Legal,E00076,"Detroit, MI, USA",2017-08-14,,Full-Time,Active
E01153  ,Kristina Jones,kristina.jones@northwindmaterials.com,Compliance Analyst,Legal,E00101,"Detroit, MI, USA",44827,,Full-Time,Active
E1154,Vicki Mendoza,vicki.mendoza@northwindmaterials.com,Financial Analyst,Finance,E00069,"Houston, TX, USA",10/30/2016,,Full-Time,Active
E1155,Richard Hunter,richard.hunter@northwindmaterials.com,Supply Chain Analyst,Supply Chain,E00137,"Cleveland, OH, USA",12/01/2022,,Full-Time,Active
E01156  ,Samantha Holt,samantha.holt@northwindmaterials.com,Procurement Specialist,Supply Chain,E00140,"Chennai, India",46085,,Full-Time,Active
E01157  ,Amy Gibbs,amy.gibbs@northwindmaterials.com,Machine Operator,Manufacturing,E00079,"Pune, India",2019-02-27,,Full-Time,Active
E01158  ,Michael Woodard,michael.woodard@northwindmaterials.com,Procurement Specialist,Supply Chain,E00187,"Pune, India",08/27/2025,,Full-Time,Active
E1159,Amanda Little,amanda.little@northwindmaterials.com,Compliance Analyst,Legal,E00085,"Houston, TX, USA",08/31/2024,,Full-Time,Active
E1160,Christopher Mack,christopher.mack@northwindmaterials.com,Quality Inspector,Quality Assurance,E00097,"Atlanta, GA, USA",2023-05-19,,Full-Time,Active
E1161,Diane Kelly,diane.kelly@northwindmaterials.com,Financial Analyst,Finance,E00156,"Detroit, MI, USA",05/11/2025,2025-04-28,Full-Time,Terminated
E01162  ,Deborah Williams,deborah.williams@northwindmaterials.com,Paralegal,Legal,E00068,"Detroit, MI, USA",2020-09-11,,Full-Time,Active
1163,Tonya Byrd,tonya.byrd@northwindmaterials.com,Production Associate,Manufacturing,E00141,"Atlanta, GA, USA",02/29/2024,,Full-Time,Active
E01164,Reginald Goodwin,reginald.goodwin@northwindmaterials.com,Paralegal,Legal,E00123,"Cleveland, OH, USA",09/12/2016,,Full-Time,Active
E1165,Tammy Jordan,tammy.jordan@northwindmaterials.com,Customer Success Associate,Customer Success,E00113,"Cleveland, OH, USA",2024-02-25,,Full-Time,Active
E1166,Alex Green,alex.green@northwindmaterials.com,QA Engineer,Engineering,E00184,"Chennai, India",2022-12-07,,Full-Time,Active
E1167,William Stone,william.stone@northwindmaterials.com,QA Engineer,Engineering,E00049,"Cleveland, OH, USA",43412,,Full-Time,Active
E01168  ,Beverly Johnston,beverly.johnston@northwindmaterials.com,Quality Inspector,Quality Assurance,E00175,"Chennai, India",05/30/2024,,Full-Time,Active
E1169,Sean Myers,sean.myers@northwindmaterials.com,Production Associate,Manufacturing,E00143,"Chennai, India",45375,2025-12-12,Full-Time,Active
E01170,Kelsey Chapman,kelsey.chapman@northwindmaterials.com,Financial Analyst,Finance,E00056,"Atlanta, GA, USA",2016-10-04,,Full-Time,Active
E01171,Vincent Cooper,vincent.cooper@northwindmaterials.com,Machine Operator,Manufacturing,E00141,"Cleveland, OH, USA",08/01/2015,,Full-Time,Active
E1172,Angel Garcia,angel.garcia@northwindmaterials.com,Operations Analyst,Operations,E00170,"Pune, India",03/10/2026,,Full-Time,Active
E01173,Robert Nixon,robert.nixon@northwindmaterials.com,Supply Chain Analyst,Supply Chain,E00046,"Houston, TX, USA",44685,,Full-Time,Active
E1174,Darren Shepard,darren.shepard@northwindmaterials.com,Compliance Analyst,Legal,E00076,"Pune, India",2025-01-26,,Full-Time,Active
E01175,Donald Collins,donald.collins@northwindmaterials.com,Support Specialist,Customer Success,E00150,"Pune, India",2019-09-14,,Full-Time,Active
E01176  ,Stanley Clark,stanley.clark@northwindmaterials.com,QA Analyst,Quality Assurance,E00087,"Detroit, MI, USA",02/25/2018,,Full-Time,Active
1177,Timothy Alvarez,timothy.alvarez@northwindmaterials.com,Machine Operator,Manufacturing,E00047,"Detroit, MI, USA",2025-10-13,,Full-Time,Active
1178,Samuel Horton,samuel.horton@northwindmaterials.com,Senior Software Engineer,Engineering,E00110,"Detroit, MI, USA",07/02/2026,,Full-Time,Active
E1179,Luis Evans,luis.evans@northwindmaterials.com,Support Specialist,Customer Success,E00058,"Pune, India",2026-06-11,,Full-Time,Active
E1180,Lisa Wilson,lisa.wilson@northwindmaterials.com,Network Engineer,Information Technology,E00116,"Chennai, India",2016-07-22,,Full-Time,Active
E01181  ,Melinda Wong,melinda.wong@northwindmaterials.com,DevOps Engineer,Engineering,E00171,"Atlanta, GA, USA",2021-03-12,,Full-Time,Active
E1182,Erica Martin,erica.martin@northwindmaterials.com,Software Engineer,Engineering,E00145,"Chennai, India",03/05/2025,2025-04-29,Full-Time,Active
E01183  ,Tonya Sanchez,tonya.sanchez@northwindmaterials.com,AP Specialist,Finance,E00180,"Pune, India",45468,,Full-Time,Active
E1184,Greg Moore,greg.moore@northwindmaterials.com,Supply Chain Analyst,Supply Chain,E00082,"Detroit, MI, USA",2016-06-13,,Full-Time,Active
E1185,Anita Mullen,anita.mullen@northwindmaterials.com,Procurement Specialist,Supply Chain,E00122,"Pune, India",2025-05-21,,Full-Time,Active
E1186,Jesse Sullivan,jesse.sullivan@northwindmaterials.com,Financial Analyst,Finance,E00095,"Pune, India",2021-05-30,,Full-Time,Active
E1187,Jack Davidson,jack.davidson@northwindmaterials.com,Supply Chain Analyst,Supply Chain,E00126,"Pune, India",01/03/2018,,Full-Time,Active
E1188,Ryan Johnson,ryan.johnson@northwindmaterials.com,Supply Chain Analyst,Supply Chain,E00059,"Chennai, India",07/16/2017,,Full-Time,Active
E1189,Christina Gonzalez,christina.gonzalez@northwindmaterials.com,Network Engineer,Information Technology,E00154,"Cleveland, OH, USA",05/30/2021,,Full-Time,Active
1190,Brittany Price,brittany.price@northwindmaterials.com,Senior Software Engineer,Engineering,E00057,"Detroit, MI, USA",43922,,Full-Time,Active
E1191,Janet Harris,janet.harris@northwindmaterials.com,IT Support Specialist,Information Technology,E00154,"Atlanta, GA, USA",05/29/2026,,Full-Time,Active
E1192,Karen Stokes,karen.stokes@northwindmaterials.com,QA Engineer,Engineering,E00057,"Chennai, India",45389,,Full-Time,Active
E01193,Bryan Garcia,bryan.garcia@northwindmaterials.com,Quality Inspector,Quality Assurance,E00087,"Detroit, MI, USA",04/20/2021,,Full-Time,Active
E1194,Monica Lopez,monica.lopez@northwindmaterials.com,Paralegal,Legal,E00078,"Cleveland, OH, USA",42276,,Full-Time,Active
E1195,Mark Ellis,mark.ellis@northwindmaterials.com,Logistics Coordinator,Operations,E00170,"Pune, India",2016-05-22,,Full-Time,Active
1196,Jose Huffman,jose.huffman@northwindmaterials.com,QA Analyst,Quality Assurance,E00175,"Cleveland, OH, USA",42255,,Full-Time,Active
E1197,Allison Fowler,allison.fowler@northwindmaterials.com,Quality Inspector,Quality Assurance,E00138,"Chennai, India",03/10/2026,,Full-Time,Active
1198,Candice Carr,candice.carr@northwindmaterials.com,Software Engineer,Engineering,E00111,"Detroit, MI, USA",2017-02-01,,Full-Time,Active
E01199,Brenda Bailey,brenda.bailey@northwindmaterials.com,DevOps Engineer,Engineering,E00128,"Houston, TX, USA",46069,,Full-Time,Active
1200,Megan Williamson,megan.williamson@northwindmaterials.com,Procurement Specialist,Supply Chain,E00177,"Houston, TX, USA",03/15/2024,,Full-Time,Active
E01201  ,Lisa Mccarthy,lisa.mccarthy@northwindmaterials.com,Procurement Specialist,Supply Chain,E00190,"Atlanta, GA, USA",12/09/2023,,Full-Time,Active
E1202,Kenneth Mendez,kenneth.mendez@northwindmaterials.com,QA Engineer,Engineering,E00159,"Detroit, MI, USA",42660,,Full-Time,Active
1203,Christopher Anderson,christopher.anderson@northwindmaterials.com,Operations Analyst,Operations,E00170,"Houston, TX, USA",02/04/2025,,Full-Time,Active
E01204  ,David Torres,david.torres@northwindmaterials.com,Systems Administrator,Information Technology,E00083,"Detroit, MI, USA",43961,,Full-Time,Active
E1205,Isaac Steele,isaac.steele@northwindmaterials.com,Network Engineer,Information Technology,E00189,"Chennai, India",2022-08-24,,Full-Time,Active
1206,William Barnes,william.barnes@northwindmaterials.com,HR Generalist,Human Resources,E00072,"Chennai, India",05/22/2020,,Full-Time,Active
E01207  ,Devin Reyes,devin.reyes@northwindmaterials.com,Procurement Specialist,Supply Chain,E00173,"Detroit, MI, USA",07/04/2016,,Full-Time,Active
1208,Jacob Reid,jacob.reid@northwindmaterials.com,Procurement Specialist,Supply Chain,E00046,"Detroit, MI, USA",2025-12-19,,Full-Time,Active
E1209,Heather Brewer,heather.brewer@northwindmaterials.com,QA Analyst,Quality Assurance,E00163,"Atlanta, GA, USA",2015-01-15,,Full-Time,Active
E01210  ,Zoe Peters,zoe.peters@northwindmaterials.com,Financial Analyst,Finance,E00081,"Detroit, MI, USA",2017-03-25,,Full-Time,Active
1211,Tracy Taylor,tracy.taylor@northwindmaterials.com,DevOps Engineer,Engineering,E00184,"Cleveland, OH, USA",45677,,Full-Time,Active
E01212  ,Leonard Hayes,leonard.hayes@northwindmaterials.com,Financial Analyst,Finance,E00125,"Atlanta, GA, USA",2018-09-13,,Full-Time,Active
E1213,Brian Howard,brian.howard@northwindmaterials.com,Systems Administrator,Information Technology,E00124,"Detroit, MI, USA",10/05/2018,,Full-Time,Active
E1214,Albert Taylor,albert.taylor@northwindmaterials.com,Systems Administrator,Information Technology,E00189,"Detroit, MI, USA",2023-06-28,,Full-Time,Active
E1215,Lisa Maynard,lisa.maynard@northwindmaterials.com,Software Engineer,Engineering,E00171,"Cleveland, OH, USA",42256,2026-06-04,Full-Time,Terminated
E01216,William Simpson,william.simpson@northwindmaterials.com,Procurement Specialist,Supply Chain,E00100,"Atlanta, GA, USA",42568,,Full-Time,Active
E01217,Gail Perry,gail.perry@northwindmaterials.com,Support Specialist,Customer Success,E00060,"Houston, TX, USA",2024-01-04,,Full-Time,Active
E1218,Mary Burns,mary.burns@northwindmaterials.com,Supply Chain Analyst,Supply Chain,E00122,"Detroit, MI, USA",05/08/2021,,Full-Time,Active
E1219,Christopher Johnson,christopher.johnson@northwindmaterials.com,DevOps Engineer,Engineering,E00184,"Detroit, MI, USA",09/18/2021,,Full-Time,Active
1220,Kathleen Carter,kathleen.carter@northwindmaterials.com,Procurement Specialist,Supply Chain,E00137,"Houston, TX, USA",45613,,Full-Time,Active
E01221,Joshua Medina,joshua.medina@northwindmaterials.com,Supply Chain Analyst,Supply Chain,E00187,"Chennai, India",10/06/2024,,Full-Time,Active
E1222,Gary Ellis,gary.ellis@northwindmaterials.com,QA Analyst,Quality Assurance,E00105,"Houston, TX, USA",2020-08-14,,Full-Time,Active
1223,Julia Cannon,julia.cannon@northwindmaterials.com,Senior Software Engineer,Engineering,E00169,"Chennai, India",44682,,Full-Time,Active
E01224,Andrea Wilson,andrea.wilson@northwindmaterials.com,Procurement Specialist,Supply Chain,,"Cleveland, OH, USA",11/15/2018,,Full-Time,Active
E1225,Danny Hampton,danny.hampton@northwindmaterials.com,Accountant,Finance,E00044,"Detroit, MI, USA",05/30/2019,,Full-Time,Active
E01226,Madeline Richardson,madeline.richardson@northwindmaterials.com,Support Specialist,Customer Success,E00102,"Chennai, India",10/29/2018,,Full-Time,Active
E1227,Lynn Williams,lynn.williams@northwindmaterials.com,QA Engineer,Engineering,E00045,"Detroit, MI, USA",2016-06-05,,Full-Time,Active
E1228,Jennifer Payne,jennifer.payne@northwindmaterials.com,QA Engineer,Engineering,E00139,"Detroit, MI, USA",06/28/2020,,Full-Time,Active
E1229,Veronica Garcia,veronica.garcia@northwindmaterials.com,AP Specialist,Finance,E00095,"Cleveland, OH, USA",42757,,Full-Time,Active
E01230,Maria Potter,maria.potter@northwindmaterials.com,Support Specialist,Customer Success,E00150,"Detroit, MI, USA",45439,2024-09-04,Full-Time,Active
E1231,Kenneth Kidd,kenneth.kidd@northwindmaterials.com,Production Associate,Manufacturing,E00079,"Detroit, MI, USA",46263,,Full-Time,Active
1232,Shannon Bailey,shannon.bailey@northwindmaterials.com,Procurement Specialist,Supply Chain,E00054,"Pune, India",2015-01-28,,Full-Time,Active
E01233  ,Lisa Gonzales,lisa.gonzales@northwindmaterials.com,AP Specialist,Finance,E00148,"Houston, TX, USA",10/21/2014,,Full-Time,Active
E1234,Victoria Rowe,victoria.rowe@northwindmaterials.com,Paralegal,Legal,E00160,"Pune, India",45121,,Full-Time,Active
1235,Joel Cochran,joel.cochran@northwindmaterials.com,Operations Analyst,Operations,E00067,"Chennai, India",04/16/2017,,Full-Time,Active
E01236  ,Brianna Bell,brianna.bell@northwindmaterials.com,Machine Operator,Manufacturing,E00143,"Pune, India",2014-12-21,,Full-Time,Active
E1237,Jennifer Chen,jennifer.chen@northwindmaterials.com,HR Generalist,Human Resources,E00188,"Atlanta, GA, USA",07/11/2018,,Full-Time,Active
E01238  ,Gabriel Taylor,gabriel.taylor@northwindmaterials.com,Paralegal,Legal,E00076,"Houston, TX, USA",05/17/2025,2026-04-13,Full-Time,Active
E01239,Jamie Clark,jamie.clark@northwindmaterials.com,Production Associate,Manufacturing,E00109,"Atlanta, GA, USA",45655,,Full-Time,Active
E1240,Brian Bell,brian.bell@northwindmaterials.com,Supply Chain Analyst,Supply Chain,E00126,"Atlanta, GA, USA",2023-10-05,,Full-Time,Active
E01241  ,Juan Ryan,juan.ryan@northwindmaterials.com,IT Support Specialist,Information Technology,,"Detroit, MI, USA",08/04/2025,,Full-Time,Active
1242,Mario Padilla,mario.padilla@northwindmaterials.com,Procurement Specialist,Supply Chain,E00094,"Pune, India",44366,2024-09-04,Full-Time,Active
E01243,Keith Adams,keith.adams@northwindmaterials.com,Quality Inspector,Quality Assurance,E00070,"Detroit, MI, USA",10/07/2022,,Full-Time,Active
E01244  ,Michele Duke,michele.duke@northwindmaterials.com,Compliance Analyst,Legal,E00085,"Atlanta, GA, USA",45121,,Full-Time,Active
E01245  ,Erin Davis,erin.davis@northwindmaterials.com,Compliance Analyst,Legal,E00123,"Detroit, MI, USA",44365,,Full-Time,Active
1246,Sydney Floyd,sydney.floyd@northwindmaterials.com,Accountant,Finance,E00180,"Cleveland, OH, USA",2016-08-21,,Full-Time,Active
E01247,Samantha Riddle,samantha.riddle@northwindmaterials.com,Logistics Coordinator,Operations,E00158,"Atlanta, GA, USA",06/24/2017,,Full-Time,Active
E1248,Michelle Martinez,michelle.martinez@northwindmaterials.com,Software Engineer,Engineering,E00110,"Detroit, MI, USA",2017-09-14,,Full-Time,Active
E1249,Michelle Wright,michelle.wright@northwindmaterials.com,Network Engineer,Information Technology,E00083,"Houston, TX, USA",12/26/2014,,Full-Time,Active
1250,Jennifer Poole,jennifer.poole@northwindmaterials.com,IT Support Specialist,Information Technology,E00053,"Houston, TX, USA",2018-12-15,,Full-Time,Active
E1251,Kathleen Lowe,kathleen.lowe@northwindmaterials.com,Customer Success Associate,Customer Success,E00080,"Chennai, India",42802,,Full-Time,Active
1252,Tracy Ray,tracy.ray@northwindmaterials.com,Production Associate,Manufacturing,E00106,"Atlanta, GA, USA",01/12/2015,,Full-Time,Active
E01253  ,Joseph Perry,joseph.perry@northwindmaterials.com,Software Engineer,Engineering,E00174,"Chennai, India",11/23/2018,2026-07-27,Full-Time,Terminated
E1254,Shannon Schultz,shannon.schultz@northwindmaterials.com,Supply Chain Analyst,Supply Chain,E00119,"Cleveland, OH, USA",42105,,Full-Time,Active
1255,Nicole Davis,nicole.davis@northwindmaterials.com,Logistics Coordinator,Operations,E00050,"Atlanta, GA, USA",05/15/2019,,Full-Time,Active
1256,Zachary Ramirez,zachary.ramirez@northwindmaterials.com,Quality Inspector,Quality Assurance,E00185,"Detroit, MI, USA",45827,,Full-Time,Active
1257,Sharon Wood,sharon.wood@northwindmaterials.com,Procurement Specialist,Supply Chain,E00161,"Cleveland, OH, USA",43075,,Full-Time,Active
E01258  ,Stephanie Murphy,stephanie.murphy@northwindmaterials.com,Procurement Specialist,Supply Chain,E00074,"Detroit, MI, USA",2020-02-05,,Full-Time,Active
E1259,Aaron Schroeder,aaron.schroeder@northwindmaterials.com,Quality Inspector,Quality Assurance,E00099,"Cleveland, OH, USA",06/12/2024,,Full-Time,Active
E01260  ,Jessica Simon,jessica.simon@northwindmaterials.com,QA Engineer,Engineering,E00145,"Chennai, India",43449,,Full-Time,Active
1261,Stephen Beck,stephen.beck@northwindmaterials.com,AP Specialist,Finance,E00064,"Pune, India",08/09/2016,2025-01-09,Full-Time,Active
E1262,Michael Brown,michael.brown@northwindmaterials.com,Machine Operator,Manufacturing,E00109,"Detroit, MI, USA",06/04/2021,2026-06-22,Full-Time,Terminated
E01263,Amanda Robinson,amanda.robinson@northwindmaterials.com,Procurement Specialist,Supply Chain,E00059,"Chennai, India",2025-01-25,,Full-Time,Active
E01264,Russell Lewis,russell.lewis@northwindmaterials.com,Financial Analyst,Finance,E00156,"Detroit, MI, USA",2017-12-30,,Full-Time,Active
E01265,Joseph Clayton,joseph.clayton@northwindmaterials.com,Software Engineer,Engineering,E00127,"Detroit, MI, USA",2025-04-21,,Full-Time,Active
1266,Matthew Lane,matthew.lane@northwindmaterials.com,Procurement Specialist,Supply Chain,E00161,"Cleveland, OH, USA",02/20/2024,2025-04-06,Full-Time,Active
E01267  ,Ashlee Washington,ashlee.washington@northwindmaterials.com,Systems Administrator,Information Technology,E00189,"Chennai, India",2015-03-01,,Full-Time,Active
E01268,Matthew Fleming,matthew.fleming@northwindmaterials.com,Support Specialist,Customer Success,E00144,"Detroit, MI, USA",2017-04-15,,Full-Time,Active
E01269  ,Brandon Garcia,brandon.garcia@northwindmaterials.com,Supply Chain Analyst,Supply Chain,E00140,"Cleveland, OH, USA",2018-05-26,,Full-Time,Active
1270,Kristen Stevens,kristen.stevens@northwindmaterials.com,Customer Success Associate,Customer Success,E00133,"Cleveland, OH, USA",43134,,Full-Time,Active
E01271  ,David Mathews,david.mathews@northwindmaterials.com,Support Specialist,Customer Success,E00113,"Atlanta, GA, USA",08/29/2024,,Full-Time,Active
E1272,Scott Smith,scott.smith@northwindmaterials.com,Financial Analyst,Finance,E00081,"Pune, India",07/21/2025,,Full-Time,Active
E1273,Susan Harris,susan.harris@northwindmaterials.com,QA Analyst,Quality Assurance,E00105,"Atlanta, GA, USA",04/01/2025,,Full-Time,Active
1274,Haley Anderson,haley.anderson@northwindmaterials.com,AP Specialist,Finance,E00148,"Atlanta, GA, USA",02/11/2015,,Full-Time,Active
E01275,Debra Moore,debra.moore@northwindmaterials.com,Customer Success Associate,Customer Success,E00058,"Houston, TX, USA",2024-10-03,,Full-Time,Active
E1276,Sarah Hill,sarah.hill@northwindmaterials.com,Plant Technician,Manufacturing,E00141,"Atlanta, GA, USA",43873,2025-10-14,Full-Time,Terminated
E1277,Diamond Wright,diamond.wright@northwindmaterials.com,Procurement Specialist,Supply Chain,E00094,"Chennai, India",2019-03-11,,Full-Time,Active
E01278  ,Nathan Mckee,nathan.mckee@northwindmaterials.com,Procurement Specialist,Supply Chain,E00182,"Atlanta, GA, USA",44301,,Full-Time,Active
E1279,Gabriel Sanders,gabriel.sanders@northwindmaterials.com,Line Supervisor,Manufacturing,E00134,"Pune, India",2023-06-18,,Full-Time,Active
E1280,Kevin Lyons,kevin.lyons@northwindmaterials.com,Support Specialist,Customer Success,E00167,"Pune, India",42303,,Full-Time,Active
E1281,Jim Rios,jim.rios@northwindmaterials.com,QA Engineer,Engineering,E00171,"Atlanta, GA, USA",2022-02-28,,Full-Time,Active
E01282  ,Jane Smith,jane.smith@northwindmaterials.com,IT Support Specialist,Information Technology,E00112,"Detroit, MI, USA",11/07/2014,,Full-Time,Active
E01283  ,Thomas Anderson,thomas.anderson@northwindmaterials.com,Network Engineer,Information Technology,E00124,"Cleveland, OH, USA",12/23/2016,,Full-Time,Active
E1284,Jeremy Frazier,jeremy.frazier@northwindmaterials.com,Logistics Coordinator,Operations,E00050,"Detroit, MI, USA",45423,,Full-Time,Active
E1285,Albert Dominguez,albert.dominguez@northwindmaterials.com,QA Analyst,Quality Assurance,E00163,"Pune, India",2023-12-31,,Full-Time,Active
1286,Lisa Mcneil,lisa.mcneil@northwindmaterials.com,Customer Success Associate,Customer Success,E00102,"Detroit, MI, USA",10/16/2025,,Full-Time,Active
E1287,Robert Anderson,robert.anderson@northwindmaterials.com,Plant Technician,Manufacturing,E00106,"Houston, TX, USA",44268,,Full-Time,Active
1288,Chad Reyes,chad.reyes@northwindmaterials.com,Quality Inspector,Quality Assurance,E00179,"Cleveland, OH, USA",42189,,Full-Time,Active
E1289,Jessica Garcia,jessica.garcia@northwindmaterials.com,Supply Chain Analyst,Supply Chain,E00190,"Houston, TX, USA",45879,,Full-Time,Active
E1290,Lawrence Ibarra,lawrence.ibarra@northwindmaterials.com,Quality Inspector,Quality Assurance,E00087,"Cleveland, OH, USA",08/22/2023,,Full-Time,Active
E1291,Derrick Ayala,derrick.ayala@northwindmaterials.com,Network Engineer,Information Technology,E00124,"Chennai, India",2025-07-30,,Full-Time,Active
E01292  ,Karen Anderson,karen.anderson@northwindmaterials.com,Machine Operator,Manufacturing,E00134,"Chennai, India",03/10/2026,,Full-Time,Active
E1293,Victoria Thomas,victoria.thomas@northwindmaterials.com,Customer Success Associate,Customer Success,E00133,"Pune, India",45882,,Full-Time,Active
E1294,Alyssa Smith,alyssa.smith@northwindmaterials.com,Systems Administrator,Information Technology,E00091,"Pune, India",2019-11-16,,Full-Time,Active
E1295,Debra Alexander,debra.alexander@northwindmaterials.com,Procurement Specialist,Supply Chain,E00122,"Atlanta, GA, USA",01/14/2016,,Full-Time,Active
E01296  ,Jennifer Fuller,jennifer.fuller@northwindmaterials.com,Procurement Specialist,Supply Chain,E00052,"Detroit, MI, USA",07/10/2026,,Full-Time,Active
E01297,Edward Jenkins,edward.jenkins@northwindmaterials.com,Customer Success Associate,Customer Success,E00102,"Detroit, MI, USA",2015-02-06,,Full-Time,Active
E01298,Glenda Heath,glenda.heath@northwindmaterials.com,Supply Chain Analyst,Supply Chain,E00177,"Detroit, MI, USA",02/21/2024,,Full-Time,Active
E1299,Christopher Garcia,christopher.garcia@northwindmaterials.com,Senior Software Engineer,Engineering,E00127,"Cleveland, OH, USA",2021-10-04,,Full-Time,Active
1300,Karen Lawrence,karen.lawrence@northwindmaterials.com,Operations Analyst,Operations,E00130,"Houston, TX, USA",42406,,Full-Time,Active
1301,Patrick Richmond,patrick.richmond@northwindmaterials.com,Customer Success Associate,Customer Success,E00058,"Cleveland, OH, USA",09/06/2020,2024-11-05,Full-Time,Terminated
E01302,Leonard Taylor,leonard.taylor@northwindmaterials.com,Machine Operator,Manufacturing,E00079,"Pune, India",45303,,Full-Time,Active
1303,Joshua Miller,joshua.miller@northwindmaterials.com,HR Generalist,Human Resources,E00136,"Houston, TX, USA",04/16/2025,,Full-Time,Active
1304,Angela Greene,angela.greene@northwindmaterials.com,Customer Success Associate,Customer Success,E00144,"Houston, TX, USA",42843,,Full-Time,Active
E1305,Cathy Maxwell,cathy.maxwell@northwindmaterials.com,Accountant,Finance,E00120,"Cleveland, OH, USA",2025-10-09,,Full-Time,Active
1306,Hannah Abbott,hannah.abbott@northwindmaterials.com,Network Engineer,Information Technology,E00083,"Atlanta, GA, USA",2022-06-14,,Full-Time,Active
1307,Dominique Turner,dominique.turner@northwindmaterials.com,Support Specialist,Customer Success,E00167,"Cleveland, OH, USA",2024-09-23,,Full-Time,Active
E01308  ,April Hicks,april.hicks@northwindmaterials.com,QA Analyst,Quality Assurance,E00186,"Cleveland, OH, USA",2024-06-16,,Full-Time,Active
E1309,Julie Phillips,julie.phillips@northwindmaterials.com,QA Analyst,Quality Assurance,E00087,"Houston, TX, USA",42056,,Full-Time,Active
E1310,Brian Hurst,brian.hurst@northwindmaterials.com,Procurement Specialist,Supply Chain,E00118,"Cleveland, OH, USA",04/17/2018,,Full-Time,Active
E01311  ,Stephanie Simpson,stephanie.simpson@northwindmaterials.com,Compliance Analyst,Legal,E00043,"Pune, India",44245,,Full-Time,Active
E01312  ,Daniel Porter,daniel.porter@northwindmaterials.com,Plant Technician,Manufacturing,E00051,"Pune, India",43460,,Full-Time,Active
1313,Brittney Rice,brittney.rice@northwindmaterials.com,Network Engineer,Information Technology,E00124,"Cleveland, OH, USA",2025-03-14,,Full-Time,Active
E01314,Tiffany Hatfield,tiffany.hatfield@northwindmaterials.com,Procurement Specialist,Supply Chain,E00187,"Atlanta, GA, USA",44702,,Full-Time,Active
E1315,Sarah Anderson,sarah.anderson@northwindmaterials.com,Production Associate,Manufacturing,E00079,"Chennai, India",45475,,Full-Time,Active
E1316,Michelle Carroll,michelle.carroll@northwindmaterials.com,Paralegal,Legal,E00062,"Houston, TX, USA",11/18/2019,,Full-Time,Active
E1317,Michael Vega,michael.vega@northwindmaterials.com,IT Support Specialist,Information Technology,E00124,"Chennai, India",2026-01-22,,Full-Time,Active
E1318,Kathryn Best,kathryn.best@northwindmaterials.com,Network Engineer,Information Technology,E00065,"Chennai, India",43685,2025-04-05,Full-Time,Active
E01319  ,Kaylee Smith,kaylee.smith@northwindmaterials.com,DevOps Engineer,Engineering,E00128,"Detroit, MI, USA",44664,,Full-Time,Active
E01320  ,Carlos Baker,carlos.baker@northwindmaterials.com,Senior Software Engineer,Engineering,E00110,"Cleveland, OH, USA",45723,,Full-Time,Active
E01321,Bill Brown,bill.brown@northwindmaterials.com,Support Specialist,Customer Success,E00060,"Houston, TX, USA",42960,,Full-Time,Active
E1322,Kristina Hunter,kristina.hunter@northwindmaterials.com,Quality Inspector,Quality Assurance,E00070,"Detroit, MI, USA",44289,,Full-Time,Active
E1323,Courtney Mason,courtney.mason@northwindmaterials.com,Line Supervisor,Manufacturing,E00141,"Chennai, India",45083,,Full-Time,Active
E01324,Robert Miles,robert.miles@northwindmaterials.com,Customer Success Associate,Customer Success,E00150,"Atlanta, GA, USA",45300,,Full-Time,Active
E01325  ,Christopher Herrera,christopher.herrera@northwindmaterials.com,DevOps Engineer,Engineering,E00169,"Houston, TX, USA",44837,,Full-Time,Active
E01326,Christina Ramirez,christina.ramirez@northwindmaterials.com,Supply Chain Analyst,Supply Chain,E00182,"Detroit, MI, USA",04/08/2025,,Full-Time,Active
1327,Kyle Dixon,kyle.dixon@northwindmaterials.com,Network Engineer,Information Technology,E00165,"Chennai, India",2018-04-23,,Full-Time,Active
E01328  ,James Morton,james.morton@northwindmaterials.com,Procurement Specialist,Supply Chain,E00100,"Atlanta, GA, USA",04/28/2019,,Full-Time,Active
E1329,Amanda Myers,amanda.myers@northwindmaterials.com,Procurement Specialist,Supply Chain,E00061,"Houston, TX, USA",01/03/2021,,Full-Time,Active
E1330,Cynthia Davenport,cynthia.davenport@northwindmaterials.com,QA Engineer,Engineering,E00048,"Houston, TX, USA",08/10/2016,,Full-Time,Active
E1331,Erin Jones,erin.jones@northwindmaterials.com,Financial Analyst,Finance,E00069,"Houston, TX, USA",07/03/2025,,Full-Time,Active
1332,Holly Blair,holly.blair@northwindmaterials.com,Accountant,Finance,E00086,"Cleveland, OH, USA",42943,,Full-Time,Active
E1333,Meghan Brown,meghan.brown@northwindmaterials.com,Paralegal,Legal,E00062,"Houston, TX, USA",43305,,Full-Time,Active
E1334,Christopher Hamilton,christopher.hamilton@northwindmaterials.com,Quality Inspector,Quality Assurance,,"Atlanta, GA, USA",02/24/2019,,Full-Time,Active
E01335,Shawn Lynch,shawn.lynch@northwindmaterials.com,Compliance Analyst,Legal,E00085,"Cleveland, OH, USA",03/07/2018,,Full-Time,Active
E1336,Kyle Harmon,kyle.harmon@northwindmaterials.com,Financial Analyst,Finance,E00056,"Houston, TX, USA",09/17/2025,,Full-Time,Active
E01337  ,Joy Wilson,joy.wilson@northwindmaterials.com,Financial Analyst,Finance,E00095,"Atlanta, GA, USA",42712,,Full-Time,Active
E1338,Jean Miles,jean.miles@northwindmaterials.com,QA Engineer,Engineering,E00184,"Chennai, India",01/02/2024,,Full-Time,Active
E01339,Frank Benton,frank.benton@northwindmaterials.com,Production Associate,Manufacturing,E00115,"Cleveland, OH, USA",45930,,Full-Time,Active
E1340,Alexandra Logan,alexandra.logan@northwindmaterials.com,Operations Analyst,Operations,E00067,"Atlanta, GA, USA",06/26/2021,,Full-Time,Active
E01341,Jennifer Jackson,jennifer.jackson@northwindmaterials.com,Network Engineer,Information Technology,E00189,"Atlanta, GA, USA",2019-12-09,,Full-Time,Active
E01342  ,David Norman,david.norman@northwindmaterials.com,Procurement Specialist,Supply Chain,E00082,"Houston, TX, USA",2019-05-16,,Full-Time,Active
E01343  ,Joseph Tanner,joseph.tanner@northwindmaterials.com,Compliance Analyst,Legal,E00043,"Detroit, MI, USA",2015-09-24,,Full-Time,Active
E01344,Kelsey Johnson,kelsey.johnson@northwindmaterials.com,Supply Chain Analyst,Supply Chain,E00118,"Cleveland, OH, USA",42034,,Full-Time,Active
E01345  ,Lindsay Nelson,lindsay.nelson@northwindmaterials.com,Operations Analyst,Operations,E00067,"Cleveland, OH, USA",44825,,Full-Time,Active
E1346,Caleb Joseph,caleb.joseph@northwindmaterials.com,AP Specialist,Finance,E00086,"Houston, TX, USA",44022,,Full-Time,Active
1347,Barbara Jones,barbara.jones@northwindmaterials.com,Line Supervisor,Manufacturing,E00063,"Detroit, MI, USA",09/06/2022,2025-09-22,Full-Time,Active
1348,Spencer Ward,spencer.ward@northwindmaterials.com,DevOps Engineer,Engineering,E00121,"Atlanta, GA, USA",03/26/2018,,Full-Time,Active
E1349,Victor Bradley,victor.bradley@northwindmaterials.com,AP Specialist,Finance,E00168,"Houston, TX, USA",2018-08-05,,Full-Time,Active
E01350,Michael Scott,michael.scott@northwindmaterials.com,Supply Chain Analyst,Supply Chain,E00066,"Cleveland, OH, USA",12/19/2025,,Full-Time,Active
E01351  ,Dakota Berry,dakota.berry@northwindmaterials.com,Supply Chain Analyst,Supply Chain,E00137,"Houston, TX, USA",2015-05-23,,Full-Time,Active
E01352  ,Jennifer Perez,jennifer.perez@northwindmaterials.com,DevOps Engineer,Engineering,E00090,"Detroit, MI, USA",02/07/2016,,Full-Time,Active
E1353,William Williams,william.williams@northwindmaterials.com,DevOps Engineer,Engineering,E00110,"Atlanta, GA, USA",2022-04-01,,Full-Time,Active
E01354,Michelle Sanchez,michelle.sanchez@northwindmaterials.com,Senior Software Engineer,Engineering,E00110,"Houston, TX, USA",2024-05-01,,Full-Time,Active
E1355,Thomas Reyes,thomas.reyes@northwindmaterials.com,Procurement Specialist,Supply Chain,E00187,"Cleveland, OH, USA",2017-03-25,,Full-Time,Active
E01356,Edward Velazquez,edward.velazquez@northwindmaterials.com,Operations Analyst,Operations,E00067,"Chennai, India",10/05/2019,,Full-Time,Active
E01357  ,Meredith Tran,meredith.tran@northwindmaterials.com,AP Specialist,Finance,E00131,"Atlanta, GA, USA",42874,2026-07-21,Full-Time,Terminated
E01358,Robin Yang,robin.yang@northwindmaterials.com,Paralegal,Legal,E00101,"Atlanta, GA, USA",43721,,Full-Time,Active
E1359,Robert Morris,robert.morris@northwindmaterials.com,Systems Administrator,Information Technology,E00176,"Pune, India",2025-08-01,,Full-Time,Active
E1360,Robert Cortez,robert.cortez@northwindmaterials.com,AP Specialist,Finance,E00164,"Cleveland, OH, USA",06/16/2020,,Full-Time,Active
E1361,Joseph Miller,joseph.miller@northwindmaterials.com,Accountant,Finance,E00164,"Detroit, MI, USA",44673,,Full-Time,Active
E1362,Nathan Shaw,nathan.shaw@northwindmaterials.com,Customer Success Associate,Customer Success,E00144,"Pune, India",2022-08-23,,Full-Time,Active
E1363,Rachel White,rachel.white@northwindmaterials.com,Network Engineer,Information Technology,E00189,"Pune, India",42268,,Full-Time,Active
E01364  ,Linda Jarvis,linda.jarvis@northwindmaterials.com,Customer Success Associate,Customer Success,E00080,"Atlanta, GA, USA",09/03/2020,,Full-Time,Active
E01365,Stephanie Jones,stephanie.jones@northwindmaterials.com,Quality Inspector,Quality Assurance,E00087,"Cleveland, OH, USA",01/24/2018,2024-11-23,Full-Time,Terminated
E1366,Steven Campbell,steven.campbell@northwindmaterials.com,Procurement Specialist,Supply Chain,E00092,"Detroit, MI, USA",03/27/2026,,Full-Time,Active
E01367  ,Megan Murphy,megan.murphy@northwindmaterials.com,Procurement Specialist,Supply Chain,E00151,"Chennai, India",2017-01-04,,Full-Time,Active
1368,Angela Smith,angela.smith@northwindmaterials.com,IT Support Specialist,Information Technology,E00154,"Chennai, India",2015-10-22,,Full-Time,Active
1369,James Elliott,james.elliott@northwindmaterials.com,Support Specialist,Customer Success,E00080,"Houston, TX, USA",06/29/2024,,Full-Time,Active
E01370  ,Kevin Dean,kevin.dean@northwindmaterials.com,Customer Success Associate,Customer Success,E00060,"Atlanta, GA, USA",45630,,Full-Time,Active
E01371  ,Steven Vargas,steven.vargas@northwindmaterials.com,QA Analyst,Quality Assurance,E00185,"Pune, India",2017-02-28,,Full-Time,Active
E1372,Trevor Barton,trevor.barton@northwindmaterials.com,Supply Chain Analyst,Supply Chain,E00126,"Pune, India",2017-01-18,,Full-Time,Active
1373,James Mccullough,james.mccullough@northwindmaterials.com,Paralegal,Legal,E00160,"Chennai, India",12/16/2016,,Full-Time,Active
E01374,Kathleen Sanchez,kathleen.sanchez@northwindmaterials.com,Systems Administrator,Information Technology,E00176,"Detroit, MI, USA",42229,,Full-Time,Active
E01375,Adam Ortiz,adam.ortiz@northwindmaterials.com,Procurement Specialist,Supply Chain,E00149,"Cleveland, OH, USA",46041,,Full-Time,Active
E01376,Jesse Reed,jesse.reed@northwindmaterials.com,HR Coordinator,Human Resources,E00188,"Pune, India",01/14/2017,,Full-Time,Active
E01377,Mary Wiley,mary.wiley@northwindmaterials.com,Paralegal,Legal,E00068,"Pune, India",43254,,Full-Time,Active
E1378,Stephanie Smith,stephanie.smith@northwindmaterials.com,Compliance Analyst,Legal,E00068,"Pune, India",42853,,Full-Time,Active
E1379,Diane Sweeney,diane.sweeney@northwindmaterials.com,Accountant,Finance,E00131,"Houston, TX, USA",43568,,Full-Time,Active
E01380  ,Jessica Garcia,jessica.garcia@northwindmaterials.com,Line Supervisor,Manufacturing,E00141,"Pune, India",44848,,Full-Time,Active
E1381,Alyssa Allen,alyssa.allen@northwindmaterials.com,Financial Analyst,Finance,E00164,"Cleveland, OH, USA",2018-03-13,,Full-Time,Active
E1382,Travis Brown,travis.brown@northwindmaterials.com,Support Specialist,Customer Success,E00113,"Cleveland, OH, USA",44279,,Full-Time,Active
E01383  ,Wendy Dawson,wendy.dawson@northwindmaterials.com,Software Engineer,Engineering,E00145,"Atlanta, GA, USA",07/29/2024,,Full-Time,Active
E01384,Christopher Morse,christopher.morse@northwindmaterials.com,Senior Software Engineer,Engineering,E00127,"Detroit, MI, USA",01/08/2026,,Full-Time,Active
1385,Phyllis Meyer,phyllis.meyer@northwindmaterials.com,Accountant,Finance,E00164,"Houston, TX, USA",11/07/2025,,Full-Time,Active
E1386,Jaclyn Watson,jaclyn.watson@northwindmaterials.com,QA Engineer,Engineering,E00048,"Houston, TX, USA",42699,,Full-Time,Active
E01387  ,Terri Miller,terri.miller@northwindmaterials.com,Supply Chain Analyst,Supply Chain,E00122,"Atlanta, GA, USA",02/18/2018,,Full-Time,Active
E1388,Cody Anderson,cody.anderson@northwindmaterials.com,Paralegal,Legal,E00068,"Cleveland, OH, USA",2022-10-31,,Full-Time,Active
1389,Lori Jones,lori.jones@northwindmaterials.com,Supply Chain Analyst,Supply Chain,E00119,"Houston, TX, USA",03/07/2022,,Full-Time,Active
1390,Ashley Graham,ashley.graham@northwindmaterials.com,DevOps Engineer,Engineering,E00111,"Pune, India",2017-10-06,,Full-Time,Active
E01391  ,Tamara Young,tamara.young@northwindmaterials.com,IT Support Specialist,Information Technology,E00065,"Atlanta, GA, USA",42893,,Full-Time,Active
E01392  ,Jose Edwards,jose.edwards@northwindmaterials.com,QA Analyst,Quality Assurance,E00097,"Chennai, India",43539,,Full-Time,Active
E01393  ,Lauren Haynes,lauren.haynes@northwindmaterials.com,Support Specialist,Customer Success,E00167,"Detroit, MI, USA",07/10/2024,,Full-Time,Active
1394,Jill Stewart,jill.stewart@northwindmaterials.com,Senior Software Engineer,Engineering,E00174,"Detroit, MI, USA",12/31/2023,,Full-Time,Active
E01395,Joseph Jones,joseph.jones@northwindmaterials.com,Supply Chain Analyst,Supply Chain,E00122,"Cleveland, OH, USA",10/27/2014,,Full-Time,Active
E1396,James Chan,james.chan@northwindmaterials.com,Procurement Specialist,Supply Chain,E00177,"Cleveland, OH, USA",2020-03-05,,Full-Time,Active
E1397,Brenda Moore,brenda.moore@northwindmaterials.com,Procurement Specialist,Supply Chain,E00092,"Detroit, MI, USA",45766,,Full-Time,Active
E1398,Frank Owens,frank.owens@northwindmaterials.com,Machine Operator,Manufacturing,E00106,"Atlanta, GA, USA",05/01/2022,,Full-Time,Active
E01399  ,Richard Herrera,richard.herrera@northwindmaterials.com,Compliance Analyst,Legal,E00055,"Chennai, India",02/08/2021,,Full-Time,Active
E01400  ,Tami Clark,tami.clark@northwindmaterials.com,Supply Chain Analyst,Supply Chain,E00093,"Houston, TX, USA",46023,,Full-Time,Active
1401,Kyle Baker,kyle.baker@northwindmaterials.com,Supply Chain Analyst,Supply Chain,E00161,"Chennai, India",2018-07-07,,Full-Time,Active
1402,David Moore,david.moore@northwindmaterials.com,Procurement Specialist,Supply Chain,E00074,"Cleveland, OH, USA",08/02/2016,,Full-Time,Active
E1403,Gina Mckenzie,gina.mckenzie@northwindmaterials.com,QA Analyst,Quality Assurance,E00138,"Pune, India",2020-08-22,,Full-Time,Active
1404,Heidi Williams,heidi.williams@northwindmaterials.com,Procurement Specialist,Supply Chain,E00157,"Atlanta, GA, USA",01/10/2023,2024-12-13,Full-Time,Active
E01405,Mary Murphy,mary.murphy@northwindmaterials.com,QA Engineer,Engineering,E00184,"Houston, TX, USA",12/25/2023,,Full-Time,Active
E1406,Christopher Wright,christopher.wright@northwindmaterials.com,Production Associate,Manufacturing,E00084,"Chennai, India",2022-10-06,,Full-Time,Active
1407,Michael Palmer,michael.palmer@northwindmaterials.com,Supply Chain Analyst,Supply Chain,E00066,"Detroit, MI, USA",03/06/2020,,Full-Time,Active
E01408  ,Erica Green,erica.green@northwindmaterials.com,Machine Operator,Manufacturing,E00141,"Cleveland, OH, USA",2018-01-27,,Full-Time,Active
E1409,Vicki Johnson,vicki.johnson@northwindmaterials.com,IT Support Specialist,Information Technology,E00189,"Cleveland, OH, USA",46224,,Full-Time,Active
1410,Richard Chavez,richard.chavez@northwindmaterials.com,Procurement Specialist,Supply Chain,E00100,"Houston, TX, USA",2024-02-18,,Full-Time,Active
E1411,Kaitlin Wright,kaitlin.wright@northwindmaterials.com,AP Specialist,Finance,E00147,"Detroit, MI, USA",2019-10-17,2026-06-20,Full-Time,Terminated
E01412  ,Steven Lara,steven.lara@northwindmaterials.com,DevOps Engineer,Engineering,E00045,"Cleveland, OH, USA",43016,,Full-Time,Active
E1413,Donald Smith,donald.smith@northwindmaterials.com,Quality Inspector,Quality Assurance,E00087,"Cleveland, OH, USA",2024-04-16,,Full-Time,Active
E01414  ,Maria Haas,maria.haas@northwindmaterials.com,HR Coordinator,Human Resources,E00107,"Houston, TX, USA",2023-12-12,,Full-Time,Active
E01415  ,David Colon,david.colon@northwindmaterials.com,Support Specialist,Customer Success,E00113,"Atlanta, GA, USA",45239,,Full-Time,Active
E1416,Nathan Mccoy,nathan.mccoy@northwindmaterials.com,Accountant,Finance,E00132,"Houston, TX, USA",2024-12-18,,Full-Time,Active
E01417,Deanna Aguilar,deanna.aguilar@northwindmaterials.com,Systems Administrator,Information Technology,E00098,"Houston, TX, USA",2026-04-02,,Full-Time,Active
1418,Jonathan Hess,jonathan.hess@northwindmaterials.com,Network Engineer,Information Technology,E00176,"Atlanta, GA, USA",2022-10-15,,Full-Time,Active
1419,Andrew Brown,andrew.brown@northwindmaterials.com,Paralegal,Legal,E00192,"Detroit, MI, USA",42129,,Full-Time,Active
E01420,Rachel Ramos,rachel.ramos@northwindmaterials.com,Supply Chain Analyst,Supply Chain,E00173,"Pune, India",45511,,Full-Time,Active
E01421,David Stein,david.stein@northwindmaterials.com,Production Associate,Manufacturing,E00115,"Chennai, India",43078,,Full-Time,Active
E1422,Maria Rivera,maria.rivera@northwindmaterials.com,QA Analyst,Quality Assurance,E00070,"Detroit, MI, USA",11/24/2014,,Full-Time,Active
1423,Brad Murray,brad.murray@northwindmaterials.com,Compliance Analyst,Legal,E00129,"Chennai, India",2026-04-12,,Full-Time,Active
E1424,Gary Berry,gary.berry@northwindmaterials.com,Supply Chain Analyst,Supply Chain,E00126,"Houston, TX, USA",03/27/2016,,Full-Time,Active
E01425,Lorraine Foster,lorraine.foster@northwindmaterials.com,Procurement Specialist,Supply Chain,E00119,"Cleveland, OH, USA",07/29/2016,,Full-Time,Active
1426,Anthony Vega,anthony.vega@northwindmaterials.com,Quality Inspector,Quality Assurance,E00175,"Detroit, MI, USA",2022-04-06,,Full-Time,Active
E1427,Gerald Lewis,gerald.lewis@northwindmaterials.com,QA Analyst,Quality Assurance,E00146,"Chennai, India",09/25/2021,,Full-Time,Active
E1428,Jacob Ramirez,jacob.ramirez@northwindmaterials.com,Paralegal,Legal,E00078,"Chennai, India",09/07/2023,2026-07-11,Full-Time,Terminated
E1429,Nicole Johnson,nicole.johnson@northwindmaterials.com,Logistics Coordinator,Operations,E00170,"Houston, TX, USA",43232,,Full-Time,Active
E1430,Christine Sanchez,christine.sanchez@northwindmaterials.com,Support Specialist,Customer Success,E00150,"Atlanta, GA, USA",45441,,Full-Time,Active
E1431,Kenneth Jenkins,kenneth.jenkins@northwindmaterials.com,Procurement Specialist,Supply Chain,E00052,"Houston, TX, USA",01/20/2016,,Full-Time,Active
E1432,Andrea Brown,andrea.brown@northwindmaterials.com,QA Analyst,Quality Assurance,E00099,"Chennai, India",45107,,Full-Time,Active
1433,Joshua Taylor,joshua.taylor@northwindmaterials.com,Production Associate,Manufacturing,E00134,"Cleveland, OH, USA",07/04/2015,,Full-Time,Active
E01434,James Wilkerson,james.wilkerson@northwindmaterials.com,Quality Inspector,Quality Assurance,E00185,"Houston, TX, USA",43122,,Full-Time,Active
E01435  ,Alicia Mccoy,alicia.mccoy@northwindmaterials.com,Logistics Coordinator,Operations,E00067,"Cleveland, OH, USA",42359,,Full-Time,Active
E1436,Leah Norton,leah.norton@northwindmaterials.com,Plant Technician,Manufacturing,E00109,"Chennai, India",46144,,Full-Time,Active
1437,Veronica Casey,veronica.casey@northwindmaterials.com,Software Engineer,Engineering,E00128,"Cleveland, OH, USA",2021-04-22,,Full-Time,Active
E01438,Michael Stephens,michael.stephens@northwindmaterials.com,Customer Success Associate,Customer Success,E00133,"Chennai, India",2024-01-29,,Full-Time,Active
E01439  ,Todd Durham,todd.durham@northwindmaterials.com,DevOps Engineer,Engineering,E00121,"Houston, TX, USA",09/10/2023,,Full-Time,Active
E1440,Wayne Price,wayne.price@northwindmaterials.com,QA Analyst,Quality Assurance,E00138,"Pune, India",44379,,Full-Time,Active
E1441,Hector Flores,hector.flores@northwindmaterials.com,Supply Chain Analyst,Supply Chain,E00118,"Detroit, MI, USA",44455,,Full-Time,Active
E1442,Jeffery Huang,jeffery.huang@northwindmaterials.com,Quality Inspector,Quality Assurance,E00163,"Chennai, India",2022-05-24,,Full-Time,Active
E1443,Kimberly Brown,kimberly.brown@northwindmaterials.com,Paralegal,Legal,E00192,"Atlanta, GA, USA",41950,,Full-Time,Active
E01444,Victoria Moreno,victoria.moreno@northwindmaterials.com,Procurement Specialist,Supply Chain,E00092,"Chennai, India",2020-12-12,,Full-Time,Active
E1445,Katie Key,katie.key@northwindmaterials.com,Supply Chain Analyst,Supply Chain,E00140,"Atlanta, GA, USA",07/06/2026,,Full-Time,Active
E01446,Terri Garcia,terri.garcia@northwindmaterials.com,Financial Analyst,Finance,E00056,"Cleveland, OH, USA",2017-12-20,,Full-Time,Active
E01447,Diane Adams,diane.adams@northwindmaterials.com,Supply Chain Analyst,Supply Chain,E00094,"Atlanta, GA, USA",2023-09-26,,Full-Time,Active
E01448,Lisa Stark,lisa.stark@northwindmaterials.com,Recruiter,Human Resources,E00188,"Cleveland, OH, USA",09/06/2024,,Full-Time,Active
E1449,Brian Davies,brian.davies@northwindmaterials.com,Paralegal,Legal,E00123,"Detroit, MI, USA",2019-04-11,,Full-Time,Active
E1450,Jeffrey Bradford,jeffrey.bradford@northwindmaterials.com,Support Specialist,Customer Success,E00167,"Chennai, India",45508,,Full-Time,Active
E1451,Laura Kelly,laura.kelly@northwindmaterials.com,Support Specialist,Customer Success,E00088,"Chennai, India",2022-06-02,,Full-Time,Active
E01452,Mary Bruce,mary.bruce@northwindmaterials.com,Software Engineer,Engineering,E00057,"Atlanta, GA, USA",2023-09-30,,Full-Time,Active
E01453,Gregory Watkins,gregory.watkins@northwindmaterials.com,Customer Success Associate,Customer Success,E00113,"Cleveland, OH, USA",43502,,Full-Time,Active
E01454  ,Linda Wolfe,linda.wolfe@northwindmaterials.com,Procurement Specialist,Supply Chain,E00190,"Atlanta, GA, USA",2021-06-09,,Full-Time,Active
E1455,Robin Johnson,robin.johnson@northwindmaterials.com,IT Support Specialist,Information Technology,E00065,"Pune, India",2016-07-25,,Full-Time,Active
E01456,Jackie Meza,jackie.meza@northwindmaterials.com,Network Engineer,Information Technology,E00154,"Atlanta, GA, USA",42188,,Full-Time,Active
1457,Anne Hart,anne.hart@northwindmaterials.com,QA Analyst,Quality Assurance,E00146,"Atlanta, GA, USA",44626,,Full-Time,Active
E01458,Jacob Travis,jacob.travis@northwindmaterials.com,Machine Operator,Manufacturing,E00141,"Detroit, MI, USA",45080,,Full-Time,Active
E01459  ,Nicole Vasquez,nicole.vasquez@northwindmaterials.com,Quality Inspector,Quality Assurance,E00179,"Chennai, India",2017-07-02,,Full-Time,Active
1460,Kyle Henry,kyle.henry@northwindmaterials.com,Quality Inspector,Quality Assurance,E00138,"Houston, TX, USA",05/07/2026,,Full-Time,Active
E01461  ,Christopher Hall,christopher.hall@northwindmaterials.com,Quality Inspector,Quality Assurance,E00178,"Detroit, MI, USA",44211,,Full-Time,Active
E1462,Jeffery Fox,jeffery.fox@northwindmaterials.com,AP Specialist,Finance,E00044,"Chennai, India",06/20/2019,,Full-Time,Active
E1463,Aaron Hardin,aaron.hardin@northwindmaterials.com,Plant Technician,Manufacturing,E00106,"Chennai, India",10/03/2016,,Full-Time,Active
E01464,James Anderson,james.anderson@northwindmaterials.com,Accountant,Finance,E00131,"Cleveland, OH, USA",02/24/2026,,Full-Time,Active
E01465,Jennifer Sellers,jennifer.sellers@northwindmaterials.com,Accountant,Finance,E00069,"Pune, India",44443,,Full-Time,Active
1466,Megan Morris,megan.morris@northwindmaterials.com,Senior Software Engineer,Engineering,E00121,"Detroit, MI, USA",46156,,Full-Time,Active
E01467,Andrew Willis,andrew.willis@northwindmaterials.com,Supply Chain Analyst,Supply Chain,E00054,"Houston, TX, USA",04/26/2022,,Full-Time,Active
E1468,Samantha Schroeder,samantha.schroeder@northwindmaterials.com,QA Engineer,Engineering,E00159,"Atlanta, GA, USA",2018-04-06,,Full-Time,Active
E1469,Meghan Valencia,meghan.valencia@northwindmaterials.com,Support Specialist,Customer Success,E00077,"Atlanta, GA, USA",03/14/2015,,Full-Time,Active
E01470,Susan Brooks,susan.brooks@northwindmaterials.com,Plant Technician,Manufacturing,E00134,"Cleveland, OH, USA",04/20/2015,,Full-Time,Active
1471,Sheri Foster,sheri.foster@northwindmaterials.com,Quality Inspector,Quality Assurance,E00146,"Cleveland, OH, USA",2020-06-23,,Full-Time,Active
E01472,Craig Turner,craig.turner@northwindmaterials.com,Procurement Specialist,Supply Chain,E00100,"Cleveland, OH, USA",2020-02-02,,Full-Time,Active
E1473,Derek Moore,derek.moore@northwindmaterials.com,Senior Software Engineer,Engineering,E00048,"Detroit, MI, USA",06/28/2021,2026-02-26,Full-Time,Terminated
1474,Stacy Conner,stacy.conner@northwindmaterials.com,HR Coordinator,Human Resources,E00136,"Chennai, India",45349,,Full-Time,Active
E1475,Susan Banks,susan.banks@northwindmaterials.com,Supply Chain Analyst,Supply Chain,E00052,"Chennai, India",01/03/2026,,Full-Time,Active
E01476,Grant Novak,grant.novak@northwindmaterials.com,AP Specialist,Finance,E00108,"Pune, India",42790,,Full-Time,Active
E1477,Heather Mcfarland,heather.mcfarland@northwindmaterials.com,Paralegal,Legal,E00055,"Chennai, India",01/08/2016,,Full-Time,Active
E01478,Kristin Walker,kristin.walker@northwindmaterials.com,Quality Inspector,Quality Assurance,E00070,"Detroit, MI, USA",44941,,Full-Time,Active
E01479,Brianna Thompson,brianna.thompson@northwindmaterials.com,Recruiter,Human Resources,E00072,"Atlanta, GA, USA",44013,,Full-Time,Active
E1480,Kurt Barker,kurt.barker@northwindmaterials.com,Procurement Specialist,Supply Chain,E00140,"Pune, India",2026-01-21,,Full-Time,Active
1481,David Daniel,david.daniel@northwindmaterials.com,Recruiter,Human Resources,E00107,"Chennai, India",08/16/2022,2024-12-18,Full-Time,Active
E01482  ,Stacy Fry,stacy.fry@northwindmaterials.com,Procurement Specialist,Supply Chain,E00082,"Chennai, India",2017-06-14,,Full-Time,Active
E01483,Peter Gamble,peter.gamble@northwindmaterials.com,QA Engineer,Engineering,E00045,"Atlanta, GA, USA",2015-09-30,,Full-Time,Active
E01484  ,Tammy Johnson,tammy.johnson@northwindmaterials.com,Compliance Analyst,Legal,E00068,"Pune, India",06/21/2017,,Full-Time,Active
1485,Carrie Mccall,carrie.mccall@northwindmaterials.com,Compliance Analyst,Legal,E00078,"Detroit, MI, USA",45562,,Full-Time,Active
1486,Tammy Walker,tammy.walker@northwindmaterials.com,Procurement Specialist,Supply Chain,E00173,"Houston, TX, USA",05/10/2021,,Full-Time,Active
E01487,Ariana Zuniga,ariana.zuniga@northwindmaterials.com,HR Generalist,Human Resources,E00072,"Atlanta, GA, USA",10/16/2014,,Full-Time,Active
E01488,Donald Mcgee,donald.mcgee@northwindmaterials.com,Procurement Specialist,Supply Chain,E00093,"Houston, TX, USA",11/02/2024,,Full-Time,Active
1489,John Haas,john.haas@northwindmaterials.com,IT Support Specialist,Information Technology,E00176,"Houston, TX, USA",2022-04-11,,Full-Time,Active
1490,Gary Mcclure,gary.mcclure@northwindmaterials.com,Accountant,Finance,E00147,"Cleveland, OH, USA",12/21/2019,,Full-Time,Active
E1491,Christopher Fletcher,christopher.fletcher@northwindmaterials.com,Network Engineer,Information Technology,E00053,"Atlanta, GA, USA",08/20/2026,,Full-Time,Active
E1492,Danielle Tanner,danielle.tanner@northwindmaterials.com,Supply Chain Analyst,Supply Chain,E00096,"Houston, TX, USA",12/02/2019,,Full-Time,Active
E01493,Sean Baker,sean.baker@northwindmaterials.com,Financial Analyst,Finance,E00103,"Detroit, MI, USA",07/13/2022,,Full-Time,Active
E1494,John Jones,john.jones@northwindmaterials.com,IT Support Specialist,Information Technology,E00065,"Pune, India",44337,,Full-Time,Active
E1495,Jonathan Rodriguez,jonathan.rodriguez@northwindmaterials.com,Senior Software Engineer,Engineering,E00169,"Detroit, MI, USA",44216,,Full-Time,Active
E1496,Aaron Cruz,aaron.cruz@northwindmaterials.com,Procurement Specialist,Supply Chain,E00173,"Chennai, India",43032,,Full-Time,Active
E1497,Jessica Costa,jessica.costa@northwindmaterials.com,Compliance Analyst,Legal,E00068,"Chennai, India",44979,,Full-Time,Active
E01498  ,Nicole Snyder,nicole.snyder@northwindmaterials.com,Support Specialist,Customer Success,E00102,"Houston, TX, USA",05/01/2026,,Full-Time,Active
E1499,Nicholas Payne,nicholas.payne@northwindmaterials.com,DevOps Engineer,Engineering,E00110,"Detroit, MI, USA",43914,,Full-Time,Active
E01500  ,Craig Mendoza,craig.mendoza@northwindmaterials.com,Paralegal,Legal,E00068,"Detroit, MI, USA",2017-01-13,,Full-Time,Active
E1501,Michelle Curtis,michelle.curtis@northwindmaterials.com,QA Engineer,Engineering,E00117,"Chennai, India",01/10/2022,,Full-Time,Active
E1502,Gloria Martin,gloria.martin@northwindmaterials.com,Compliance Analyst,Legal,E00123,"Chennai, India",46116,,Full-Time,Active
1503,Charles Singleton,charles.singleton@northwindmaterials.com,HR Generalist,Human Resources,E00072,"Detroit, MI, USA",12/29/2018,,Full-Time,Active
E01504  ,Kenneth Flores,kenneth.flores@northwindmaterials.com,Senior Software Engineer,Engineering,E00045,"Chennai, India",2022-10-11,,Full-Time,Active
E1505,Stephanie Jones,stephanie.jones@northwindmaterials.com,Accountant,Finance,E00086,"Houston, TX, USA",45607,,Full-Time,Active
E1506,George Bennett,george.bennett@northwindmaterials.com,Network Engineer,Information Technology,,"Houston, TX, USA",11/14/2016,,Full-Time,Active
E01507  ,Jessica Payne,jessica.payne@northwindmaterials.com,Supply Chain Analyst,Supply Chain,E00066,"Houston, TX, USA",2017-12-17,,Full-Time,Active
E1508,Rachael Davis,rachael.davis@northwindmaterials.com,Software Engineer,Engineering,E00089,"Atlanta, GA, USA",45373,,Full-Time,Active
E01509,Brooke Austin,brooke.austin@northwindmaterials.com,DevOps Engineer,Engineering,E00145,"Houston, TX, USA",45261,2025-05-08,Full-Time,Active
E1510,Timothy Johnson,timothy.johnson@northwindmaterials.com,Line Supervisor,Manufacturing,E00141,"Atlanta, GA, USA",07/06/2016,,Full-Time,Active
E1511,Sherri Martin,sherri.martin@northwindmaterials.com,Paralegal,Legal,E00085,"Cleveland, OH, USA",09/28/2016,,Full-Time,Active
1512,Pamela Moore,pamela.moore@northwindmaterials.com,Customer Success Associate,Customer Success,E00058,"Detroit, MI, USA",01/26/2016,,Full-Time,Active
E1513,Craig Harris,craig.harris@northwindmaterials.com,Supply Chain Analyst,Supply Chain,E00149,"Pune, India",45366,,Full-Time,Active
E1514,James Terry,james.terry@northwindmaterials.com,IT Support Specialist,Information Technology,E00155,"Pune, India",2017-08-04,,Full-Time,Active
E1515,Jennifer Blair,jennifer.blair@northwindmaterials.com,Supply Chain Analyst,Supply Chain,E00140,"Pune, India",2025-05-10,,Full-Time,Active
E01516  ,Joseph Campbell,joseph.campbell@northwindmaterials.com,Operations Analyst,Operations,E00050,"Atlanta, GA, USA",2019-06-29,,Full-Time,Active
E01517  ,John Williams,john.williams@northwindmaterials.com,Customer Success Associate,Customer Success,E00167,"Atlanta, GA, USA",09/05/2024,,Full-Time,Active
E01518,Ashley Larsen,ashley.larsen@northwindmaterials.com,IT Support Specialist,Information Technology,E00155,"Detroit, MI, USA",2016-06-04,,Full-Time,Active
E1519,Eric Ward,eric.ward@northwindmaterials.com,Production Associate,Manufacturing,E00109,"Detroit, MI, USA",12/16/2022,,Full-Time,Active
1520,Ronald Phillips,ronald.phillips@northwindmaterials.com,Procurement Specialist,Supply Chain,E00177,"Chennai, India",2026-06-24,,Full-Time,Active
E1521,Ebony Greene,ebony.greene@northwindmaterials.com,Paralegal,Legal,E00129,"Atlanta, GA, USA",45185,,Full-Time,Active
E1522,James Johnson,james.johnson@northwindmaterials.com,Line Supervisor,Manufacturing,E00106,"Houston, TX, USA",2026-04-25,,Full-Time,Active
1523,George Carter,george.carter@northwindmaterials.com,Plant Technician,Manufacturing,E00141,"Pune, India",45120,,Full-Time,Active
E1524,Christopher Anthony,christopher.anthony@northwindmaterials.com,Financial Analyst,Finance,E00056,"Chennai, India",08/03/2020,,Full-Time,Active
E01525,Kyle Sanders,kyle.sanders@northwindmaterials.com,Network Engineer,Information Technology,E00083,"Atlanta, GA, USA",2025-11-11,,Full-Time,Active
1526,Tracy Guerrero,tracy.guerrero@northwindmaterials.com,Senior Software Engineer,Engineering,E00169,"Detroit, MI, USA",2024-03-03,,Full-Time,Active
E1527,Christopher Stephens,christopher.stephens@northwindmaterials.com,Accountant,Finance,E00168,"Cleveland, OH, USA",2024-07-18,,Full-Time,Active
E01528  ,Jackson Mcclure,jackson.mcclure@northwindmaterials.com,QA Engineer,Engineering,E00127,"Detroit, MI, USA",45896,,Full-Time,Active
E01529,Mike Griffin,mike.griffin@northwindmaterials.com,Plant Technician,Manufacturing,E00172,"Pune, India",2024-01-10,2026-04-09,Full-Time,Active
E1530,Jose Marshall,jose.marshall@northwindmaterials.com,DevOps Engineer,Engineering,E00139,"Cleveland, OH, USA",43220,,Full-Time,Active
E01531  ,Jeremy Adams,jeremy.adams@northwindmaterials.com,Line Supervisor,Manufacturing,E00063,"Atlanta, GA, USA",43068,,Full-Time,Active
E1532,Bryan Goodwin,bryan.goodwin@northwindmaterials.com,Systems Administrator,Information Technology,E00189,"Detroit, MI, USA",2026-01-07,,Full-Time,Active
E01533  ,Elizabeth Miller,elizabeth.miller@northwindmaterials.com,Logistics Coordinator,Operations,E00170,"Houston, TX, USA",07/11/2017,2026-05-15,Full-Time,Terminated
E1534,Maurice Weaver,maurice.weaver@northwindmaterials.com,QA Analyst,Quality Assurance,E00073,"Chennai, India",45857,,Full-Time,Active
1535,Tara Lawrence,tara.lawrence@northwindmaterials.com,Machine Operator,Manufacturing,E00047,"Atlanta, GA, USA",12/09/2024,2025-10-24,Full-Time,Active
E01536,Angela Randall,angela.randall@northwindmaterials.com,Financial Analyst,Finance,E00148,"Pune, India",42945,,Full-Time,Active
E1537,Loretta Barnes,loretta.barnes@northwindmaterials.com,Software Engineer,Engineering,E00183,"Detroit, MI, USA",03/09/2026,2026-05-15,Full-Time,Active
1538,Amanda Camacho,amanda.camacho@northwindmaterials.com,AP Specialist,Finance,E00120,"Pune, India",07/17/2026,,Full-Time,Active
E1539,Thomas Keith,thomas.keith@northwindmaterials.com,AP Specialist,Finance,,"Chennai, India",2017-04-28,,Full-Time,Active
1540,Thomas Miller,thomas.miller@northwindmaterials.com,QA Engineer,Engineering,E00159,"Houston, TX, USA",43627,2026-06-14,Full-Time,Active
E01541  ,Raven Klein,raven.klein@northwindmaterials.com,Financial Analyst,Finance,E00056,"Atlanta, GA, USA",11/20/2024,,Full-Time,Active
E01542,Wayne Lester,wayne.lester@northwindmaterials.com,DevOps Engineer,Engineering,E00127,"Chennai, India",04/16/2025,,Full-Time,Active
E01543,Lauren Byrd,lauren.byrd@northwindmaterials.com,HR Coordinator,Human Resources,E00136,"Atlanta, GA, USA",2015-05-29,,Full-Time,Active
E1544,Christine Martinez,christine.martinez@northwindmaterials.com,HR Generalist,Human Resources,E00072,"Chennai, India",03/11/2018,,Full-Time,Active
E01545  ,Katherine Thompson,katherine.thompson@northwindmaterials.com,Quality Inspector,Quality Assurance,E00099,"Houston, TX, USA",12/16/2022,,Full-Time,Active
E01546,Tracey Stanton,tracey.stanton@northwindmaterials.com,Support Specialist,Customer Success,E00133,"Pune, India",05/03/2017,,Full-Time,Active
E01547  ,Lindsey Martinez,lindsey.martinez@northwindmaterials.com,Systems Administrator,Information Technology,E00176,"Chennai, India",45233,,Full-Time,Active
E1548,Rodney Mcneil,rodney.mcneil@northwindmaterials.com,Quality Inspector,Quality Assurance,E00070,"Cleveland, OH, USA",02/23/2017,2026-08-18,Full-Time,Terminated
E1549,Ryan Osborn,ryan.osborn@northwindmaterials.com,Senior Software Engineer,Engineering,E00169,"Chennai, India",05/21/2017,,Full-Time,Active
E01550,Courtney Flowers,courtney.flowers@northwindmaterials.com,Financial Analyst,Finance,E00147,"Houston, TX, USA",12/18/2022,,Full-Time,Active
E01551  ,Jonathan Bartlett,jonathan.bartlett@northwindmaterials.com,Procurement Specialist,Supply Chain,E00093,"Detroit, MI, USA",44258,,Full-Time,Active
E1552,Robin Jones,robin.jones@northwindmaterials.com,Plant Technician,Manufacturing,E00143,"Atlanta, GA, USA",07/30/2015,,Full-Time,Active
E1553,Paul Sanders,paul.sanders@northwindmaterials.com,Network Engineer,Information Technology,E00091,"Houston, TX, USA",46168,,Full-Time,Active
E1554,Mark Hill,mark.hill@northwindmaterials.com,QA Analyst,Quality Assurance,E00070,"Detroit, MI, USA",02/10/2018,,Full-Time,Active
E1555,Stephen Marks,stephen.marks@northwindmaterials.com,Supply Chain Analyst,Supply Chain,E00074,"Atlanta, GA, USA",04/25/2017,,Full-Time,Active
1556,Kristin Dean,kristin.dean@northwindmaterials.com,Plant Technician,Manufacturing,E00172,"Atlanta, GA, USA",01/03/2023,,Full-Time,Active
E01557  ,Alexandra Barnes,alexandra.barnes@northwindmaterials.com,AP Specialist,Finance,E00044,"Chennai, India",2021-07-06,,Full-Time,Active
1558,Robert Hernandez,robert.hernandez@northwindmaterials.com,Compliance Analyst,Legal,E00055,"Pune, India",01/27/2023,,Full-Time,Active
E1559,Brianna Chang,brianna.chang@northwindmaterials.com,Quality Inspector,Quality Assurance,E00166,"Chennai, India",44370,2024-10-17,Full-Time,Active
E1560,Sheila Buckley,sheila.buckley@northwindmaterials.com,Procurement Specialist,Supply Chain,E00191,"Chennai, India",2021-04-08,,Full-Time,Active
E01561  ,Anna Garcia,anna.garcia@northwindmaterials.com,IT Support Specialist,Information Technology,E00075,"Atlanta, GA, USA",2025-07-28,,Full-Time,Active
E1562,Justin Nichols,justin.nichols@northwindmaterials.com,AP Specialist,Finance,E00125,"Atlanta, GA, USA",04/21/2015,,Full-Time,Active
E01563  ,Maurice Jenkins,maurice.jenkins@northwindmaterials.com,Customer Success Associate,Customer Success,E00150,"Houston, TX, USA",2017-11-17,2024-10-13,Full-Time,Active
E1564,Patrick Washington,patrick.washington@northwindmaterials.com,Support Specialist,Customer Success,E00144,"Houston, TX, USA",2017-11-11,,Full-Time,Active
E01565,Chelsea Johnson,chelsea.johnson@northwindmaterials.com,Operations Analyst,Operations,E00158,"Cleveland, OH, USA",45341,,Full-Time,Active
E01566,Joshua Thomas,joshua.thomas@northwindmaterials.com,AP Specialist,Finance,E00148,"Chennai, India",42284,,Full-Time,Active
E01567  ,Charlotte Steele,charlotte.steele@northwindmaterials.com,QA Engineer,Engineering,,"Chennai, India",2021-07-08,,Full-Time,Active
E1568,Benjamin Preston,benjamin.preston@northwindmaterials.com,QA Engineer,Engineering,E00183,"Chennai, India",01/12/2021,2024-11-06,Full-Time,Active
1569,Martin Young,martin.young@northwindmaterials.com,Senior Software Engineer,Engineering,E00184,"Cleveland, OH, USA",07/06/2019,,Full-Time,Active
1570,Julie Mccall,julie.mccall@northwindmaterials.com,Supply Chain Analyst,Supply Chain,E00096,"Chennai, India",43385,,Full-Time,Active
1571,Penny Smith,penny.smith@northwindmaterials.com,AP Specialist,Finance,E00131,"Cleveland, OH, USA",2025-08-21,,Full-Time,Active
E1572,Lisa Turner,lisa.turner@northwindmaterials.com,Support Specialist,Customer Success,E00088,"Chennai, India",09/21/2014,,Full-Time,Active
E01573  ,Juan Vasquez,juan.vasquez@northwindmaterials.com,Recruiter,Human Resources,E00072,"Pune, India",42888,,Full-Time,Active
E01574,Heather Garcia,heather.garcia@northwindmaterials.com,Network Engineer,Information Technology,,"Pune, India",2022-06-30,2026-01-30,Full-Time,Active
1575,Misty Taylor,misty.taylor@northwindmaterials.com,Supply Chain Analyst,Supply Chain,E00149,"Atlanta, GA, USA",42439,2026-07-14,Full-Time,Active
E1576,Terri Ramos,terri.ramos@northwindmaterials.com,Procurement Specialist,Supply Chain,E00046,"Detroit, MI, USA",42252,,Full-Time,Active
E01577,Margaret Adams,margaret.adams@northwindmaterials.com,Procurement Specialist,Supply Chain,E00140,"Detroit, MI, USA",45306,2026-03-16,Full-Time,Active
E01578,Robert Brewer,robert.brewer@northwindmaterials.com,Senior Software Engineer,Engineering,E00057,"Houston, TX, USA",06/19/2025,,Full-Time,Active
E1579,Jacob Lewis,jacob.lewis@northwindmaterials.com,Production Associate,Manufacturing,E00084,"Chennai, India",08/15/2021,2025-02-22,Full-Time,Terminated
E01580,Madison Figueroa,madison.figueroa@northwindmaterials.com,HR Generalist,Human Resources,E00107,"Detroit, MI, USA",45591,,Full-Time,Active
E01581,Katherine Camacho,katherine.camacho@northwindmaterials.com,Procurement Specialist,Supply Chain,E00118,"Pune, India",44653,,Full-Time,Active
E01582  ,Lori Robertson,lori.robertson@northwindmaterials.com,Production Associate,Manufacturing,E00051,"Atlanta, GA, USA",44976,,Full-Time,Active
E1583,Erik Collins,erik.collins@northwindmaterials.com,AP Specialist,Finance,E00069,"Chennai, India",2025-05-02,,Full-Time,Active
E01584,William Taylor,william.taylor@northwindmaterials.com,Quality Inspector,Quality Assurance,E00186,"Chennai, India",42973,,Full-Time,Active
E1585,Melissa Suarez,melissa.suarez@northwindmaterials.com,QA Analyst,Quality Assurance,E00186,"Cleveland, OH, USA",10/12/2017,,Full-Time,Active
E1586,Anthony Lee,anthony.lee@northwindmaterials.com,Supply Chain Analyst,Supply Chain,E00173,"Chennai, India",2025-12-30,,Full-Time,Active
E1587,Marissa Hood,marissa.hood@northwindmaterials.com,Compliance Analyst,Legal,E00055,"Atlanta, GA, USA",45661,,Full-Time,Active
E1588,John Bryant,john.bryant@northwindmaterials.com,Supply Chain Analyst,Supply Chain,E00149,"Pune, India",2024-10-06,,Full-Time,Active
E1589,Samantha Bush,samantha.bush@northwindmaterials.com,Financial Analyst,Finance,E00056,"Chennai, India",09/29/2024,,Full-Time,Active
E1590,Joshua Colon,joshua.colon@northwindmaterials.com,HR Generalist,Human Resources,E00107,"Pune, India",2018-01-06,,Full-Time,Active
E01591,William Reid,william.reid@northwindmaterials.com,Financial Analyst,Finance,E00156,"Chennai, India",12/20/2021,,Full-Time,Active
E1592,David Johnson,david.johnson@northwindmaterials.com,Procurement Specialist,Supply Chain,E00137,"Chennai, India",42617,,Full-Time,Active
E01593  ,Nathan Wheeler,nathan.wheeler@northwindmaterials.com,Supply Chain Analyst,Supply Chain,E00092,"Atlanta, GA, USA",11/11/2023,,Full-Time,Active
E1594,Gregory Harrell,gregory.harrell@northwindmaterials.com,Customer Success Associate,Customer Success,E00088,"Cleveland, OH, USA",45058,,Full-Time,Active
E01595  ,Brenda Bailey,brenda.bailey@northwindmaterials.com,Quality Inspector,Quality Assurance,E00087,"Atlanta, GA, USA",11/24/2019,,Full-Time,Active
E01596,Frank Kline,frank.kline@northwindmaterials.com,Systems Administrator,Information Technology,E00053,"Houston, TX, USA",2023-07-18,,Full-Time,Active
1597,Kaitlyn Barker,kaitlyn.barker@northwindmaterials.com,QA Analyst,Quality Assurance,E00185,"Cleveland, OH, USA",2022-04-12,,Full-Time,Active
E01598,Justin Hughes,justin.hughes@northwindmaterials.com,Production Associate,Manufacturing,E00084,"Detroit, MI, USA",09/14/2015,,Full-Time,Active
1599,Frank Armstrong,frank.armstrong@northwindmaterials.com,DevOps Engineer,Engineering,E00127,"Chennai, India",45515,,Full-Time,Active
1600,Tammie Vincent,tammie.vincent@northwindmaterials.com,Procurement Specialist,Supply Chain,E00082,"Cleveland, OH, USA",44158,,Full-Time,Active
1601,Deborah Byrd,deborah.byrd@northwindmaterials.com,AP Specialist,Finance,E00125,"Detroit, MI, USA",42611,,Full-Time,Active
E1602,Joseph Ortiz,joseph.ortiz@northwindmaterials.com,Accountant,Finance,E00120,"Pune, India",2018-05-22,,Full-Time,Active
1603,Andrew Deleon,andrew.deleon@northwindmaterials.com,QA Engineer,Engineering,E00183,"Detroit, MI, USA",42089,,Full-Time,Active
E1604,Katrina Smith,katrina.smith@northwindmaterials.com,Network Engineer,Information Technology,E00124,"Cleveland, OH, USA",44416,,Full-Time,Active
1605,Rhonda Holland,rhonda.holland@northwindmaterials.com,Software Engineer,Engineering,E00090,"Pune, India",42900,,Full-Time,Active
E01606  ,Carolyn Smith,carolyn.smith@northwindmaterials.com,Systems Administrator,Information Technology,E00083,"Pune, India",08/01/2016,,Full-Time,Active
E01607,Johnny Trujillo,johnny.trujillo@northwindmaterials.com,Accountant,Finance,E00180,"Detroit, MI, USA",12/28/2018,,Full-Time,Active
E1608,Kevin Rasmussen,kevin.rasmussen@northwindmaterials.com,Financial Analyst,Finance,E00132,"Cleveland, OH, USA",11/11/2015,,Full-Time,Active
E1609,Dawn Coleman,dawn.coleman@northwindmaterials.com,QA Engineer,Engineering,E00127,"Houston, TX, USA",2026-05-18,,Full-Time,Active
E01610  ,Nicholas Bailey,nicholas.bailey@northwindmaterials.com,Procurement Specialist,Supply Chain,E00118,"Pune, India",43437,,Full-Time,Active
E01611,Johnathan Owens,johnathan.owens@northwindmaterials.com,QA Analyst,Quality Assurance,E00178,"Pune, India",2025-05-07,,Full-Time,Active
1612,Erica Holloway,erica.holloway@northwindmaterials.com,Software Engineer,Engineering,E00045,"Chennai, India",12/12/2025,,Full-Time,Active
E1613,Randy Garcia,randy.garcia@northwindmaterials.com,Accountant,Finance,E00131,"Cleveland, OH, USA",2015-02-03,,Full-Time,Active
E01614,William Bates,william.bates@northwindmaterials.com,Quality Inspector,Quality Assurance,,"Chennai, India",2017-05-16,,Full-Time,Active
E1615,Megan Brooks,megan.brooks@northwindmaterials.com,Accountant,Finance,E00125,"Detroit, MI, USA",08/08/2026,,Full-Time,Active
E1616,Deborah Lynch,deborah.lynch@northwindmaterials.com,Production Associate,Manufacturing,E00141,"Pune, India",2018-09-15,,Full-Time,Active
E1617,Kenneth Rodriguez,kenneth.rodriguez@northwindmaterials.com,Machine Operator,Manufacturing,E00115,"Pune, India",42041,2026-02-15,Full-Time,Terminated
E01618,Caleb Mcneil,caleb.mcneil@northwindmaterials.com,QA Analyst,Quality Assurance,E00138,"Atlanta, GA, USA",11/03/2020,,Full-Time,Active
E1619,Danielle Hensley,danielle.hensley@northwindmaterials.com,Supply Chain Analyst,Supply Chain,E00054,"Chennai, India",2019-04-16,,Full-Time,Active
E01620  ,Jose Dawson,jose.dawson@northwindmaterials.com,Supply Chain Analyst,Supply Chain,E00092,"Pune, India",03/05/2020,,Full-Time,Active
E01621  ,Patricia Evans,patricia.evans@northwindmaterials.com,Financial Analyst,Finance,E00064,"Cleveland, OH, USA",2024-08-21,,Full-Time,Active
E1622,Edward Cannon,edward.cannon@northwindmaterials.com,AP Specialist,Finance,E00180,"Detroit, MI, USA",07/28/2016,,Full-Time,Active
E01623  ,Rachel Trujillo,rachel.trujillo@northwindmaterials.com,Procurement Specialist,Supply Chain,E00059,"Chennai, India",2026-08-22,,Full-Time,Active
1624,Leah Greene,leah.greene@northwindmaterials.com,QA Analyst,Quality Assurance,E00097,"Detroit, MI, USA",44510,,Full-Time,Active
E1625,Donna Becker,donna.becker@northwindmaterials.com,AP Specialist,Finance,E00095,"Chennai, India",2023-09-08,,Full-Time,Active
1626,Jennifer Rios,jennifer.rios@northwindmaterials.com,Network Engineer,Information Technology,,"Detroit, MI, USA",09/07/2015,,Full-Time,Active
E01627,Whitney Green,whitney.green@northwindmaterials.com,Procurement Specialist,Supply Chain,E00082,"Atlanta, GA, USA",45912,,Full-Time,Active
1628,Robert Price,robert.price@northwindmaterials.com,Software Engineer,Engineering,E00127,"Detroit, MI, USA",03/13/2015,,Full-Time,Active
E01629  ,Austin Erickson,austin.erickson@northwindmaterials.com,Procurement Specialist,Supply Chain,E00061,"Cleveland, OH, USA",04/19/2022,2025-01-18,Full-Time,Terminated
1630,Ashley Lee,ashley.lee@northwindmaterials.com,HR Coordinator,Human Resources,E00107,"Detroit, MI, USA",45466,,Full-Time,Active
E01631  ,Jessica Walker,jessica.walker@northwindmaterials.com,Procurement Specialist,Supply Chain,E00190,"Houston, TX, USA",43364,2025-04-17,Full-Time,Active
E1632,Amanda Glover,amanda.glover@northwindmaterials.com,Accountant,Finance,E00147,"Atlanta, GA, USA",2023-12-25,2025-06-14,Full-Time,Terminated
E01633  ,Rebecca Powers,rebecca.powers@northwindmaterials.com,QA Analyst,Quality Assurance,E00146,"Houston, TX, USA",2015-03-20,,Full-Time,Active
E1634,William Bruce,william.bruce@northwindmaterials.com,Line Supervisor,Manufacturing,E00047,"Chennai, India",46210,,Full-Time,Active
E1635,Mary Walter,mary.walter@northwindmaterials.com,Quality Inspector,Quality Assurance,E00073,"Chennai, India",10/16/2021,,Full-Time,Active
E1636,Howard Davis,howard.davis@northwindmaterials.com,Procurement Specialist,Supply Chain,E00059,"Chennai, India",03/30/2023,,Full-Time,Active
E01637  ,David Green,david.green@northwindmaterials.com,Supply Chain Analyst,Supply Chain,E00061,"Pune, India",2020-06-10,,Full-Time,Active
E1638,Lindsey Hines,lindsey.hines@northwindmaterials.com,QA Analyst,Quality Assurance,E00070,"Chennai, India",42631,,Full-Time,Active
E01639  ,Isaac Frazier,isaac.frazier@northwindmaterials.com,AP Specialist,Finance,E00120,"Detroit, MI, USA",42825,,Full-Time,Active
E01640,Matthew Davis,matthew.davis@northwindmaterials.com,Line Supervisor,Manufacturing,E00115,"Atlanta, GA, USA",11/25/2016,,Full-Time,Active
E01641  ,Michael Garner,michael.garner@northwindmaterials.com,Customer Success Associate,Customer Success,E00144,"Atlanta, GA, USA",43263,,Full-Time,Active
E01642  ,Kurt French,kurt.french@northwindmaterials.com,Network Engineer,Information Technology,E00083,"Cleveland, OH, USA",01/27/2021,,Full-Time,Active
E01643  ,Mark Green,mark.green@northwindmaterials.com,Support Specialist,Customer Success,E00077,"Pune, India",43065,,Full-Time,Active
E01644,Kelly York,kelly.york@northwindmaterials.com,Procurement Specialist,Supply Chain,E00118,"Houston, TX, USA",2018-10-09,,Full-Time,Active
E1645,Thomas Delacruz,thomas.delacruz@northwindmaterials.com,Quality Inspector,Quality Assurance,E00138,"Pune, India",2020-05-28,,Full-Time,Active
E1646,Brandy Blackburn,brandy.blackburn@northwindmaterials.com,Quality Inspector,Quality Assurance,E00185,"Detroit, MI, USA",2016-09-07,,Full-Time,Active
E1647,Charles Preston,charles.preston@northwindmaterials.com,IT Support Specialist,Information Technology,E00053,"Pune, India",43149,,Full-Time,Active
E1648,Vincent Dillon,vincent.dillon@northwindmaterials.com,Machine Operator,Manufacturing,E00143,"Houston, TX, USA",2021-07-22,,Full-Time,Active
E1649,Patrick Evans,patrick.evans@northwindmaterials.com,Supply Chain Analyst,Supply Chain,E00096,"Cleveland, OH, USA",10/23/2023,,Full-Time,Active
E1650,Brian Dickerson,brian.dickerson@northwindmaterials.com,AP Specialist,Finance,E00148,"Pune, India",06/21/2018,,Full-Time,Active
E1651,Derrick Gonzalez,derrick.gonzalez@northwindmaterials.com,Plant Technician,Manufacturing,E00079,"Cleveland, OH, USA",2015-12-30,,Full-Time,Active
E1652,Robert Hudson,robert.hudson@northwindmaterials.com,QA Analyst,Quality Assurance,E00099,"Cleveland, OH, USA",44550,,Full-Time,Active
E01653,Rebecca Ellis,rebecca.ellis@northwindmaterials.com,HR Generalist,Human Resources,E00072,"Chennai, India",09/29/2018,,Full-Time,Active
E01654,Leslie Baldwin,leslie.baldwin@northwindmaterials.com,HR Generalist,Human Resources,E00188,"Pune, India",04/14/2015,,Full-Time,Active
1655,Kimberly Freeman,kimberly.freeman@northwindmaterials.com,Procurement Specialist,Supply Chain,E00161,"Houston, TX, USA",42365,,Full-Time,Active
E1656,Crystal Thompson,crystal.thompson@northwindmaterials.com,Support Specialist,Customer Success,,"Detroit, MI, USA",2021-05-11,,Full-Time,Active
E01657  ,Cynthia Smith,cynthia.smith@northwindmaterials.com,Supply Chain Analyst,Supply Chain,E00093,"Houston, TX, USA",06/03/2023,,Full-Time,Active
E01658,Joshua Juarez,joshua.juarez@northwindmaterials.com,Plant Technician,Manufacturing,E00134,"Chennai, India",11/20/2016,2026-08-31,Full-Time,Active
E01659,Gary Duran,gary.duran@northwindmaterials.com,Financial Analyst,Finance,E00103,"Houston, TX, USA",11/07/2021,,Full-Time,Active
1660,Tracy Gallagher,tracy.gallagher@northwindmaterials.com,Customer Success Associate,Customer Success,E00060,"Houston, TX, USA",43053,,Full-Time,Active
1661,Christopher Mendez,christopher.mendez@northwindmaterials.com,Support Specialist,Customer Success,E00167,"Houston, TX, USA",45267,,Full-Time,Active
E1662,Cynthia Powell,cynthia.powell@northwindmaterials.com,Senior Software Engineer,Engineering,,"Pune, India",44541,,Full-Time,Active
E1663,Tammy Reyes,tammy.reyes@northwindmaterials.com,Recruiter,Human Resources,E00188,"Houston, TX, USA",2020-06-16,,Full-Time,Active
1664,Benjamin Gonzalez,benjamin.gonzalez@northwindmaterials.com,Quality Inspector,Quality Assurance,E00152,"Detroit, MI, USA",44962,,Full-Time,Active
E1665,Nathan Smith,nathan.smith@northwindmaterials.com,Paralegal,Legal,E00123,"Cleveland, OH, USA",05/21/2017,,Full-Time,Active
E01666  ,Marco Whitaker,marco.whitaker@northwindmaterials.com,Systems Administrator,Information Technology,E00154,"Houston, TX, USA",11/02/2015,,Full-Time,Active
E01667,James Rhodes,james.rhodes@northwindmaterials.com,Support Specialist,Customer Success,E00077,"Atlanta, GA, USA",43545,,Full-Time,Active
1668,Courtney Wright,courtney.wright@northwindmaterials.com,Supply Chain Analyst,Supply Chain,E00161,"Houston, TX, USA",43848,,Full-Time,Active
E1669,Heather Cooper,heather.cooper@northwindmaterials.com,DevOps Engineer,Engineering,E00121,"Pune, India",43823,,Full-Time,Active
E01670,David Reyes,david.reyes@northwindmaterials.com,Quality Inspector,Quality Assurance,E00070,"Chennai, India",45924,,Full-Time,Active
1671,Brianna Jackson,brianna.jackson@northwindmaterials.com,Production Associate,Manufacturing,E00063,"Cleveland, OH, USA",2026-01-30,,Full-Time,Active
E1672,Madison Evans,madison.evans@northwindmaterials.com,Financial Analyst,Finance,E00180,"Houston, TX, USA",12/27/2025,,Full-Time,Active
E01673,Kelly Luna,kelly.luna@northwindmaterials.com,Paralegal,Legal,E00062,"Detroit, MI, USA",45040,,Full-Time,Active
1674,Caitlyn Morgan,caitlyn.morgan@northwindmaterials.com,Machine Operator,Manufacturing,E00172,"Pune, India",42828,,Full-Time,Active
E01675,Pamela Cowan,pamela.cowan@northwindmaterials.com,Supply Chain Analyst,Supply Chain,E00191,"Pune, India",2020-09-18,2024-11-29,Full-Time,Active
E01676  ,Matthew Valenzuela,matthew.valenzuela@northwindmaterials.com,Quality Inspector,Quality Assurance,E00097,"Pune, India",42382,,Full-Time,Active
E1677,Michael Lopez,michael.lopez@northwindmaterials.com,Line Supervisor,Manufacturing,E00109,"Chennai, India",10/24/2021,,Full-Time,Active
1678,Stacy Hull,stacy.hull@northwindmaterials.com,Accountant,Finance,E00081,"Atlanta, GA, USA",2025-02-05,,Full-Time,Active
E1679,Richard Perez,richard.perez@northwindmaterials.com,Supply Chain Analyst,Supply Chain,E00100,"Cleveland, OH, USA",2023-10-21,,Full-Time,Active
E01680,Jessica Anderson,jessica.anderson@northwindmaterials.com,Procurement Specialist,Supply Chain,E00161,"Atlanta, GA, USA",02/22/2016,,Full-Time,Active
E01681  ,Jessica Lawrence,jessica.lawrence@northwindmaterials.com,HR Coordinator,Human Resources,E00136,"Detroit, MI, USA",2025-07-14,,Full-Time,Active
E1682,Gary Richardson,gary.richardson@northwindmaterials.com,Paralegal,Legal,E00104,"Pune, India",42122,,Full-Time,Active
1683,Debra Johnson,debra.johnson@northwindmaterials.com,Compliance Analyst,Legal,E00078,"Cleveland, OH, USA",10/25/2023,,Full-Time,Active
E1684,Nancy Scott,nancy.scott@northwindmaterials.com,Customer Success Associate,Customer Success,E00088,"Chennai, India",12/01/2019,,Full-Time,Active
1685,Amanda Williams,amanda.williams@northwindmaterials.com,QA Analyst,Quality Assurance,E00166,"Detroit, MI, USA",42038,,Full-Time,Active
E1686,Virginia Stanley,virginia.stanley@northwindmaterials.com,QA Analyst,Quality Assurance,E00099,"Cleveland, OH, USA",44090,2025-08-18,Full-Time,Active
1687,Desiree Smith,desiree.smith@northwindmaterials.com,Supply Chain Analyst,Supply Chain,E00059,"Houston, TX, USA",2016-12-13,,Full-Time,Active
1688,Hannah Butler,hannah.butler@northwindmaterials.com,Customer Success Associate,Customer Success,E00102,"Chennai, India",43903,,Full-Time,Active
E01689,Omar Kelley,omar.kelley@northwindmaterials.com,AP Specialist,Finance,E00095,"Houston, TX, USA",06/28/2017,,Full-Time,Active
E1690,Thomas Hernandez,thomas.hernandez@northwindmaterials.com,Support Specialist,Customer Success,E00142,"Atlanta, GA, USA",44381,,Full-Time,Active
1691,Heather Mccoy,heather.mccoy@northwindmaterials.com,Procurement Specialist,Supply Chain,E00054,"Chennai, India",10/19/2023,,Full-Time,Active
E1692,Kevin Stanley,kevin.stanley@northwindmaterials.com,Financial Analyst,Finance,E00125,"Chennai, India",45539,,Full-Time,Active
E1693,Elaine Nelson,elaine.nelson@northwindmaterials.com,Network Engineer,Information Technology,E00176,"Houston, TX, USA",42573,,Full-Time,Active
E01694,Catherine Taylor,catherine.taylor@northwindmaterials.com,Senior Software Engineer,Engineering,E00110,"Atlanta, GA, USA",45985,,Full-Time,Active
E01695,Maria Garcia,maria.garcia@northwindmaterials.com,QA Engineer,Engineering,E00139,"Pune, India",03/28/2019,,Full-Time,Active
E1696,Jennifer Wilson,jennifer.wilson@northwindmaterials.com,Compliance Analyst,Legal,E00062,"Atlanta, GA, USA",11/13/2017,,Full-Time,Active
E01697  ,Daniel Rodriguez,daniel.rodriguez@northwindmaterials.com,Supply Chain Analyst,Supply Chain,E00100,"Houston, TX, USA",2023-01-18,,Full-Time,Active
E1698,James Gonzalez,james.gonzalez@northwindmaterials.com,Accountant,Finance,E00131,"Atlanta, GA, USA",06/12/2018,,Full-Time,Active
E1699,Jose Mills,jose.mills@northwindmaterials.com,AP Specialist,Finance,E00044,"Cleveland, OH, USA",43894,,Full-Time,Active
E1700,James Warner,james.warner@northwindmaterials.com,IT Support Specialist,Information Technology,E00155,"Cleveland, OH, USA",45357,2026-04-23,Full-Time,Active
E1701,Kenneth Williams,kenneth.williams@northwindmaterials.com,Compliance Analyst,Legal,E00062,"Cleveland, OH, USA",2024-10-21,,Full-Time,Active
E1702,Tyler Clark,tyler.clark@northwindmaterials.com,Financial Analyst,Finance,E00081,"Cleveland, OH, USA",08/12/2015,,Full-Time,Active
E1703,Sarah Rivera,sarah.rivera@northwindmaterials.com,Quality Inspector,Quality Assurance,E00135,"Chennai, India",2014-09-12,,Full-Time,Active
E01704,Aaron Powers,aaron.powers@northwindmaterials.com,Compliance Analyst,Legal,E00101,"Houston, TX, USA",45692,2025-01-25,Full-Time,Terminated
E1705,Rebecca Conley,rebecca.conley@northwindmaterials.com,Recruiter,Human Resources,E00072,"Chennai, India",02/28/2021,,Full-Time,Active
E1706,Elizabeth Hernandez,elizabeth.hernandez@northwindmaterials.com,Systems Administrator,Information Technology,E00165,"Cleveland, OH, USA",43257,,Full-Time,Active
1707,Christopher Hunt,christopher.hunt@northwindmaterials.com,Line Supervisor,Manufacturing,E00084,"Detroit, MI, USA",2014-09-08,,Full-Time,Active
E01708  ,Jennifer Garcia,jennifer.garcia@northwindmaterials.com,Quality Inspector,Quality Assurance,E00105,"Cleveland, OH, USA",42378,2026-04-30,Full-Time,Terminated
E1709,Jonathan Hall,jonathan.hall@northwindmaterials.com,Network Engineer,Information Technology,E00189,"Cleveland, OH, USA",06/28/2025,,Full-Time,Active
1710,Vanessa Phillips,vanessa.phillips@northwindmaterials.com,Customer Success Associate,Customer Success,E00077,"Pune, India",44124,,Full-Time,Active
E1711,Steven Garcia,steven.garcia@northwindmaterials.com,Customer Success Associate,Customer Success,E00080,"Cleveland, OH, USA",43941,,Full-Time,Active
1712,Gregg Williams,gregg.williams@northwindmaterials.com,Plant Technician,Manufacturing,E00109,"Pune, India",45000,2024-12-01,Full-Time,Terminated
E1713,Kelly Solis,kelly.solis@northwindmaterials.com,Quality Inspector,Quality Assurance,E00146,"Chennai, India",44764,,Full-Time,Active
E01714,Larry Rodgers,larry.rodgers@northwindmaterials.com,Machine Operator,Manufacturing,E00115,"Cleveland, OH, USA",06/12/2019,,Full-Time,Active
E1715,Cody Chang,cody.chang@northwindmaterials.com,Supply Chain Analyst,Supply Chain,E00157,"Atlanta, GA, USA",2026-02-13,,Full-Time,Active
E1716,Brandon Christian,brandon.christian@northwindmaterials.com,Financial Analyst,Finance,E00086,"Atlanta, GA, USA",44190,,Full-Time,Active
E1717,Elizabeth Jackson,elizabeth.jackson@northwindmaterials.com,Plant Technician,Manufacturing,E00079,"Pune, India",42258,,Full-Time,Active
1718,Michael Kim,michael.kim@northwindmaterials.com,Supply Chain Analyst,Supply Chain,E00173,"Cleveland, OH, USA",2018-04-18,,Full-Time,Active
E1719,Christy Johns,christy.johns@northwindmaterials.com,Logistics Coordinator,Operations,E00130,"Pune, India",08/27/2026,,Full-Time,Active
E1720,Christopher Briggs,christopher.briggs@northwindmaterials.com,Customer Success Associate,Customer Success,E00060,"Atlanta, GA, USA",03/29/2016,,Full-Time,Active
E01721  ,Ian Morales,ian.morales@northwindmaterials.com,Plant Technician,Manufacturing,E00141,"Detroit, MI, USA",2021-06-01,,Full-Time,Active
E01722  ,Suzanne Nelson,suzanne.nelson@northwindmaterials.com,Plant Technician,Manufacturing,E00047,"Pune, India",09/07/2016,,Full-Time,Active
E1723,Paul Jefferson,paul.jefferson@northwindmaterials.com,Line Supervisor,Manufacturing,E00172,"Cleveland, OH, USA",45124,,Full-Time,Active
E1724,Lauren Banks,lauren.banks@northwindmaterials.com,Operations Analyst,Operations,E00067,"Atlanta, GA, USA",06/07/2017,,Full-Time,Active
1725,Laura Wilson,laura.wilson@northwindmaterials.com,Procurement Specialist,Supply Chain,E00052,"Detroit, MI, USA",43030,,Full-Time,Active
1726,Heather Brown,heather.brown@northwindmaterials.com,Quality Inspector,Quality Assurance,E00166,"Pune, India",2020-12-10,,Full-Time,Active
1727,Sherri Moore,sherri.moore@northwindmaterials.com,Software Engineer,Engineering,E00181,"Chennai, India",05/12/2024,,Full-Time,Active
E01728  ,Robert Garza,robert.garza@northwindmaterials.com,DevOps Engineer,Engineering,E00153,"Houston, TX, USA",43613,,Full-Time,Active
E1729,Leah Gregory,leah.gregory@northwindmaterials.com,Supply Chain Analyst,Supply Chain,E00054,"Cleveland, OH, USA",46021,,Full-Time,Active
E01730,Howard James,howard.james@northwindmaterials.com,QA Analyst,Quality Assurance,E00166,"Houston, TX, USA",2021-10-24,,Full-Time,Active
E1731,Michael Johnson,michael.johnson@northwindmaterials.com,Procurement Specialist,Supply Chain,E00190,"Atlanta, GA, USA",2022-05-11,,Full-Time,Active
E1732,Gabrielle Roberson,gabrielle.roberson@northwindmaterials.com,Support Specialist,Customer Success,E00077,"Atlanta, GA, USA",44027,2026-05-27,Full-Time,Terminated
E1733,Teresa Anderson,teresa.anderson@northwindmaterials.com,Customer Success Associate,Customer Success,E00102,"Houston, TX, USA",2024-10-29,2024-12-02,Full-Time,Active
1734,Samantha Rodriguez,samantha.rodriguez@northwindmaterials.com,Supply Chain Analyst,Supply Chain,E00182,"Houston, TX, USA",44122,,Full-Time,Active
E1735,Robert Williams,robert.williams@northwindmaterials.com,IT Support Specialist,Information Technology,E00091,"Chennai, India",2020-03-10,,Full-Time,Active
E1736,Jose Edwards,jose.edwards@northwindmaterials.com,AP Specialist,Finance,E00044,"Pune, India",2021-11-20,,Full-Time,Active
1737,Janet Gregory,janet.gregory@northwindmaterials.com,Quality Inspector,Quality Assurance,E00073,"Atlanta, GA, USA",05/03/2022,2025-08-31,Full-Time,Active
E1738,Katrina Ray,katrina.ray@northwindmaterials.com,AP Specialist,Finance,E00095,"Houston, TX, USA",43611,,Full-Time,Active
E1739,Annette Levine,annette.levine@northwindmaterials.com,Accountant,Finance,E00147,"Detroit, MI, USA",12/26/2024,,Full-Time,Active
E1740,Elizabeth Morgan,elizabeth.morgan@northwindmaterials.com,Supply Chain Analyst,Supply Chain,E00082,"Chennai, India",44576,,Full-Time,Active
E1741,Alexandra Haynes,alexandra.haynes@northwindmaterials.com,Compliance Analyst,Legal,E00192,"Houston, TX, USA",01/12/2015,,Full-Time,Active
E1742,Cody Stanley,cody.stanley@northwindmaterials.com,Accountant,Finance,E00180,"Pune, India",09/03/2017,,Full-Time,Active
1743,John Reed,john.reed@northwindmaterials.com,HR Coordinator,Human Resources,E00136,"Houston, TX, USA",2014-09-20,,Full-Time,Active
1744,Erica Cruz,erica.cruz@northwindmaterials.com,Customer Success Associate,Customer Success,E00144,"Atlanta, GA, USA",2025-05-12,,Full-Time,Active
E01745  ,Mary Grant,mary.grant@northwindmaterials.com,DevOps Engineer,Engineering,E00184,"Cleveland, OH, USA",10/09/2014,,Full-Time,Active
E01746,Vanessa Brown,vanessa.brown@northwindmaterials.com,Supply Chain Analyst,Supply Chain,E00137,"Houston, TX, USA",2014-11-21,2025-09-05,Full-Time,Active
E1747,Dawn Moore,dawn.moore@northwindmaterials.com,QA Engineer,Engineering,E00121,"Chennai, India",07/26/2018,,Full-Time,Active
E1748,Melinda Christian,melinda.christian@northwindmaterials.com,Customer Success Associate,Customer Success,E00144,"Chennai, India",2023-12-10,,Full-Time,Active
1749,Molly Jones,molly.jones@northwindmaterials.com,Quality Inspector,Quality Assurance,E00073,"Atlanta, GA, USA",08/22/2025,2025-08-07,Full-Time,Active
E01750,Travis Allen,travis.allen@northwindmaterials.com,Machine Operator,Manufacturing,E00084,"Cleveland, OH, USA",06/26/2023,,Full-Time,Active
E1751,Tara Williams,tara.williams@northwindmaterials.com,Supply Chain Analyst,Supply Chain,E00173,"Houston, TX, USA",06/29/2016,2026-07-09,Full-Time,Active
1752,Jeffrey Schneider,jeffrey.schneider@northwindmaterials.com,Software Engineer,Engineering,E00183,"Cleveland, OH, USA",42521,,Full-Time,Active
1753,Richard Young,richard.young@northwindmaterials.com,Customer Success Associate,Customer Success,E00142,"Detroit, MI, USA",05/15/2015,,Full-Time,Active
E01754  ,Stephen Solis,stephen.solis@northwindmaterials.com,Support Specialist,Customer Success,E00080,"Pune, India",08/28/2024,,Full-Time,Active
E1755,Shane Gates,shane.gates@northwindmaterials.com,IT Support Specialist,Information Technology,E00154,"Detroit, MI, USA",2017-06-11,,Full-Time,Active
E01756  ,Sergio Wilson,sergio.wilson@northwindmaterials.com,Senior Software Engineer,Engineering,E00110,"Houston, TX, USA",08/04/2022,2025-03-25,Full-Time,Terminated
E1757,Tyler Valdez,tyler.valdez@northwindmaterials.com,Machine Operator,Manufacturing,E00063,"Chennai, India",44969,,Full-Time,Active
E01758  ,Curtis Gutierrez,curtis.gutierrez@northwindmaterials.com,Line Supervisor,Manufacturing,E00141,"Pune, India",2022-09-14,,Full-Time,Active
E01759,Angela Smith,angela.smith@northwindmaterials.com,Systems Administrator,Information Technology,E00176,"Chennai, India",05/08/2023,,Full-Time,Active
1760,Christopher Munoz,christopher.munoz@northwindmaterials.com,Senior Software Engineer,Engineering,E00057,"Chennai, India",2018-08-25,,Full-Time,Active
1761,Christine Torres,christine.torres@northwindmaterials.com,DevOps Engineer,Engineering,E00169,"Detroit, MI, USA",41955,,Full-Time,Active
E01762  ,William Clark,william.clark@northwindmaterials.com,Supply Chain Analyst,Supply Chain,E00094,"Cleveland, OH, USA",42908,,Full-Time,Active
1763,Emily Clements,emily.clements@northwindmaterials.com,Plant Technician,Manufacturing,E00051,"Pune, India",2025-01-19,,Full-Time,Active
E01764  ,Michael Brown,michael.brown@northwindmaterials.com,AP Specialist,Finance,E00086,"Detroit, MI, USA",2022-12-25,,Full-Time,Active
1765,Jeffrey Gibson,jeffrey.gibson@northwindmaterials.com,Quality Inspector,Quality Assurance,E00135,"Chennai, India",2019-01-01,,Full-Time,Active
E01766,Ann Harvey,ann.harvey@northwindmaterials.com,Paralegal,Legal,E00043,"Detroit, MI, USA",08/23/2024,2025-03-12,Full-Time,Active
E1767,Thomas Sandoval,thomas.sandoval@northwindmaterials.com,Support Specialist,Customer Success,E00113,"Houston, TX, USA",2014-11-19,,Full-Time,Active
E01768  ,Jennifer Wilson,jennifer.wilson@northwindmaterials.com,Support Specialist,Customer Success,E00144,"Pune, India",43700,,Full-Time,Active
E1769,Katherine Walker,katherine.walker@northwindmaterials.com,Procurement Specialist,Supply Chain,E00094,"Chennai, India",02/13/2015,,Full-Time,Active
E1770,Matthew Gallegos,matthew.gallegos@northwindmaterials.com,Customer Success Associate,Customer Success,E00060,"Pune, India",12/24/2020,,Full-Time,Active
E01771  ,Tamara Carter,tamara.carter@northwindmaterials.com,Production Associate,Manufacturing,E00115,"Houston, TX, USA",09/13/2022,,Full-Time,Active
1772,Alejandra Park,alejandra.park@northwindmaterials.com,Customer Success Associate,Customer Success,E00113,"Pune, India",43454,,Full-Time,Active
E01773,Brandon Martin,brandon.martin@northwindmaterials.com,Supply Chain Analyst,Supply Chain,E00092,"Atlanta, GA, USA",42623,,Full-Time,Active
E01774  ,Donald Love,donald.love@northwindmaterials.com,Procurement Specialist,Supply Chain,E00190,"Houston, TX, USA",2021-06-22,,Full-Time,Active
1775,Jennifer Rodriguez,jennifer.rodriguez@northwindmaterials.com,QA Analyst,Quality Assurance,E00087,"Pune, India",43697,,Full-Time,Active
E1776,Cheryl Lopez,cheryl.lopez@northwindmaterials.com,Quality Inspector,Quality Assurance,E00070,"Pune, India",43805,2026-07-07,Full-Time,Active
1777,Sarah Long,sarah.long@northwindmaterials.com,Supply Chain Analyst,Supply Chain,E00118,"Detroit, MI, USA",2025-10-01,,Full-Time,Active
E1778,Stephen Harrington,stephen.harrington@northwindmaterials.com,QA Engineer,Engineering,,"Pune, India",10/25/2022,,Full-Time,Active
E01779,Jennifer Rodriguez,jennifer.rodriguez@northwindmaterials.com,Supply Chain Analyst,Supply Chain,E00190,"Chennai, India",07/02/2015,,Full-Time,Active
1780,Robert House,robert.house@northwindmaterials.com,Accountant,Finance,E00156,"Pune, India",44185,,Full-Time,Active
E1781,Mary Chapman,mary.chapman@northwindmaterials.com,Quality Inspector,Quality Assurance,E00166,"Houston, TX, USA",2025-09-23,,Full-Time,Active
1782,Kelsey Hayes,kelsey.hayes@northwindmaterials.com,Compliance Analyst,Legal,E00160,"Pune, India",05/13/2019,,Full-Time,Active
E1783,Dominique Blanchard,dominique.blanchard@northwindmaterials.com,Logistics Coordinator,Operations,E00050,"Detroit, MI, USA",11/01/2014,,Full-Time,Active
E01784  ,Dennis Porter,dennis.porter@northwindmaterials.com,Machine Operator,Manufacturing,E00109,"Atlanta, GA, USA",2019-01-27,,Full-Time,Active
E1785,Alyssa Williams,alyssa.williams@northwindmaterials.com,Quality Inspector,Quality Assurance,E00099,"Houston, TX, USA",07/23/2023,,Full-Time,Active
E01786  ,Savannah Roberson,savannah.roberson@northwindmaterials.com,Accountant,Finance,E00148,"Pune, India",02/28/2017,,Full-Time,Active
E01787  ,Timothy Romero,timothy.romero@northwindmaterials.com,Financial Analyst,Finance,E00180,"Chennai, India",44158,,Full-Time,Active
E01788,Samantha Thompson,samantha.thompson@northwindmaterials.com,Senior Software Engineer,Engineering,E00110,"Houston, TX, USA",45984,2024-12-28,Full-Time,Active
E01789,Beth Cross,beth.cross@northwindmaterials.com,Supply Chain Analyst,Supply Chain,E00066,"Chennai, India",10/02/2025,,Full-Time,Active
E1790,David Hughes,david.hughes@northwindmaterials.com,Operations Analyst,Operations,E00130,"Pune, India",07/01/2018,,Full-Time,Active
1791,Caroline Andrade,caroline.andrade@northwindmaterials.com,Support Specialist,Customer Success,E00088,"Houston, TX, USA",43473,,Full-Time,Active
1792,William Cruz,william.cruz@northwindmaterials.com,Customer Success Associate,Customer Success,E00133,"Pune, India",08/11/2018,,Full-Time,Active
E01793,Tiffany Moon,tiffany.moon@northwindmaterials.com,Senior Software Engineer,Engineering,E00111,"Chennai, India",02/21/2016,,Full-Time,Active
E1794,Kathryn Hill,kathryn.hill@northwindmaterials.com,Systems Administrator,Information Technology,E00091,"Chennai, India",2017-07-20,,Full-Time,Active
E01795  ,Tamara Waller,tamara.waller@northwindmaterials.com,Procurement Specialist,Supply Chain,E00094,"Chennai, India",2016-02-18,,Full-Time,Active
E01796,Shawn Anderson,shawn.anderson@northwindmaterials.com,Compliance Analyst,Legal,E00104,"Cleveland, OH, USA",07/13/2017,,Full-Time,Active
1797,Robert Graves,robert.graves@northwindmaterials.com,Paralegal,Legal,E00101,"Cleveland, OH, USA",44012,,Full-Time,Active
E01798,Kaitlyn Evans,kaitlyn.evans@northwindmaterials.com,Plant Technician,Manufacturing,E00134,"Detroit, MI, USA",43753,,Full-Time,Active
E1799,Jacqueline Valencia,jacqueline.valencia@northwindmaterials.com,Quality Inspector,Quality Assurance,E00073,"Chennai, India",2026-05-29,,Full-Time,Active
E01800  ,Jennifer Walls,jennifer.walls@northwindmaterials.com,Software Engineer,Engineering,E00169,"Pune, India",2020-10-29,,Full-Time,Active
1801,Cynthia Harris,cynthia.harris@northwindmaterials.com,Systems Administrator,Information Technology,E00053,"Houston, TX, USA",43457,,Full-Time,Active
E01802  ,Claudia Roberts,claudia.roberts@northwindmaterials.com,Compliance Analyst,Legal,E00123,"Pune, India",2015-03-12,,Full-Time,Active
E01803  ,Michael Chambers,michael.chambers@northwindmaterials.com,Support Specialist,Customer Success,E00113,"Cleveland, OH, USA",2026-08-17,,Full-Time,Active
E1804,Tina Santos,tina.santos@northwindmaterials.com,Supply Chain Analyst,Supply Chain,E00173,"Atlanta, GA, USA",43957,,Full-Time,Active
1805,Susan Gordon,susan.gordon@northwindmaterials.com,Quality Inspector,Quality Assurance,E00099,"Detroit, MI, USA",2024-11-08,,Full-Time,Active
E1806,Heather Morris,heather.morris@northwindmaterials.com,Supply Chain Analyst,Supply Chain,E00177,"Atlanta, GA, USA",09/20/2014,,Full-Time,Active
E1807,Darrell Bell,darrell.bell@northwindmaterials.com,Software Engineer,Engineering,E00181,"Pune, India",04/02/2024,,Full-Time,Active
E01808,Timothy Duncan,timothy.duncan@northwindmaterials.com,Accountant,Finance,E00131,"Chennai, India",11/02/2015,2025-12-07,Full-Time,Active
E1809,Elizabeth Butler,elizabeth.butler@northwindmaterials.com,QA Analyst,Quality Assurance,E00087,"Detroit, MI, USA",12/02/2021,,Full-Time,Active
E1810,Julie Skinner,julie.skinner@northwindmaterials.com,QA Analyst,Quality Assurance,E00175,"Houston, TX, USA",45429,,Full-Time,Active
E1811,Justin Boone,justin.boone@northwindmaterials.com,Software Engineer,Engineering,E00045,"Chennai, India",2023-10-20,,Full-Time,Active
E1812,Lindsey Mills,lindsey.mills@northwindmaterials.com,Supply Chain Analyst,Supply Chain,E00096,"Pune, India",10/26/2020,2024-09-08,Full-Time,Active
1813,Anthony Thomas,anthony.thomas@northwindmaterials.com,Compliance Analyst,Legal,E00068,"Houston, TX, USA",2017-05-28,,Full-Time,Active
E1814,Ellen Gonzalez,ellen.gonzalez@northwindmaterials.com,Plant Technician,Manufacturing,E00109,"Pune, India",2026-04-19,,Full-Time,Active
E1815,Karen Martin,karen.martin@northwindmaterials.com,Senior Software Engineer,Engineering,E00110,"Houston, TX, USA",02/20/2025,,Full-Time,Active
E1816,Justin King,justin.king@northwindmaterials.com,QA Analyst,Quality Assurance,E00163,"Houston, TX, USA",45945,,Full-Time,Active
E1817,Mary Vaughn,mary.vaughn@northwindmaterials.com,DevOps Engineer,Engineering,E00090,"Atlanta, GA, USA",2022-10-13,,Full-Time,Active
E01818  ,Kenneth Molina,kenneth.molina@northwindmaterials.com,Supply Chain Analyst,Supply Chain,E00096,"Chennai, India",04/11/2026,2024-11-27,Full-Time,Active
E1819,Antonio Cervantes,antonio.cervantes@northwindmaterials.com,QA Analyst,Quality Assurance,E00138,"Atlanta, GA, USA",08/26/2015,,Full-Time,Active
E1820,Curtis Parrish,curtis.parrish@northwindmaterials.com,Support Specialist,Customer Success,E00114,"Cleveland, OH, USA",09/17/2019,,Full-Time,Active
E1821,Jodi Hancock,jodi.hancock@northwindmaterials.com,IT Support Specialist,Information Technology,E00189,"Pune, India",09/23/2015,,Full-Time,Active
E01822  ,Julia Hoffman,julia.hoffman@northwindmaterials.com,Paralegal,Legal,E00101,"Chennai, India",44162,,Full-Time,Active
E01823,John Mueller,john.mueller@northwindmaterials.com,IT Support Specialist,Information Technology,E00112,"Pune, India",45327,,Full-Time,Active
E1824,Lauren Roberts,lauren.roberts@northwindmaterials.com,DevOps Engineer,Engineering,E00153,"Cleveland, OH, USA",08/13/2026,,Full-Time,Active
E01825,Elizabeth House,elizabeth.house@northwindmaterials.com,Customer Success Associate,Customer Success,,"Atlanta, GA, USA",09/28/2024,,Full-Time,Active
E1826,Paul Frye,paul.frye@northwindmaterials.com,Senior Software Engineer,Engineering,E00045,"Atlanta, GA, USA",2021-10-07,,Full-Time,Active
E01827,Theresa Edwards,theresa.edwards@northwindmaterials.com,Operations Analyst,Operations,E00170,"Chennai, India",2014-10-16,,Full-Time,Active
1828,Andrea Smith,andrea.smith@northwindmaterials.com,QA Analyst,Quality Assurance,E00175,"Atlanta, GA, USA",2023-06-19,,Full-Time,Active
E01829,John Oliver,john.oliver@northwindmaterials.com,Supply Chain Analyst,Supply Chain,E00119,"Pune, India",01/15/2019,,Full-Time,Active
1830,Kimberly Berg,kimberly.berg@northwindmaterials.com,HR Generalist,Human Resources,E00188,"Atlanta, GA, USA",44627,,Full-Time,Active
E01831,Maria Pruitt,maria.pruitt@northwindmaterials.com,Paralegal,Legal,E00068,"Detroit, MI, USA",42556,,Full-Time,Active
E01832,Janet Holland,janet.holland@northwindmaterials.com,Systems Administrator,Information Technology,E00098,"Atlanta, GA, USA",42093,,Full-Time,Active
E1833,Kari Payne,kari.payne@northwindmaterials.com,Logistics Coordinator,Operations,E00067,"Chennai, India",09/26/2019,,Full-Time,Active
E01834,Carrie Parsons,carrie.parsons@northwindmaterials.com,QA Engineer,Engineering,E00128,"Houston, TX, USA",45357,,Full-Time,Active
E01835  ,Tamara Phillips,tamara.phillips@northwindmaterials.com,QA Analyst,Quality Assurance,E00135,"Houston, TX, USA",2016-05-05,,Full-Time,Active
E1836,Gregory Fleming,gregory.fleming@northwindmaterials.com,DevOps Engineer,Engineering,E00048,"Detroit, MI, USA",43933,,Full-Time,Active
E1837,Jacob Thompson,jacob.thompson@northwindmaterials.com,AP Specialist,Finance,E00132,"Pune, India",2019-02-02,2025-10-17,Full-Time,Terminated
1838,Willie Bennett,willie.bennett@northwindmaterials.com,Procurement Specialist,Supply Chain,E00093,"Houston, TX, USA",05/13/2018,,Full-Time,Active
1839,Roy Hawkins,roy.hawkins@northwindmaterials.com,Support Specialist,Customer Success,E00133,"Chennai, India",44583,,Full-Time,Active
E1840,David Silva,david.silva@northwindmaterials.com,Supply Chain Analyst,Supply Chain,E00173,"Chennai, India",44432,,Full-Time,Active
E01841  ,Jonathan Rivera,jonathan.rivera@northwindmaterials.com,Procurement Specialist,Supply Chain,E00157,"Atlanta, GA, USA",01/31/2016,,Full-Time,Active
E1842,Jenna Moore,jenna.moore@northwindmaterials.com,Systems Administrator,Information Technology,E00116,"Chennai, India",42678,,Full-Time,Active
E1843,Eric Morris,eric.morris@northwindmaterials.com,Customer Success Associate,Customer Success,E00080,"Chennai, India",2015-04-20,,Full-Time,Active
E01844,Brent Randolph,brent.randolph@northwindmaterials.com,Compliance Analyst,Legal,E00129,"Chennai, India",2025-06-09,,Full-Time,Active
E1845,Christina Stanley,christina.stanley@northwindmaterials.com,Systems Administrator,Information Technology,E00189,"Detroit, MI, USA",2024-05-12,,Full-Time,Active
1846,Tracy Armstrong,tracy.armstrong@northwindmaterials.com,Plant Technician,Manufacturing,E00063,"Houston, TX, USA",03/19/2015,,Full-Time,Active
E1847,Michael Bowers,michael.bowers@northwindmaterials.com,Compliance Analyst,Legal,E00101,"Houston, TX, USA",03/04/2022,,Full-Time,Active
E01848,Louis Robinson,louis.robinson@northwindmaterials.com,QA Engineer,Engineering,E00117,"Pune, India",43937,,Full-Time,Active
E1849,Ivan Jones,ivan.jones@northwindmaterials.com,Support Specialist,Customer Success,E00144,"Atlanta, GA, USA",03/20/2020,,Full-Time,Active
E1850,William Perry,william.perry@northwindmaterials.com,QA Analyst,Quality Assurance,E00135,"Atlanta, GA, USA",02/03/2017,,Full-Time,Active
1851,Amanda Davis,amanda.davis@northwindmaterials.com,Paralegal,Legal,E00085,"Detroit, MI, USA",04/18/2025,,Full-Time,Active
E01852,Jeffrey Lewis,jeffrey.lewis@northwindmaterials.com,Network Engineer,Information Technology,E00075,"Cleveland, OH, USA",2020-01-08,,Full-Time,Active
1853,Martin Ward,martin.ward@northwindmaterials.com,HR Coordinator,Human Resources,E00107,"Chennai, India",04/26/2022,,Full-Time,Active
E1854,Jeffery Goodwin,jeffery.goodwin@northwindmaterials.com,Plant Technician,Manufacturing,E00063,"Cleveland, OH, USA",2015-11-23,,Full-Time,Active
E01855,Alyssa Barajas,alyssa.barajas@northwindmaterials.com,Customer Success Associate,Customer Success,E00144,"Detroit, MI, USA",44618,,Full-Time,Active
E01856  ,Madison Zavala,madison.zavala@northwindmaterials.com,Supply Chain Analyst,Supply Chain,E00059,"Pune, India",2026-05-01,,Full-Time,Active
E01857,Alan Caldwell,alan.caldwell@northwindmaterials.com,Financial Analyst,Finance,E00056,"Atlanta, GA, USA",2019-12-26,,Full-Time,Active
1858,Sean Conway,sean.conway@northwindmaterials.com,Procurement Specialist,Supply Chain,E00177,"Detroit, MI, USA",42483,2025-11-29,Full-Time,Terminated
E1859,Christina Oliver,christina.oliver@northwindmaterials.com,Senior Software Engineer,Engineering,E00110,"Detroit, MI, USA",45478,,Full-Time,Active
E01860,Susan Fleming,susan.fleming@northwindmaterials.com,Support Specialist,Customer Success,E00142,"Cleveland, OH, USA",2016-10-26,,Full-Time,Active
E1861,Manuel Moon,manuel.moon@northwindmaterials.com,Production Associate,Manufacturing,E00106,"Atlanta, GA, USA",09/08/2024,,Full-Time,Active
E1862,Sierra Cruz,sierra.cruz@northwindmaterials.com,IT Support Specialist,Information Technology,E00075,"Pune, India",42908,,Full-Time,Active
E01863  ,Amber Campbell,amber.campbell@northwindmaterials.com,Financial Analyst,Finance,E00086,"Detroit, MI, USA",08/04/2016,,Full-Time,Active
E01864,Rhonda Short,rhonda.short@northwindmaterials.com,Production Associate,Manufacturing,E00134,"Atlanta, GA, USA",2016-01-14,,Full-Time,Active
E01865,Nicholas Lang,nicholas.lang@northwindmaterials.com,Support Specialist,Customer Success,E00162,"Pune, India",42159,,Full-Time,Active
E01866,Sean Williams,sean.williams@northwindmaterials.com,Financial Analyst,Finance,E00156,"Chennai, India",02/20/2023,2025-08-01,Full-Time,Active
E1867,Rachel Lee,rachel.lee@northwindmaterials.com,Senior Software Engineer,Engineering,E00181,"Pune, India",09/13/2021,,Full-Time,Active
E01868,Willie Vaughan,willie.vaughan@northwindmaterials.com,DevOps Engineer,Engineering,E00159,"Pune, India",02/18/2016,,Full-Time,Active
E1869,Gary Huber,gary.huber@northwindmaterials.com,QA Analyst,Quality Assurance,E00179,"Houston, TX, USA",42930,,Full-Time,Active
E01870,Amanda Smith,amanda.smith@northwindmaterials.com,Quality Inspector,Quality Assurance,E00166,"Detroit, MI, USA",42393,,Full-Time,Active
1871,Cameron Santiago,cameron.santiago@northwindmaterials.com,Accountant,Finance,E00156,"Houston, TX, USA",08/02/2024,,Full-Time,Active
1872,Kim Hancock,kim.hancock@northwindmaterials.com,Accountant,Finance,E00148,"Cleveland, OH, USA",42334,,Full-Time,Active
1873,Roger Garcia,roger.garcia@northwindmaterials.com,Financial Analyst,Finance,E00120,"Detroit, MI, USA",2021-06-08,,Full-Time,Active
E1874,Amanda Park,amanda.park@northwindmaterials.com,IT Support Specialist,Information Technology,E00176,"Houston, TX, USA",05/11/2024,,Full-Time,Active
E01875  ,Theresa Rowe,theresa.rowe@northwindmaterials.com,Systems Administrator,Information Technology,E00116,"Pune, India",02/24/2016,,Full-Time,Active
E1876,Deborah Case,deborah.case@northwindmaterials.com,DevOps Engineer,Engineering,E00045,"Atlanta, GA, USA",2016-12-16,,Full-Time,Active
E1877,Julie Hernandez,julie.hernandez@northwindmaterials.com,Procurement Specialist,Supply Chain,E00119,"Atlanta, GA, USA",12/05/2015,,Full-Time,Active
E01878  ,Stephen Rivera,stephen.rivera@northwindmaterials.com,Senior Software Engineer,Engineering,E00117,"Detroit, MI, USA",11/05/2015,,Full-Time,Active
E1879,Christopher Brown,christopher.brown@northwindmaterials.com,QA Engineer,Engineering,E00183,"Cleveland, OH, USA",44301,,Full-Time,Active
E01880  ,Laura Grant,laura.grant@northwindmaterials.com,AP Specialist,Finance,E00148,"Atlanta, GA, USA",45010,,Full-Time,Active
E01881,Bailey Perez,bailey.perez@northwindmaterials.com,Customer Success Associate,Customer Success,E00144,"Cleveland, OH, USA",09/07/2023,,Full-Time,Active
E1882,Jonathan Hughes,jonathan.hughes@northwindmaterials.com,Support Specialist,Customer Success,E00142,"Cleveland, OH, USA",10/28/2016,,Full-Time,Active
1883,Crystal Hamilton,crystal.hamilton@northwindmaterials.com,Software Engineer,Engineering,E00110,"Atlanta, GA, USA",2023-11-23,,Full-Time,Active
E1884,Andre Nunez,andre.nunez@northwindmaterials.com,Compliance Analyst,Legal,E00104,"Houston, TX, USA",11/26/2019,,Full-Time,Active
E01885,Amanda May,amanda.may@northwindmaterials.com,QA Analyst,Quality Assurance,E00179,"Atlanta, GA, USA",11/29/2014,,Full-Time,Active
E1886,Christine Avila,christine.avila@northwindmaterials.com,IT Support Specialist,Information Technology,E00091,"Cleveland, OH, USA",45600,,Full-Time,Active
1887,Brenda Haynes,brenda.haynes@northwindmaterials.com,Support Specialist,Customer Success,E00077,"Detroit, MI, USA",04/15/2023,,Full-Time,Active
E01888,Charles Reilly,charles.reilly@northwindmaterials.com,DevOps Engineer,Engineering,E00159,"Houston, TX, USA",01/31/2025,,Full-Time,Active
1889,Daniel Buchanan,daniel.buchanan@northwindmaterials.com,Financial Analyst,Finance,E00168,"Houston, TX, USA",2024-04-11,,Full-Time,Active
E01890  ,Kevin Miller,kevin.miller@northwindmaterials.com,Plant Technician,Manufacturing,E00047,"Detroit, MI, USA",12/11/2016,,Full-Time,Active
E1891,Kathy Kim,kathy.kim@northwindmaterials.com,Quality Inspector,Quality Assurance,E00179,"Cleveland, OH, USA",04/17/2022,,Full-Time,Active
1892,Randall Guerrero,randall.guerrero@northwindmaterials.com,Accountant,Finance,E00069,"Houston, TX, USA",04/04/2015,,Full-Time,Active
E1893,Thomas Ferguson,thomas.ferguson@northwindmaterials.com,Network Engineer,Information Technology,E00075,"Atlanta, GA, USA",11/09/2024,,Full-Time,Active
1894,Derek Myers,derek.myers@northwindmaterials.com,Senior Software Engineer,Engineering,E00045,"Detroit, MI, USA",04/11/2026,,Full-Time,Active
E1895,Lauren Gardner,lauren.gardner@northwindmaterials.com,Financial Analyst,Finance,E00081,"Atlanta, GA, USA",44574,,Full-Time,Active
E1896,Susan Thomas,susan.thomas@northwindmaterials.com,Systems Administrator,Information Technology,E00098,"Atlanta, GA, USA",12/28/2018,,Full-Time,Active
E1897,Erica Sloan,erica.sloan@northwindmaterials.com,Supply Chain Analyst,Supply Chain,E00122,"Houston, TX, USA",42770,,Full-Time,Active
E01898,Laura Daniel,laura.daniel@northwindmaterials.com,Procurement Specialist,Supply Chain,E00161,"Houston, TX, USA",2016-12-23,,Full-Time,Active
E1899,Nathan Herring,nathan.herring@northwindmaterials.com,Plant Technician,Manufacturing,E00063,"Detroit, MI, USA",2014-12-13,,Full-Time,Active
E01900  ,Angela Peters,angela.peters@northwindmaterials.com,DevOps Engineer,Engineering,E00111,"Detroit, MI, USA",2016-03-10,2025-07-31,Full-Time,Terminated
E1901,David Smith,david.smith@northwindmaterials.com,Supply Chain Analyst,Supply Chain,,"Cleveland, OH, USA",43472,,Full-Time,Active
E1902,Candice Medina,candice.medina@northwindmaterials.com,Supply Chain Analyst,Supply Chain,E00092,"Atlanta, GA, USA",42918,,Full-Time,Active
E01903,Stacey Torres,stacey.torres@northwindmaterials.com,Procurement Specialist,Supply Chain,E00046,"Chennai, India",02/01/2026,,Full-Time,Active
1904,Kaitlin Berger,kaitlin.berger@northwindmaterials.com,Line Supervisor,Manufacturing,E00106,"Atlanta, GA, USA",06/03/2020,,Full-Time,Active
E01905,Maurice Gutierrez,maurice.gutierrez@northwindmaterials.com,Machine Operator,Manufacturing,E00106,"Cleveland, OH, USA",44797,,Full-Time,Active
E01906  ,Debbie Hunt,debbie.hunt@northwindmaterials.com,Paralegal,Legal,E00160,"Pune, India",2024-02-12,,Full-Time,Active
E01907  ,Eugene Walker,eugene.walker@northwindmaterials.com,Supply Chain Analyst,Supply Chain,E00096,"Atlanta, GA, USA",45829,,Full-Time,Active
E01908,Mary Lee,mary.lee@northwindmaterials.com,Supply Chain Analyst,Supply Chain,E00122,"Cleveland, OH, USA",2024-08-24,,Full-Time,Active
E1909,Howard Marsh,howard.marsh@northwindmaterials.com,Network Engineer,Information Technology,E00053,"Pune, India",11/05/2018,,Full-Time,Active
1910,Melissa York,melissa.york@northwindmaterials.com,IT Support Specialist,Information Technology,E00176,"Houston, TX, USA",2020-02-16,,Full-Time,Active
E1911,Sarah Gamble,sarah.gamble@northwindmaterials.com,QA Analyst,Quality Assurance,E00166,"Cleveland, OH, USA",43013,,Full-Time,Active
E1912,Steven Dunn,steven.dunn@northwindmaterials.com,Quality Inspector,Quality Assurance,E00135,"Chennai, India",08/31/2015,,Full-Time,Active
E01913  ,Kelly Jones,kelly.jones@northwindmaterials.com,IT Support Specialist,Information Technology,E00098,"Cleveland, OH, USA",42381,,Full-Time,Active
E1914,Corey Swanson,corey.swanson@northwindmaterials.com,Systems Administrator,Information Technology,E00154,"Detroit, MI, USA",07/15/2017,2026-07-14,Full-Time,Active
1915,Tony Rivera,tony.rivera@northwindmaterials.com,Compliance Analyst,Legal,E00085,"Pune, India",08/31/2021,,Full-Time,Active
E01916,David Rios,david.rios@northwindmaterials.com,QA Analyst,Quality Assurance,E00073,"Cleveland, OH, USA",2024-06-13,,Full-Time,Active
E1917,Craig Harvey,craig.harvey@northwindmaterials.com,Software Engineer,Engineering,E00045,"Pune, India",46089,,Full-Time,Active
1918,Rachel Stewart,rachel.stewart@northwindmaterials.com,AP Specialist,Finance,E00164,"Pune, India",44816,,Full-Time,Active
E1919,Shannon Jensen,shannon.jensen@northwindmaterials.com,Supply Chain Analyst,Supply Chain,E00082,"Detroit, MI, USA",08/27/2021,,Full-Time,Active
E1920,Kevin Silva,kevin.silva@northwindmaterials.com,Plant Technician,Manufacturing,E00106,"Atlanta, GA, USA",2017-12-09,,Full-Time,Active
E01921  ,Ariana Diaz,ariana.diaz@northwindmaterials.com,Supply Chain Analyst,Supply Chain,E00066,"Chennai, India",12/24/2017,,Full-Time,Active
1922,Leslie Patterson,leslie.patterson@northwindmaterials.com,Customer Success Associate,Customer Success,E00058,"Houston, TX, USA",45732,,Full-Time,Active
E01923  ,Adam Sanchez,adam.sanchez@northwindmaterials.com,Procurement Specialist,Supply Chain,E00082,"Cleveland, OH, USA",44414,2025-11-13,Full-Time,Active
E1924,Jeffrey Singh,jeffrey.singh@northwindmaterials.com,Customer Success Associate,Customer Success,E00167,"Houston, TX, USA",44695,,Full-Time,Active
E1925,Ryan Larsen,ryan.larsen@northwindmaterials.com,QA Analyst,Quality Assurance,E00185,"Atlanta, GA, USA",03/15/2021,,Full-Time,Active
E01926  ,Dennis Quinn,dennis.quinn@northwindmaterials.com,Procurement Specialist,Supply Chain,E00092,"Chennai, India",12/12/2022,,Full-Time,Active
E1927,Natalie Ford,natalie.ford@northwindmaterials.com,QA Engineer,Engineering,E00139,"Chennai, India",11/09/2014,,Full-Time,Active
1928,Michael Torres,michael.torres@northwindmaterials.com,Support Specialist,Customer Success,E00077,"Detroit, MI, USA",46126,,Full-Time,Active
E1929,Andrea Thompson,andrea.thompson@northwindmaterials.com,Support Specialist,Customer Success,E00167,"Pune, India",12/01/2017,2025-09-13,Full-Time,Active
E01930  ,Catherine Wilkinson,catherine.wilkinson@northwindmaterials.com,Supply Chain Analyst,Supply Chain,E00118,"Cleveland, OH, USA",42355,,Full-Time,Active
E1931,Michele Taylor,michele.taylor@northwindmaterials.com,HR Generalist,Human Resources,E00188,"Pune, India",43830,,Full-Time,Active
E01932,Amanda Baker,amanda.baker@northwindmaterials.com,Accountant,Finance,E00132,"Chennai, India",2026-01-18,,Full-Time,Active
1933,Olivia Jones,olivia.jones@northwindmaterials.com,Support Specialist,Customer Success,E00162,"Pune, India",11/25/2015,,Full-Time,Active
E1934,Charles Smith,charles.smith@northwindmaterials.com,Senior Software Engineer,Engineering,E00184,"Detroit, MI, USA",02/21/2024,,Full-Time,Active
E1935,William Johnson,william.johnson@northwindmaterials.com,Quality Inspector,Quality Assurance,E00178,"Atlanta, GA, USA",2022-05-21,,Full-Time,Active
E01936,Bonnie Sullivan,bonnie.sullivan@northwindmaterials.com,Supply Chain Analyst,Supply Chain,E00118,"Pune, India",43486,,Full-Time,Active
E1937,Brittany Escobar,brittany.escobar@northwindmaterials.com,Recruiter,Human Resources,E00136,"Detroit, MI, USA",03/03/2019,,Full-Time,Active
1938,Andrea Stephens,andrea.stephens@northwindmaterials.com,Line Supervisor,Manufacturing,E00172,"Chennai, India",03/10/2019,,Full-Time,Active
E01939  ,Yolanda Kennedy,yolanda.kennedy@northwindmaterials.com,Software Engineer,Engineering,E00090,"Pune, India",42446,,Full-Time,Active
1940,Kimberly Diaz,kimberly.diaz@northwindmaterials.com,HR Coordinator,Human Resources,E00136,"Cleveland, OH, USA",2022-05-02,,Full-Time,Active
E1941,Jeffrey Barton,jeffrey.barton@northwindmaterials.com,AP Specialist,Finance,E00125,"Detroit, MI, USA",2018-12-03,,Full-Time,Active
E1942,Jessica Carter,jessica.carter@northwindmaterials.com,Accountant,Finance,E00180,"Cleveland, OH, USA",45783,,Full-Time,Active
1943,Steven Dixon,steven.dixon@northwindmaterials.com,Supply Chain Analyst,Supply Chain,E00177,"Pune, India",2025-02-26,,Full-Time,Active
E1944,Randy Shaw,randy.shaw@northwindmaterials.com,Supply Chain Analyst,Supply Chain,E00082,"Houston, TX, USA",44598,,Full-Time,Active
1945,Elaine Charles,elaine.charles@northwindmaterials.com,AP Specialist,Finance,E00147,"Houston, TX, USA",44635,,Full-Time,Active
E01946  ,Lindsay Mendez,lindsay.mendez@northwindmaterials.com,Customer Success Associate,Customer Success,E00071,"Pune, India",05/24/2021,,Full-Time,Active
E01947  ,Gabriel Palmer,gabriel.palmer@northwindmaterials.com,Customer Success Associate,Customer Success,E00060,"Cleveland, OH, USA",01/24/2024,,Full-Time,Active
E01948  ,Sean White,sean.white@northwindmaterials.com,Customer Success Associate,Customer Success,E00088,"Cleveland, OH, USA",01/17/2022,,Full-Time,Active
E01949  ,Stacy Hopkins,stacy.hopkins@northwindmaterials.com,QA Analyst,Quality Assurance,E00070,"Cleveland, OH, USA",04/25/2018,,Full-Time,Active
E01950,Tammy Fitzgerald,tammy.fitzgerald@northwindmaterials.com,Paralegal,Legal,E00068,"Pune, India",42744,,Full-Time,Active
E1951,Timothy Howard,timothy.howard@northwindmaterials.com,Support Specialist,Customer Success,E00142,"Pune, India",11/11/2024,,Full-Time,Active
1952,Jeffery Freeman,jeffery.freeman@northwindmaterials.com,Financial Analyst,Finance,E00108,"Houston, TX, USA",08/15/2015,,Full-Time,Active
1953,Bryan Wood,bryan.wood@northwindmaterials.com,Quality Inspector,Quality Assurance,E00099,"Detroit, MI, USA",10/18/2025,,Full-Time,Active
E1954,Brad Clark,brad.clark@northwindmaterials.com,Supply Chain Analyst,Supply Chain,E00096,"Detroit, MI, USA",08/06/2019,,Full-Time,Active
E01955,Rebecca Ward,rebecca.ward@northwindmaterials.com,Customer Success Associate,Customer Success,E00162,"Houston, TX, USA",2014-10-04,,Full-Time,Active
E01956  ,Terry Gibson,terry.gibson@northwindmaterials.com,QA Analyst,Quality Assurance,E00185,"Houston, TX, USA",43713,,Full-Time,Active
E1957,Brandon Hooper,brandon.hooper@northwindmaterials.com,QA Engineer,Engineering,E00057,"Pune, India",43772,2026-08-18,Full-Time,Active
E01958,Mario Padilla,mario.padilla@northwindmaterials.com,Network Engineer,Information Technology,E00053,"Detroit, MI, USA",02/19/2025,,Full-Time,Active
E01959,Adrienne Gallegos,adrienne.gallegos@northwindmaterials.com,Financial Analyst,Finance,E00120,"Cleveland, OH, USA",2019-06-16,,Full-Time,Active
E01960  ,Mary Baker,mary.baker@northwindmaterials.com,Quality Inspector,Quality Assurance,E00175,"Detroit, MI, USA",2020-01-14,,Full-Time,Active
E01961,Amy Thompson,amy.thompson@northwindmaterials.com,Support Specialist,Customer Success,E00102,"Cleveland, OH, USA",45824,,Full-Time,Active
1962,Desiree Diaz,desiree.diaz@northwindmaterials.com,Procurement Specialist,Supply Chain,E00092,"Pune, India",2022-02-09,,Full-Time,Active
E1963,Denise Houston,denise.houston@northwindmaterials.com,Support Specialist,Customer Success,E00088,"Chennai, India",44965,,Full-Time,Active
E01964  ,Zachary Bennett,zachary.bennett@northwindmaterials.com,QA Analyst,Quality Assurance,E00070,"Chennai, India",04/12/2019,,Full-Time,Active
1965,Rebecca Black,rebecca.black@northwindmaterials.com,Compliance Analyst,Legal,E00160,"Detroit, MI, USA",08/27/2023,,Full-Time,Active
1966,Michael Parrish,michael.parrish@northwindmaterials.com,Paralegal,Legal,,"Pune, India",10/22/2018,,Full-Time,Active
E01967,Tommy Olson,tommy.olson@northwindmaterials.com,QA Engineer,Engineering,E00145,"Chennai, India",2014-10-29,,Full-Time,Active
E1968,Cassandra Shaw,cassandra.shaw@northwindmaterials.com,Network Engineer,Information Technology,E00083,"Pune, India",44858,,Full-Time,Active
E01969  ,Don Martin,don.martin@northwindmaterials.com,Accountant,Finance,E00156,"Houston, TX, USA",2014-11-24,,Full-Time,Active
E01970  ,Chris Schneider,chris.schneider@northwindmaterials.com,QA Engineer,Engineering,E00183,"Houston, TX, USA",04/30/2016,2025-10-15,Full-Time,Active
E01971  ,Jason Lopez,jason.lopez@northwindmaterials.com,AP Specialist,Finance,E00148,"Atlanta, GA, USA",09/13/2022,2026-05-10,Full-Time,Terminated
E01972,Michael Love,michael.love@northwindmaterials.com,AP Specialist,Finance,E00125,"Cleveland, OH, USA",2015-05-07,,Full-Time,Active
1973,David Hall,david.hall@northwindmaterials.com,Procurement Specialist,Supply Chain,E00187,"Atlanta, GA, USA",42829,,Full-Time,Active
E01974,Lisa Cortez,lisa.cortez@northwindmaterials.com,QA Engineer,Engineering,E00183,"Houston, TX, USA",2017-11-13,,Full-Time,Active
E01975,Timothy Mendoza,timothy.mendoza@northwindmaterials.com,Logistics Coordinator,Operations,E00158,"Atlanta, GA, USA",44266,2026-02-10,Full-Time,Active
E1976,Jason Martin,jason.martin@northwindmaterials.com,Paralegal,Legal,E00043,"Houston, TX, USA",07/20/2024,,Full-Time,Active
E01977  ,Martha Johnson,martha.johnson@northwindmaterials.com,Plant Technician,Manufacturing,E00047,"Houston, TX, USA",2019-01-13,,Full-Time,Active
E1978,Bradley Berry,bradley.berry@northwindmaterials.com,Accountant,Finance,E00044,"Cleveland, OH, USA",09/30/2022,,Full-Time,Active
E1979,Evan Soto,evan.soto@northwindmaterials.com,QA Analyst,Quality Assurance,E00097,"Detroit, MI, USA",2015-08-29,,Full-Time,Active
E1980,Benjamin Armstrong,benjamin.armstrong@northwindmaterials.com,Customer Success Associate,Customer Success,E00113,"Detroit, MI, USA",42129,,Full-Time,Active
1981,Brian Scott,brian.scott@northwindmaterials.com,Supply Chain Analyst,Supply Chain,E00052,"Houston, TX, USA",2019-02-21,,Full-Time,Active
E1982,Hector Mullen,hector.mullen@northwindmaterials.com,Procurement Specialist,Supply Chain,E00082,"Houston, TX, USA",43506,,Full-Time,Active
E01983,Carol Elliott,carol.elliott@northwindmaterials.com,HR Coordinator,Human Resources,E00136,"Cleveland, OH, USA",44213,,Full-Time,Active
E01984,Andrew Ball,andrew.ball@northwindmaterials.com,Support Specialist,Customer Success,E00102,"Houston, TX, USA",07/31/2018,,Full-Time,Active
E1985,Dorothy Campbell,dorothy.campbell@northwindmaterials.com,Supply Chain Analyst,Supply Chain,,"Pune, India",08/02/2019,,Full-Time,Active
E01986  ,Christopher Cole,christopher.cole@northwindmaterials.com,Network Engineer,Information Technology,E00098,"Detroit, MI, USA",07/20/2020,,Full-Time,Active
1987,Victoria Dillon,victoria.dillon@northwindmaterials.com,Supply Chain Analyst,Supply Chain,E00126,"Cleveland, OH, USA",08/01/2018,,Full-Time,Active
E1988,George Greer,george.greer@northwindmaterials.com,Customer Success Associate,Customer Success,E00167,"Pune, India",44669,,Full-Time,Active
1989,Carolyn Norton,carolyn.norton@northwindmaterials.com,Procurement Specialist,Supply Chain,E00119,"Chennai, India",43900,,Full-Time,Active
E01990  ,Lori White,lori.white@northwindmaterials.com,Supply Chain Analyst,Supply Chain,E00190,"Detroit, MI, USA",43348,,Full-Time,Active
E01991,Donna Baker,donna.baker@northwindmaterials.com,QA Engineer,Engineering,E00057,"Houston, TX, USA",2019-01-26,,Full-Time,Active
E01992,Jennifer Cooper,jennifer.cooper@northwindmaterials.com,Systems Administrator,Information Technology,E00154,"Detroit, MI, USA",02/27/2015,,Full-Time,Active
E01993,Shawn Garza,shawn.garza@northwindmaterials.com,Paralegal,Legal,E00101,"Chennai, India",08/16/2018,2025-07-18,Full-Time,Terminated
E01994,Jerry Cruz,jerry.cruz@northwindmaterials.com,Procurement Specialist,Supply Chain,E00140,"Houston, TX, USA",2020-07-18,,Full-Time,Active
E1995,Daniel Harris,daniel.harris@northwindmaterials.com,Procurement Specialist,Supply Chain,E00177,"Houston, TX, USA",12/10/2016,,Full-Time,Active
1996,Michele Gordon,michele.gordon@northwindmaterials.com,Senior Software Engineer,Engineering,E00181,"Houston, TX, USA",2015-02-22,,Full-Time,Active
E01997  ,Robert Hernandez,robert.hernandez@northwindmaterials.com,Senior Software Engineer,Engineering,E00171,"Cleveland, OH, USA",10/02/2017,,Full-Time,Active
E01998,Cole Alvarez,cole.alvarez@northwindmaterials.com,Compliance Analyst,Legal,E00055,"Atlanta, GA, USA",44990,,Full-Time,Active
E1999,Christina Williams,christina.williams@northwindmaterials.com,Procurement Specialist,Supply Chain,E00190,"Cleveland, OH, USA",42795,,Full-Time,Active
E2000,Kristen Gordon,kristen.gordon@northwindmaterials.com,QA Engineer,Engineering,E00153,"Atlanta, GA, USA",04/07/2022,,Full-Time,Active
E02001  ,David Olson,david.olson@northwindmaterials.com,Customer Success Associate,Customer Success,E00080,"Houston, TX, USA",43608,,Full-Time,Active
E02002,David Munoz,david.munoz@northwindmaterials.com,Accountant,Finance,E00064,"Pune, India",07/08/2021,2025-05-05,Full-Time,Terminated
E02003,Maria Prince,maria.prince@northwindmaterials.com,Compliance Analyst,Legal,,"Houston, TX, USA",2024-11-27,,Full-Time,Active
E2004,Kimberly Banks,kimberly.banks@northwindmaterials.com,Accountant,Finance,E00064,"Pune, India",43853,,Full-Time,Active
E2005,Alexa Wood,alexa.wood@northwindmaterials.com,Network Engineer,Information Technology,,"Cleveland, OH, USA",2022-12-19,,Full-Time,Active
E02006  ,Bradley Moreno,bradley.moreno@northwindmaterials.com,Support Specialist,Customer Success,E00077,"Pune, India",44936,2024-10-03,Full-Time,Active
E02007  ,Jerome Lang,jerome.lang@northwindmaterials.com,Supply Chain Analyst,Supply Chain,E00093,"Atlanta, GA, USA",2018-07-08,,Full-Time,Active
E02008  ,Kristine James,kristine.james@northwindmaterials.com,IT Support Specialist,Information Technology,E00189,"Pune, India",46202,,Full-Time,Active
E02009,Brianna Figueroa,brianna.figueroa@northwindmaterials.com,Procurement Specialist,Supply Chain,E00177,"Cleveland, OH, USA",2024-05-27,,Full-Time,Active
2010,Kathleen Horton,kathleen.horton@northwindmaterials.com,Supply Chain Analyst,Supply Chain,E00061,"Atlanta, GA, USA",42421,,Full-Time,Active
E2011,Connor Anderson,connor.anderson@northwindmaterials.com,AP Specialist,Finance,E00125,"Pune, India",2017-05-01,,Full-Time,Active
E02012  ,Thomas Hall,thomas.hall@northwindmaterials.com,IT Support Specialist,Information Technology,E00065,"Chennai, India",43069,,Full-Time,Active
E02013,Michele Campbell,michele.campbell@northwindmaterials.com,Accountant,Finance,E00148,"Houston, TX, USA",42957,2025-03-19,Full-Time,Active
E2014,Nancy Ortiz,nancy.ortiz@northwindmaterials.com,Financial Analyst,Finance,E00132,"Houston, TX, USA",12/05/2018,2026-02-15,Full-Time,Active
E2015,Jacob Fletcher,jacob.fletcher@northwindmaterials.com,AP Specialist,Finance,E00131,"Chennai, India",43456,2025-06-25,Full-Time,Active
E02016  ,Kristine Lane,kristine.lane@northwindmaterials.com,QA Engineer,Engineering,E00049,"Cleveland, OH, USA",46248,,Full-Time,Active
E02017,David Smith,david.smith@northwindmaterials.com,AP Specialist,Finance,E00132,"Atlanta, GA, USA",44984,,Full-Time,Active
E02018  ,Diamond Watts,diamond.watts@northwindmaterials.com,Support Specialist,Customer Success,E00080,"Detroit, MI, USA",2023-01-25,,Full-Time,Active
E2019,Leslie Cox,leslie.cox@northwindmaterials.com,Customer Success Associate,Customer Success,E00102,"Chennai, India",10/21/2021,,Full-Time,Active
2020,Eric Pearson,eric.pearson@northwindmaterials.com,Quality Inspector,Quality Assurance,E00138,"Chennai, India",45404,,Full-Time,Active
E2021,Jon Wyatt,jon.wyatt@northwindmaterials.com,Financial Analyst,Finance,E00064,"Chennai, India",2020-02-28,,Full-Time,Active
E02022,Rodney Diaz,rodney.diaz@northwindmaterials.com,Financial Analyst,Finance,E00056,"Pune, India",42264,,Full-Time,Active
E2023,Joshua Becker,joshua.becker@northwindmaterials.com,Support Specialist,Customer Success,E00080,"Detroit, MI, USA",12/01/2018,,Full-Time,Active
E2024,Kari Gutierrez,kari.gutierrez@northwindmaterials.com,Operations Analyst,Operations,E00130,"Houston, TX, USA",04/09/2021,,Full-Time,Active
E2025,Kristen Olson,kristen.olson@northwindmaterials.com,Logistics Coordinator,Operations,E00158,"Detroit, MI, USA",2018-01-03,,Full-Time,Active
E2026,Mitchell Peters,mitchell.peters@northwindmaterials.com,Senior Software Engineer,Engineering,E00127,"Chennai, India",44570,,Full-Time,Active
E02027,Jon Parker,jon.parker@northwindmaterials.com,Financial Analyst,Finance,E00180,"Cleveland, OH, USA",03/20/2020,,Full-Time,Active
E2028,Maxwell Thornton,maxwell.thornton@northwindmaterials.com,Supply Chain Analyst,Supply Chain,E00182,"Pune, India",42322,,Full-Time,Active
E02029  ,Jill Wyatt,jill.wyatt@northwindmaterials.com,Quality Inspector,Quality Assurance,E00166,"Chennai, India",12/15/2020,,Full-Time,Active
E2030,Donna Adkins,donna.adkins@northwindmaterials.com,Line Supervisor,Manufacturing,E00047,"Pune, India",2017-07-05,,Full-Time,Active
E02031,Sean Lyons,sean.lyons@northwindmaterials.com,Procurement Specialist,Supply Chain,E00177,"Houston, TX, USA",46049,,Full-Time,Active
E2032,Evan Lewis,evan.lewis@northwindmaterials.com,Financial Analyst,Finance,E00086,"Houston, TX, USA",45891,,Full-Time,Active
2033,Richard Morgan,richard.morgan@northwindmaterials.com,Supply Chain Analyst,Supply Chain,E00094,"Detroit, MI, USA",2019-05-15,,Full-Time,Active
E2034,Andrea Terry,andrea.terry@northwindmaterials.com,Customer Success Associate,Customer Success,E00162,"Detroit, MI, USA",07/01/2016,,Full-Time,Active
E2035,Jasmine Martin,jasmine.martin@northwindmaterials.com,Support Specialist,Customer Success,E00142,"Chennai, India",2025-03-25,,Full-Time,Active
E2036,Tamara Smith,tamara.smith@northwindmaterials.com,Quality Inspector,Quality Assurance,E00135,"Detroit, MI, USA",42417,,Full-Time,Active
E02037,Christopher Thomas,christopher.thomas@northwindmaterials.com,DevOps Engineer,Engineering,E00117,"Cleveland, OH, USA",43257,,Full-Time,Active
E02038,Sara Graham,sara.graham@northwindmaterials.com,Procurement Specialist,Supply Chain,E00140,"Houston, TX, USA",01/30/2026,,Full-Time,Active
E2039,Caleb Walker,caleb.walker@northwindmaterials.com,Customer Success Associate,Customer Success,E00167,"Cleveland, OH, USA",05/19/2023,,Full-Time,Active
2040,Christopher Johnson,christopher.johnson@northwindmaterials.com,Supply Chain Analyst,Supply Chain,E00093,"Pune, India",46057,,Full-Time,Active
E02041  ,Patrick Joyce,patrick.joyce@northwindmaterials.com,Software Engineer,Engineering,E00048,"Cleveland, OH, USA",2023-01-25,,Full-Time,Active
E02042  ,Christina Meyer,christina.meyer@northwindmaterials.com,QA Analyst,Quality Assurance,E00178,"Houston, TX, USA",45970,,Full-Time,Active
E02043  ,Jennifer Harper,jennifer.harper@northwindmaterials.com,Accountant,Finance,E00168,"Chennai, India",46136,2025-11-26,Full-Time,Active
E2044,Sonya Wilkins,sonya.wilkins@northwindmaterials.com,IT Support Specialist,Information Technology,E00083,"Houston, TX, USA",02/01/2025,,Full-Time,Active
E02045,Danielle Gonzales,danielle.gonzales@northwindmaterials.com,Support Specialist,Customer Success,E00133,"Chennai, India",43352,,Full-Time,Active
E2046,James Sandoval,james.sandoval@northwindmaterials.com,Financial Analyst,Finance,E00120,"Pune, India",11/22/2021,,Full-Time,Active
E02047,Linda Mitchell,linda.mitchell@northwindmaterials.com,Customer Success Associate,Customer Success,E00113,"Chennai, India",44948,,Full-Time,Active
E2048,Arthur Greene,arthur.greene@northwindmaterials.com,Accountant,Finance,E00108,"Detroit, MI, USA",06/17/2026,,Full-Time,Active
E02049,Zachary Hall,zachary.hall@northwindmaterials.com,QA Analyst,Quality Assurance,E00185,"Cleveland, OH, USA",45845,,Full-Time,Active
E02050  ,Gavin Johnson,gavin.johnson@northwindmaterials.com,Accountant,Finance,E00081,"Atlanta, GA, USA",45939,,Full-Time,Active
E02051,John Smith,john.smith@northwindmaterials.com,Paralegal,Legal,E00078,"Chennai, India",04/20/2025,2025-06-28,Full-Time,Active
E2052,Eric Shea,eric.shea@northwindmaterials.com,Procurement Specialist,Supply Chain,E00140,"Atlanta, GA, USA",2020-09-10,,Full-Time,Active
E2053,Kimberly Gomez,kimberly.gomez@northwindmaterials.com,Paralegal,Legal,E00104,"Atlanta, GA, USA",09/01/2023,,Full-Time,Active
E02054  ,Randall Willis,randall.willis@northwindmaterials.com,Supply Chain Analyst,Supply Chain,E00122,"Atlanta, GA, USA",2015-06-30,,Full-Time,Active
E2055,April Mclaughlin,april.mclaughlin@northwindmaterials.com,Senior Software Engineer,Engineering,E00181,"Cleveland, OH, USA",04/28/2019,,Full-Time,Active
E02056,Casey Davis,casey.davis@northwindmaterials.com,Paralegal,Legal,E00078,"Cleveland, OH, USA",43684,,Full-Time,Active
2057,Justin Gallegos,justin.gallegos@northwindmaterials.com,Procurement Specialist,Supply Chain,E00122,"Atlanta, GA, USA",2019-03-24,,Full-Time,Active
E2058,Robyn Bailey,robyn.bailey@northwindmaterials.com,Customer Success Associate,Customer Success,E00080,"Houston, TX, USA",10/24/2024,,Full-Time,Active
E2059,Sylvia Hill,sylvia.hill@northwindmaterials.com,Customer Success Associate,Customer Success,E00060,"Cleveland, OH, USA",12/07/2019,,Full-Time,Active
E2060,Catherine Lee,catherine.lee@northwindmaterials.com,IT Support Specialist,Information Technology,E00124,"Chennai, India",07/22/2023,,Full-Time,Active
E2061,Sarah Andrews,sarah.andrews@northwindmaterials.com,Logistics Coordinator,Operations,E00050,"Atlanta, GA, USA",07/30/2019,,Full-Time,Active
E02062,Jose Russell,jose.russell@northwindmaterials.com,Accountant,Finance,E00148,"Atlanta, GA, USA",2021-07-15,,Full-Time,Active
2063,Daniel Jones,daniel.jones@northwindmaterials.com,Customer Success Associate,Customer Success,E00113,"Cleveland, OH, USA",03/16/2024,2026-01-28,Full-Time,Terminated
2064,Kelly Arroyo,kelly.arroyo@northwindmaterials.com,Quality Inspector,Quality Assurance,E00070,"Cleveland, OH, USA",44975,,Full-Time,Active
E02065,Leah Frye,leah.frye@northwindmaterials.com,QA Engineer,Engineering,E00049,"Pune, India",03/14/2018,,Full-Time,Active
E02066,Nancy Li,nancy.li@northwindmaterials.com,HR Coordinator,Human Resources,E00188,"Cleveland, OH, USA",44950,,Full-Time,Active
2067,Bailey Benson,bailey.benson@northwindmaterials.com,Customer Success Associate,Customer Success,E00102,"Chennai, India",43971,,Full-Time,Active
2068,Tammy Hart,tammy.hart@northwindmaterials.com,QA Engineer,Engineering,E00049,"Detroit, MI, USA",42580,,Full-Time,Active
E2069,Kayla Todd,kayla.todd@northwindmaterials.com,IT Support Specialist,Information Technology,E00165,"Pune, India",2017-09-08,,Full-Time,Active
E2070,Susan Ellis,susan.ellis@northwindmaterials.com,QA Analyst,Quality Assurance,E00163,"Cleveland, OH, USA",42574,2026-08-04,Full-Time,Terminated
2071,Steven Matthews,steven.matthews@northwindmaterials.com,Support Specialist,Customer Success,E00142,"Atlanta, GA, USA",2021-04-17,,Full-Time,Active
E2072,Anthony Wilson,anthony.wilson@northwindmaterials.com,Paralegal,Legal,E00078,"Cleveland, OH, USA",08/23/2024,,Full-Time,Active
E02073  ,Carlos Schultz,carlos.schultz@northwindmaterials.com,Procurement Specialist,Supply Chain,E00100,"Atlanta, GA, USA",04/24/2026,,Full-Time,Active
2074,Virginia Rhodes,virginia.rhodes@northwindmaterials.com,Supply Chain Analyst,Supply Chain,E00046,"Atlanta, GA, USA",07/24/2022,,Full-Time,Active
E2075,Jerry Stewart,jerry.stewart@northwindmaterials.com,Quality Inspector,Quality Assurance,E00099,"Cleveland, OH, USA",43771,,Full-Time,Active
2076,Stephanie Black,stephanie.black@northwindmaterials.com,Procurement Specialist,Supply Chain,E00059,"Atlanta, GA, USA",08/07/2015,,Full-Time,Active
E02077,Alec Collier,alec.collier@northwindmaterials.com,AP Specialist,Finance,E00168,"Houston, TX, USA",45697,,Full-Time,Active
2078,John Davis,john.davis@northwindmaterials.com,Paralegal,Legal,E00160,"Atlanta, GA, USA",2026-03-01,,Full-Time,Active
E2079,Emily Nicholson,emily.nicholson@northwindmaterials.com,Quality Inspector,Quality Assurance,E00146,"Pune, India",2022-03-21,2025-07-20,Full-Time,Terminated
E02080  ,Charles Velazquez,charles.velazquez@northwindmaterials.com,Supply Chain Analyst,Supply Chain,E00140,"Atlanta, GA, USA",03/25/2024,,Full-Time,Active
E02081,Thomas Gomez,thomas.gomez@northwindmaterials.com,Network Engineer,Information Technology,E00189,"Pune, India",10/16/2024,,Full-Time,Active
E2082,Patricia Adams,patricia.adams@northwindmaterials.com,Procurement Specialist,Supply Chain,E00177,"Pune, India",2025-02-28,,Full-Time,Active
E2083,Stacey Vega,stacey.vega@northwindmaterials.com,QA Analyst,Quality Assurance,E00070,"Atlanta, GA, USA",45429,,Full-Time,Active
2084,Renee Porter,renee.porter@northwindmaterials.com,IT Support Specialist,Information Technology,E00053,"Pune, India",2023-11-06,,Full-Time,Active
E02085  ,James Moss,james.moss@northwindmaterials.com,Accountant,Finance,E00180,"Chennai, India",2022-12-01,,Full-Time,Active
2086,Monique Clark,monique.clark@northwindmaterials.com,Network Engineer,Information Technology,E00053,"Atlanta, GA, USA",10/31/2025,,Full-Time,Active
E02087  ,James Wright,james.wright@northwindmaterials.com,Quality Inspector,Quality Assurance,E00175,"Cleveland, OH, USA",44483,,Full-Time,Active
E02088  ,Christine Moore,christine.moore@northwindmaterials.com,DevOps Engineer,Engineering,E00117,"Atlanta, GA, USA",10/18/2020,2026-03-08,Full-Time,Terminated
E02089,Daniel Mora,daniel.mora@northwindmaterials.com,Accountant,Finance,,"Atlanta, GA, USA",45018,,Full-Time,Active
E2090,Emma Alvarado,emma.alvarado@northwindmaterials.com,Compliance Analyst,Legal,E00085,"Houston, TX, USA",03/25/2015,,Full-Time,Active
E2091,Christina Duran,christina.duran@northwindmaterials.com,AP Specialist,Finance,E00056,"Pune, India",43357,,Full-Time,Active
E02092  ,Amber Williams,amber.williams@northwindmaterials.com,Line Supervisor,Manufacturing,E00079,"Chennai, India",07/31/2024,,Full-Time,Active
E02093  ,Timothy Oliver,timothy.oliver@northwindmaterials.com,Operations Analyst,Operations,E00158,"Chennai, India",12/02/2019,,Full-Time,Active
E02094,Travis Galloway,travis.galloway@northwindmaterials.com,Software Engineer,Engineering,E00171,"Cleveland, OH, USA",08/18/2020,,Full-Time,Active
E2095,Penny Melton,penny.melton@northwindmaterials.com,Paralegal,Legal,E00192,"Atlanta, GA, USA",42507,,Full-Time,Active
E02096,Travis Joyce,travis.joyce@northwindmaterials.com,Accountant,Finance,E00148,"Atlanta, GA, USA",2022-09-23,,Full-Time,Active
E02097,Sabrina Ramirez,sabrina.ramirez@northwindmaterials.com,Senior Software Engineer,Engineering,E00049,"Atlanta, GA, USA",07/10/2016,,Full-Time,Active
E2098,Jeffrey Ray,jeffrey.ray@northwindmaterials.com,Supply Chain Analyst,Supply Chain,E00094,"Detroit, MI, USA",44298,,Full-Time,Active
E2099,Brian Lloyd,brian.lloyd@northwindmaterials.com,Recruiter,Human Resources,E00107,"Chennai, India",12/05/2025,,Full-Time,Active
E2100,Timothy Fernandez,timothy.fernandez@northwindmaterials.com,Machine Operator,Manufacturing,E00084,"Detroit, MI, USA",03/05/2026,,Full-Time,Active
E2101,Wayne Long,wayne.long@northwindmaterials.com,HR Coordinator,Human Resources,E00072,"Atlanta, GA, USA",2016-06-05,,Full-Time,Active
E2102,Gina Thompson,gina.thompson@northwindmaterials.com,Quality Inspector,Quality Assurance,E00135,"Pune, India",11/15/2020,,Full-Time,Active
E02103  ,Tiffany Wolfe,tiffany.wolfe@northwindmaterials.com,Plant Technician,Manufacturing,E00141,"Atlanta, GA, USA",43751,,Full-Time,Active
E2104,Steve Norris,steve.norris@northwindmaterials.com,DevOps Engineer,Engineering,E00183,"Detroit, MI, USA",42692,,Full-Time,Active
E2105,Alexander Clark,alexander.clark@northwindmaterials.com,Accountant,Finance,E00086,"Pune, India",05/02/2017,,Full-Time,Active
E02106,Bianca Nguyen,bianca.nguyen@northwindmaterials.com,Financial Analyst,Finance,E00081,"Cleveland, OH, USA",04/10/2016,,Full-Time,Active
E02107  ,Chloe Green,chloe.green@northwindmaterials.com,Customer Success Associate,Customer Success,E00088,"Atlanta, GA, USA",44837,,Full-Time,Active
E2108,Amy Young,amy.young@northwindmaterials.com,QA Engineer,Engineering,E00121,"Chennai, India",42199,,Full-Time,Active
E02109  ,Thomas Austin,thomas.austin@northwindmaterials.com,Supply Chain Analyst,Supply Chain,E00157,"Chennai, India",2019-03-02,,Full-Time,Active
E2110,Michael Jimenez,michael.jimenez@northwindmaterials.com,Software Engineer,Engineering,E00089,"Cleveland, OH, USA",02/28/2022,,Full-Time,Active
E2111,Jason Haynes,jason.haynes@northwindmaterials.com,Procurement Specialist,Supply Chain,E00094,"Pune, India",01/31/2019,,Full-Time,Active
E2112,Nathan Dickerson,nathan.dickerson@northwindmaterials.com,HR Generalist,Human Resources,E00107,"Atlanta, GA, USA",01/22/2022,,Full-Time,Active
E02113  ,Joshua White,joshua.white@northwindmaterials.com,Logistics Coordinator,Operations,E00170,"Pune, India",2020-04-13,,Full-Time,Active
2114,David Johnston,david.johnston@northwindmaterials.com,AP Specialist,Finance,E00044,"Atlanta, GA, USA",44365,,Full-Time,Active
E02115  ,Jeremy Garcia,jeremy.garcia@northwindmaterials.com,Financial Analyst,Finance,E00103,"Pune, India",44134,,Full-Time,Active
E02116  ,Joseph Young,joseph.young@northwindmaterials.com,Accountant,Finance,E00164,"Atlanta, GA, USA",2018-12-13,,Full-Time,Active
E2117,Ryan James,ryan.james@northwindmaterials.com,Financial Analyst,Finance,E00156,"Pune, India",10/07/2017,,Full-Time,Active
E02118  ,Dustin Haley,dustin.haley@northwindmaterials.com,Financial Analyst,Finance,E00044,"Pune, India",44025,,Full-Time,Active
E2119,Edward Shaffer,edward.shaffer@northwindmaterials.com,Customer Success Associate,Customer Success,E00114,"Detroit, MI, USA",2014-11-12,,Full-Time,Active
2120,Gregory Porter,gregory.porter@northwindmaterials.com,Senior Software Engineer,Engineering,E00090,"Detroit, MI, USA",44339,,Full-Time,Active
E2121,Wendy Atkinson,wendy.atkinson@northwindmaterials.com,Financial Analyst,Finance,E00132,"Cleveland, OH, USA",44194,,Full-Time,Active
E2122,Zachary Le,zachary.le@northwindmaterials.com,Production Associate,Manufacturing,E00051,"Houston, TX, USA",2022-06-13,,Full-Time,Active
E02123,Kristen Evans,kristen.evans@northwindmaterials.com,IT Support Specialist,Information Technology,E00065,"Detroit, MI, USA",2023-09-25,,Full-Time,Active
E2124,Anna Bradley,anna.bradley@northwindmaterials.com,Procurement Specialist,Supply Chain,E00149,"Cleveland, OH, USA",45209,2026-06-11,Full-Time,Terminated
2125,Raymond Vaughn,raymond.vaughn@northwindmaterials.com,Plant Technician,Manufacturing,E00115,"Atlanta, GA, USA",41983,,Full-Time,Active
2126,Brian Cervantes,brian.cervantes@northwindmaterials.com,Supply Chain Analyst,Supply Chain,E00191,"Detroit, MI, USA",2025-04-05,,Full-Time,Active
E2127,Thomas Soto,thomas.soto@northwindmaterials.com,Supply Chain Analyst,Supply Chain,,"Houston, TX, USA",46085,,Full-Time,Active
E2128,Shannon Cook,shannon.cook@northwindmaterials.com,Supply Chain Analyst,Supply Chain,E00137,"Detroit, MI, USA",2018-01-08,,Full-Time,Active
E02129  ,Michael Castro,michael.castro@northwindmaterials.com,Quality Inspector,Quality Assurance,E00152,"Houston, TX, USA",08/04/2023,,Full-Time,Active
E2130,Sarah Scott,sarah.scott@northwindmaterials.com,Quality Inspector,Quality Assurance,E00163,"Detroit, MI, USA",2019-10-12,,Full-Time,Active
E2131,Andrew Martinez,andrew.martinez@northwindmaterials.com,Support Specialist,Customer Success,E00113,"Pune, India",2019-10-06,,Full-Time,Active
E02132  ,Michelle Mccarty,michelle.mccarty@northwindmaterials.com,AP Specialist,Finance,E00148,"Cleveland, OH, USA",43605,,Full-Time,Active
E02133,James Johnston,james.johnston@northwindmaterials.com,Procurement Specialist,Supply Chain,E00096,"Detroit, MI, USA",04/25/2025,,Full-Time,Active
E2134,Debra Thompson,debra.thompson@northwindmaterials.com,Network Engineer,Information Technology,E00189,"Chennai, India",43800,2024-10-01,Full-Time,Active
E2135,Kimberly Kelly,kimberly.kelly@northwindmaterials.com,Quality Inspector,Quality Assurance,E00178,"Atlanta, GA, USA",03/30/2026,,Full-Time,Active
E2136,Emily Freeman,emily.freeman@northwindmaterials.com,Systems Administrator,Information Technology,E00116,"Pune, India",2025-03-09,2024-12-09,Full-Time,Active
E02137,Jill Preston,jill.preston@northwindmaterials.com,Systems Administrator,Information Technology,E00124,"Pune, India",2025-01-08,,Full-Time,Active
E02138,Patrick Mitchell,patrick.mitchell@northwindmaterials.com,Supply Chain Analyst,Supply Chain,E00190,"Cleveland, OH, USA",2022-04-25,,Full-Time,Active
E02139,Crystal Thomas,crystal.thomas@northwindmaterials.com,Supply Chain Analyst,Supply Chain,E00187,"Pune, India",2016-08-07,,Full-Time,Active
E2140,Gary Morton,gary.morton@northwindmaterials.com,Logistics Coordinator,Operations,E00170,"Cleveland, OH, USA",44450,,Full-Time,Active
E02141  ,Matthew Welch,matthew.welch@northwindmaterials.com,Support Specialist,Customer Success,E00102,"Cleveland, OH, USA",2018-11-20,,Full-Time,Active
E02142  ,Ashley Sweeney,ashley.sweeney@northwindmaterials.com,Paralegal,Legal,E00043,"Detroit, MI, USA",04/16/2024,,Full-Time,Active
2143,Charles Martin,charles.martin@northwindmaterials.com,Customer Success Associate,Customer Success,E00162,"Chennai, India",45307,,Full-Time,Active
E2144,Jeremy Stewart,jeremy.stewart@northwindmaterials.com,Supply Chain Analyst,Supply Chain,E00096,"Atlanta, GA, USA",43602,,Full-Time,Active
E02145,Kelly Adams,kelly.adams@northwindmaterials.com,Supply Chain Analyst,Supply Chain,E00054,"Houston, TX, USA",2024-07-06,,Full-Time,Active
E02146,Deanna Nelson,deanna.nelson@northwindmaterials.com,Quality Inspector,Quality Assurance,E00186,"Detroit, MI, USA",45572,,Full-Time,Active
E2147,Sean Roy,sean.roy@northwindmaterials.com,Supply Chain Analyst,Supply Chain,E00094,"Houston, TX, USA",42132,,Full-Time,Active
E02148  ,Michael Matthews,michael.matthews@northwindmaterials.com,Support Specialist,Customer Success,E00060,"Houston, TX, USA",01/29/2023,,Full-Time,Active
E2149,Tammy Gutierrez,tammy.gutierrez@northwindmaterials.com,Production Associate,Manufacturing,E00172,"Detroit, MI, USA",10/16/2017,,Full-Time,Active
E02150,Ivan Johnson,ivan.johnson@northwindmaterials.com,HR Coordinator,Human Resources,E00072,"Houston, TX, USA",42937,,Full-Time,Active
2151,Jessica Stanley,jessica.stanley@northwindmaterials.com,Logistics Coordinator,Operations,E00130,"Chennai, India",07/12/2021,2025-08-15,Full-Time,Active
E2152,Shelby Haynes,shelby.haynes@northwindmaterials.com,HR Coordinator,Human Resources,E00188,"Detroit, MI, USA",11/22/2014,,Full-Time,Active
E02153  ,Christopher Jackson,christopher.jackson@northwindmaterials.com,Quality Inspector,Quality Assurance,E00087,"Houston, TX, USA",11/19/2025,,Full-Time,Active
E02154  ,Dakota Brown,dakota.brown@northwindmaterials.com,Compliance Analyst,Legal,E00129,"Atlanta, GA, USA",08/18/2022,,Full-Time,Active
2155,Natasha Kelley,natasha.kelley@northwindmaterials.com,Procurement Specialist,Supply Chain,E00052,"Atlanta, GA, USA",04/18/2022,,Full-Time,Active
E02156  ,Anthony Sanders,anthony.sanders@northwindmaterials.com,Supply Chain Analyst,Supply Chain,E00082,"Pune, India",2019-09-25,,Full-Time,Active
2157,Kathy Miller,kathy.miller@northwindmaterials.com,DevOps Engineer,Engineering,E00128,"Atlanta, GA, USA",01/28/2024,,Full-Time,Active
E02158  ,Jose Moore,jose.moore@northwindmaterials.com,QA Engineer,Engineering,E00057,"Pune, India",45373,,Full-Time,Active
2159,Diana Mcclure,diana.mcclure@northwindmaterials.com,Paralegal,Legal,E00123,"Cleveland, OH, USA",45190,,Full-Time,Active
E02160,Kyle Wright,kyle.wright@northwindmaterials.com,Supply Chain Analyst,Supply Chain,E00190,"Houston, TX, USA",2021-05-24,,Full-Time,Active
E2161,Justin Sims,justin.sims@northwindmaterials.com,Procurement Specialist,Supply Chain,E00059,"Houston, TX, USA",12/27/2021,,Full-Time,Active
E2162,David Roberson,david.roberson@northwindmaterials.com,Logistics Coordinator,Operations,E00050,"Atlanta, GA, USA",03/13/2015,,Full-Time,Active
E02163  ,Anthony Alvarado,anthony.alvarado@northwindmaterials.com,Quality Inspector,Quality Assurance,E00179,"Pune, India",05/25/2015,,Full-Time,Active
E02164,Michelle Nguyen,michelle.nguyen@northwindmaterials.com,Customer Success Associate,Customer Success,E00142,"Pune, India",2017-10-17,,Full-Time,Active
E2165,Thomas Proctor,thomas.proctor@northwindmaterials.com,Recruiter,Human Resources,E00072,"Chennai, India",2018-02-14,,Full-Time,Active
E02166,Amber Nelson,amber.nelson@northwindmaterials.com,Paralegal,Legal,E00123,"Houston, TX, USA",44591,,Full-Time,Active
2167,Sean Montes,sean.montes@northwindmaterials.com,Financial Analyst,Finance,E00148,"Atlanta, GA, USA",2023-06-11,,Full-Time,Active
E02168,Heidi Thompson,heidi.thompson@northwindmaterials.com,Accountant,Finance,E00103,"Atlanta, GA, USA",03/24/2023,,Full-Time,Active
E02169  ,Carla Welch,carla.welch@northwindmaterials.com,Financial Analyst,Finance,E00120,"Pune, India",2019-04-03,,Full-Time,Active
E2170,Cynthia Elliott,cynthia.elliott@northwindmaterials.com,Financial Analyst,Finance,E00120,"Detroit, MI, USA",2023-06-09,,Full-Time,Active
E2171,Alexandra Fowler,alexandra.fowler@northwindmaterials.com,Quality Inspector,Quality Assurance,E00138,"Cleveland, OH, USA",2016-02-07,,Full-Time,Active
2172,Kyle Reed,kyle.reed@northwindmaterials.com,Supply Chain Analyst,Supply Chain,E00066,"Pune, India",46264,,Full-Time,Active
2173,Amber Ballard,amber.ballard@northwindmaterials.com,DevOps Engineer,Engineering,,"Pune, India",05/05/2023,,Full-Time,Active
E02174  ,Scott Diaz,scott.diaz@northwindmaterials.com,Procurement Specialist,Supply Chain,E00082,"Houston, TX, USA",11/24/2018,,Full-Time,Active
E2175,Jordan Torres,jordan.torres@northwindmaterials.com,QA Analyst,Quality Assurance,E00166,"Houston, TX, USA",45775,,Full-Time,Active
2176,Aaron Ochoa,aaron.ochoa@northwindmaterials.com,Machine Operator,Manufacturing,E00079,"Pune, India",42775,,Full-Time,Active
E2177,Melanie Cooper,melanie.cooper@northwindmaterials.com,Paralegal,Legal,E00076,"Chennai, India",44579,,Full-Time,Active
E2178,Taylor Smith,taylor.smith@northwindmaterials.com,Supply Chain Analyst,Supply Chain,E00052,"Atlanta, GA, USA",10/19/2024,,Full-Time,Active
E2179,Sandra Arroyo,sandra.arroyo@northwindmaterials.com,IT Support Specialist,Information Technology,E00176,"Detroit, MI, USA",2021-07-04,,Full-Time,Active
E02180,Thomas Smith,thomas.smith@northwindmaterials.com,Procurement Specialist,Supply Chain,E00122,"Chennai, India",2016-10-06,,Full-Time,Active
E2181,Russell Carter,russell.carter@northwindmaterials.com,Systems Administrator,Information Technology,E00065,"Atlanta, GA, USA",43290,,Full-Time,Active
E2182,Jerry Smith,jerry.smith@northwindmaterials.com,Procurement Specialist,Supply Chain,E00054,"Pune, India",01/05/2017,,Full-Time,Active
E02183  ,Nathaniel Jenkins,nathaniel.jenkins@northwindmaterials.com,Procurement Specialist,Supply Chain,E00122,"Pune, India",08/29/2018,,Full-Time,Active
E02184  ,Ann Foster,ann.foster@northwindmaterials.com,Procurement Specialist,Supply Chain,E00122,"Houston, TX, USA",05/24/2015,2026-05-09,Full-Time,Active
2185,Frank Mclaughlin,frank.mclaughlin@northwindmaterials.com,Procurement Specialist,Supply Chain,E00094,"Houston, TX, USA",2025-08-19,,Full-Time,Active
2186,Peter Gray,peter.gray@northwindmaterials.com,Support Specialist,Customer Success,E00113,"Atlanta, GA, USA",04/11/2015,,Full-Time,Active
2187,Jose Henderson,jose.henderson@northwindmaterials.com,QA Analyst,Quality Assurance,E00073,"Cleveland, OH, USA",11/11/2018,,Full-Time,Active
E2188,John Duran,john.duran@northwindmaterials.com,Systems Administrator,Information Technology,E00083,"Detroit, MI, USA",02/20/2019,,Full-Time,Active
2189,Renee Aguirre,renee.aguirre@northwindmaterials.com,Procurement Specialist,Supply Chain,E00046,"Cleveland, OH, USA",42455,,Full-Time,Active
2190,Gail Mitchell,gail.mitchell@northwindmaterials.com,QA Engineer,Engineering,E00181,"Pune, India",45047,,Full-Time,Active
2191,Julia Lamb,julia.lamb@northwindmaterials.com,Systems Administrator,Information Technology,E00124,"Cleveland, OH, USA",01/15/2021,,Full-Time,Active
2192,Robert Castaneda,robert.castaneda@northwindmaterials.com,Plant Technician,Manufacturing,E00115,"Cleveland, OH, USA",04/17/2019,,Full-Time,Active
E02193  ,Ian Roberts,ian.roberts@northwindmaterials.com,Supply Chain Analyst,Supply Chain,E00061,"Pune, India",11/26/2019,,Full-Time,Active
E02194,Dana Williamson,dana.williamson@northwindmaterials.com,Compliance Analyst,Legal,E00129,"Detroit, MI, USA",2021-03-15,,Full-Time,Active
E02195,Joseph Dean,joseph.dean@northwindmaterials.com,Paralegal,Legal,E00076,"Atlanta, GA, USA",2026-06-08,,Full-Time,Active
E02196,Jacob Smith,jacob.smith@northwindmaterials.com,Paralegal,Legal,E00055,"Atlanta, GA, USA",03/30/2016,,Full-Time,Active
E2197,Brandon Nichols,brandon.nichols@northwindmaterials.com,Financial Analyst,Finance,E00056,"Atlanta, GA, USA",11/14/2024,,Full-Time,Active
2198,Jacob Garcia,jacob.garcia@northwindmaterials.com,Plant Technician,Manufacturing,E00143,"Chennai, India",2015-12-18,,Full-Time,Active
E2199,Joseph Espinoza,joseph.espinoza@northwindmaterials.com,Supply Chain Analyst,Supply Chain,,"Houston, TX, USA",2022-12-10,,Full-Time,Active
2200,Jessica Hall,jessica.hall@northwindmaterials.com,Senior Software Engineer,Engineering,E00128,"Chennai, India",04/21/2026,,Full-Time,Active
2201,Edward Snyder,edward.snyder@northwindmaterials.com,Quality Inspector,Quality Assurance,E00179,"Atlanta, GA, USA",2014-12-03,2026-06-16,Full-Time,Active
2202,Matthew Collins,matthew.collins@northwindmaterials.com,HR Generalist,Human Resources,E00188,"Detroit, MI, USA",07/12/2018,,Full-Time,Active
E02203,Lauren Bolton,lauren.bolton@northwindmaterials.com,Customer Success Associate,Customer Success,,"Atlanta, GA, USA",01/01/2022,,Full-Time,Active
E02204  ,Steven Moody,steven.moody@northwindmaterials.com,Supply Chain Analyst,Supply Chain,E00122,"Atlanta, GA, USA",45251,,Full-Time,Active
E2205,Mark Bridges,mark.bridges@northwindmaterials.com,Customer Success Associate,Customer Success,E00102,"Cleveland, OH, USA",2023-06-12,,Full-Time,Active
E02206  ,Stephanie Brown,stephanie.brown@northwindmaterials.com,Production Associate,Manufacturing,E00109,"Atlanta, GA, USA",43172,,Full-Time,Active
E02207,Kimberly Jones,kimberly.jones@northwindmaterials.com,QA Engineer,Engineering,E00089,"Houston, TX, USA",02/27/2017,,Full-Time,Active
E2208,Theodore Lee,theodore.lee@northwindmaterials.com,DevOps Engineer,Engineering,E00159,"Detroit, MI, USA",2017-07-27,,Full-Time,Active
E2209,Mckenzie Roth,mckenzie.roth@northwindmaterials.com,Supply Chain Analyst,Supply Chain,,"Detroit, MI, USA",2024-01-22,,Full-Time,Active
2210,Maria Martinez,maria.martinez@northwindmaterials.com,Accountant,Finance,E00132,"Atlanta, GA, USA",45803,2025-05-31,Full-Time,Active
E02211,Kayla Wright,kayla.wright@northwindmaterials.com,Accountant,Finance,E00086,"Houston, TX, USA",42449,,Full-Time,Active
E02212  ,Kelsey Ramos,kelsey.ramos@northwindmaterials.com,Procurement Specialist,Supply Chain,E00190,"Pune, India",05/26/2023,,Full-Time,Active
E2213,Joan Johnson,joan.johnson@northwindmaterials.com,Accountant,Finance,E00069,"Chennai, India",43577,,Full-Time,Active
E02214,Steven Wise,steven.wise@northwindmaterials.com,QA Analyst,Quality Assurance,E00070,"Pune, India",42950,,Full-Time,Active
E02215,Adriana Hendrix,adriana.hendrix@northwindmaterials.com,Supply Chain Analyst,Supply Chain,E00061,"Pune, India",2019-04-15,,Full-Time,Active
2216,Thomas Maldonado,thomas.maldonado@northwindmaterials.com,Supply Chain Analyst,Supply Chain,E00161,"Pune, India",44423,,Full-Time,Active
E02217  ,Larry Morris,larry.morris@northwindmaterials.com,Financial Analyst,Finance,E00148,"Pune, India",05/14/2024,,Full-Time,Active
E2218,Crystal Williams,crystal.williams@northwindmaterials.com,Quality Inspector,Quality Assurance,E00105,"Atlanta, GA, USA",2025-04-28,,Full-Time,Active
E2219,Sharon Meyer,sharon.meyer@northwindmaterials.com,Machine Operator,Manufacturing,E00141,"Houston, TX, USA",43186,,Full-Time,Active
2220,Jon Little,jon.little@northwindmaterials.com,Supply Chain Analyst,Supply Chain,E00096,"Atlanta, GA, USA",08/20/2021,,Full-Time,Active
E02221  ,James Clay,james.clay@northwindmaterials.com,Recruiter,Human Resources,E00188,"Pune, India",03/24/2019,,Full-Time,Active
E02222,Michelle Robinson,michelle.robinson@northwindmaterials.com,Financial Analyst,Finance,E00103,"Chennai, India",12/11/2025,,Full-Time,Active
E2223,Daniel Chen,daniel.chen@northwindmaterials.com,Compliance Analyst,Legal,E00062,"Detroit, MI, USA",12/19/2024,,Full-Time,Active
E2224,Mark Jackson,mark.jackson@northwindmaterials.com,Supply Chain Analyst,Supply Chain,E00161,"Pune, India",44142,,Full-Time,Active
E2225,Joshua Wilson,joshua.wilson@northwindmaterials.com,Logistics Coordinator,Operations,E00067,"Cleveland, OH, USA",03/14/2019,,Full-Time,Active
E02226,Kristina Smith,kristina.smith@northwindmaterials.com,DevOps Engineer,Engineering,E00121,"Detroit, MI, USA",2014-11-03,,Full-Time,Active
E2227,Bobby Logan,bobby.logan@northwindmaterials.com,QA Analyst,Quality Assurance,E00070,"Houston, TX, USA",43054,,Full-Time,Active
2228,Thomas Carlson,thomas.carlson@northwindmaterials.com,Software Engineer,Engineering,E00169,"Detroit, MI, USA",45537,,Full-Time,Active
E2229,Nathan Davis,nathan.davis@northwindmaterials.com,IT Support Specialist,Information Technology,E00098,"Pune, India",42410,,Full-Time,Active
E2230,Eric Davis,eric.davis@northwindmaterials.com,Paralegal,Legal,E00043,"Chennai, India",08/18/2023,,Full-Time,Active
E2231,Christine Galvan,christine.galvan@northwindmaterials.com,Accountant,Finance,E00081,"Pune, India",03/18/2020,,Full-Time,Active
E02232  ,Wendy Garrett,wendy.garrett@northwindmaterials.com,DevOps Engineer,Engineering,E00117,"Pune, India",46193,,Full-Time,Active
2233,Brian Newman,brian.newman@northwindmaterials.com,Supply Chain Analyst,Supply Chain,E00190,"Cleveland, OH, USA",44580,,Full-Time,Active
E02234  ,Jacqueline Moody,jacqueline.moody@northwindmaterials.com,AP Specialist,Finance,E00095,"Houston, TX, USA",09/07/2025,,Full-Time,Active
E2235,David Hall,david.hall@northwindmaterials.com,Supply Chain Analyst,Supply Chain,E00119,"Atlanta, GA, USA",2024-12-29,,Full-Time,Active
E2236,Tina Kramer,tina.kramer@northwindmaterials.com,Financial Analyst,Finance,E00131,"Pune, India",45676,,Full-Time,Active
2237,Katherine Trujillo,katherine.trujillo@northwindmaterials.com,DevOps Engineer,Engineering,E00045,"Cleveland, OH, USA",07/21/2015,,Full-Time,Active
E02238,Samuel Lee,samuel.lee@northwindmaterials.com,Procurement Specialist,Supply Chain,E00118,"Houston, TX, USA",42632,,Full-Time,Active
E2239,Hannah Howard,hannah.howard@northwindmaterials.com,Software Engineer,Engineering,E00183,"Detroit, MI, USA",2021-02-17,,Full-Time,Active
2240,Dennis Roach,dennis.roach@northwindmaterials.com,QA Analyst,Quality Assurance,E00186,"Detroit, MI, USA",11/28/2024,,Full-Time,Active
E2241,Todd Kim,todd.kim@northwindmaterials.com,Machine Operator,Manufacturing,E00115,"Cleveland, OH, USA",06/14/2022,,Full-Time,Active
2242,Kenneth Terry,kenneth.terry@northwindmaterials.com,DevOps Engineer,Engineering,E00153,"Chennai, India",05/06/2021,,Full-Time,Active
E2243,James Lopez,james.lopez@northwindmaterials.com,Network Engineer,Information Technology,E00124,"Atlanta, GA, USA",45089,,Full-Time,Active
2244,Michael Oconnor,michael.oconnor@northwindmaterials.com,QA Analyst,Quality Assurance,E00146,"Atlanta, GA, USA",08/08/2018,,Full-Time,Active
E02245  ,Joshua Guerra,joshua.guerra@northwindmaterials.com,Procurement Specialist,Supply Chain,E00182,"Chennai, India",45286,,Full-Time,Active
E2246,Robin Spencer,robin.spencer@northwindmaterials.com,QA Analyst,Quality Assurance,E00087,"Cleveland, OH, USA",2020-04-05,,Full-Time,Active
E2247,Casey Moore,casey.moore@northwindmaterials.com,Network Engineer,Information Technology,E00091,"Atlanta, GA, USA",43357,,Full-Time,Active
E02248,Kenneth Baker,kenneth.baker@northwindmaterials.com,QA Analyst,Quality Assurance,E00135,"Cleveland, OH, USA",05/13/2024,,Full-Time,Active
E02249,Michael Smith,michael.smith@northwindmaterials.com,Network Engineer,Information Technology,E00116,"Cleveland, OH, USA",12/10/2024,2026-07-31,Full-Time,Active
E2250,Dana Gray,dana.gray@northwindmaterials.com,Customer Success Associate,Customer Success,E00077,"Detroit, MI, USA",45037,,Full-Time,Active
E2251,Jacob Smith,jacob.smith@northwindmaterials.com,Plant Technician,Manufacturing,E00047,"Chennai, India",43388,,Full-Time,Active
2252,Melissa Parsons,melissa.parsons@northwindmaterials.com,Support Specialist,Customer Success,E00167,"Cleveland, OH, USA",2016-10-25,,Full-Time,Active
E02253  ,John Le,john.le@northwindmaterials.com,Financial Analyst,Finance,E00064,"Chennai, India",07/02/2023,,Full-Time,Active
E2254,Dominique Ryan,dominique.ryan@northwindmaterials.com,Supply Chain Analyst,Supply Chain,E00149,"Chennai, India",42243,,Full-Time,Active
2255,Paul Warren,paul.warren@northwindmaterials.com,Procurement Specialist,Supply Chain,E00151,"Atlanta, GA, USA",43849,,Full-Time,Active
E02256,Tyler Arnold,tyler.arnold@northwindmaterials.com,Supply Chain Analyst,Supply Chain,E00173,"Pune, India",03/20/2018,,Full-Time,Active
E02257  ,Chloe Morris,chloe.morris@northwindmaterials.com,Logistics Coordinator,Operations,E00158,"Houston, TX, USA",10/24/2020,,Full-Time,Active
E2258,Danielle Rodriguez,danielle.rodriguez@northwindmaterials.com,Procurement Specialist,Supply Chain,E00100,"Atlanta, GA, USA",44277,,Full-Time,Active
E2259,Alexandra Jones,alexandra.jones@northwindmaterials.com,AP Specialist,Finance,E00044,"Atlanta, GA, USA",42432,,Full-Time,Active
E2260,Mary Anderson,mary.anderson@northwindmaterials.com,AP Specialist,Finance,E00103,"Pune, India",43665,,Full-Time,Active
E2261,Morgan Harris,morgan.harris@northwindmaterials.com,DevOps Engineer,Engineering,E00111,"Pune, India",45928,,Full-Time,Active
E2262,José Fernández,josé.fernández@northwindmaterials.com,Supply Chain Analyst,Supply Chain,E00190,"Detroit, MI, USA",45255,,Full-Time,Active
E2263,Ashley Huff,ashley.huff@northwindmaterials.com,Supply Chain Analyst,Supply Chain,E00052,"Chennai, India",42879,,Full-Time,Active
E02264,Diane Fox,diane.fox@northwindmaterials.com,Procurement Specialist,Supply Chain,E00137,"Pune, India",44906,,Full-Time,Active
E2265,Jacqueline Scott,jacqueline.scott@northwindmaterials.com,Quality Inspector,Quality Assurance,E00166,"Cleveland, OH, USA",2016-05-22,2024-09-18,Full-Time,Active
E02266,Michael Obrien,michael.obrien@northwindmaterials.com,Supply Chain Analyst,Supply Chain,E00177,"Atlanta, GA, USA",01/12/2017,,Full-Time,Active
E02267,Chad Conrad,chad.conrad@northwindmaterials.com,Quality Inspector,Quality Assurance,E00175,"Pune, India",12/27/2025,,Full-Time,Active
E2268,Jason Henry,jason.henry@northwindmaterials.com,IT Support Specialist,Information Technology,E00065,"Atlanta, GA, USA",44556,,Full-Time,Active
2269,Pamela Miller,pamela.miller@northwindmaterials.com,Compliance Analyst,Legal,E00062,"Pune, India",2023-11-15,,Full-Time,Active
E2270,Laurie Brown,laurie.brown@northwindmaterials.com,Accountant,Finance,E00056,"Pune, India",45580,,Full-Time,Active
E02271  ,Angela Hurley,angela.hurley@northwindmaterials.com,DevOps Engineer,Engineering,E00045,"Atlanta, GA, USA",05/16/2018,,Full-Time,Active
E02272,Robert Wood,robert.wood@northwindmaterials.com,DevOps Engineer,Engineering,E00174,"Pune, India",43956,,Full-Time,Active
E02273,Jeanette Colon,jeanette.colon@northwindmaterials.com,DevOps Engineer,Engineering,E00127,"Houston, TX, USA",2019-04-29,,Full-Time,Active
E02274,Joseph Williams,joseph.williams@northwindmaterials.com,Supply Chain Analyst,Supply Chain,,"Cleveland, OH, USA",46031,,Full-Time,Active
2275,Chad Torres,chad.torres@northwindmaterials.com,Supply Chain Analyst,Supply Chain,E00052,"Chennai, India",2015-09-04,,Full-Time,Active
E02276  ,Shirley Yu,shirley.yu@northwindmaterials.com,Supply Chain Analyst,Supply Chain,E00187,"Detroit, MI, USA",01/15/2025,,Full-Time,Active
E2277,Colton Hardy,colton.hardy@northwindmaterials.com,AP Specialist,Finance,E00164,"Cleveland, OH, USA",2015-04-10,,Full-Time,Active
E2278,Amanda Lopez,amanda.lopez@northwindmaterials.com,IT Support Specialist,Information Technology,E00189,"Chennai, India",04/25/2016,,Full-Time,Active
E02279,Alicia Wright,alicia.wright@northwindmaterials.com,Software Engineer,Engineering,,"Houston, TX, USA",2025-01-12,,Full-Time,Active
2280,Colleen White,colleen.white@northwindmaterials.com,Customer Success Associate,Customer Success,E00167,"Cleveland, OH, USA",2023-03-23,,Full-Time,Active
E02281  ,Kara Perry,kara.perry@northwindmaterials.com,Machine Operator,Manufacturing,E00172,"Houston, TX, USA",44701,,Full-Time,Active
2282,Daniel Fowler,daniel.fowler@northwindmaterials.com,HR Generalist,Human Resources,E00107,"Pune, India",45157,,Full-Time,Active
E02283,Michael Ellis,michael.ellis@northwindmaterials.com,Support Specialist,Customer Success,E00114,"Houston, TX, USA",43478,,Full-Time,Active
E2284,Elizabeth Andrade,elizabeth.andrade@northwindmaterials.com,Procurement Specialist,Supply Chain,E00046,"Pune, India",45135,,Full-Time,Active
2285,Garrett White,garrett.white@northwindmaterials.com,Quality Inspector,Quality Assurance,E00087,"Chennai, India",42195,,Full-Time,Active
E02286  ,Richard Morgan,richard.morgan@northwindmaterials.com,Supply Chain Analyst,Supply Chain,E00157,"Cleveland, OH, USA",2014-11-30,,Full-Time,Active
E2287,Eric Murillo,eric.murillo@northwindmaterials.com,Plant Technician,Manufacturing,E00109,"Atlanta, GA, USA",2020-04-17,,Full-Time,Active
E2288,Scott Gomez,scott.gomez@northwindmaterials.com,Software Engineer,Engineering,E00089,"Houston, TX, USA",03/31/2017,,Full-Time,Active
E2289,Leslie Frey,leslie.frey@northwindmaterials.com,Financial Analyst,Finance,E00064,"Pune, India",2017-09-26,,Full-Time,Active
E2290,Mark Watson,mark.watson@northwindmaterials.com,Supply Chain Analyst,Supply Chain,E00082,"Atlanta, GA, USA",44565,,Full-Time,Active
E02291  ,Kathryn Jordan,kathryn.jordan@northwindmaterials.com,Plant Technician,Manufacturing,E00141,"Chennai, India",2025-02-01,,Full-Time,Active
E2292,Jessica Franklin,jessica.franklin@northwindmaterials.com,Network Engineer,Information Technology,E00155,"Chennai, India",45857,,Full-Time,Active
2293,Anna Lewis,anna.lewis@northwindmaterials.com,Paralegal,Legal,E00085,"Pune, India",2025-01-08,,Full-Time,Active
2294,Katie Howe,katie.howe@northwindmaterials.com,Financial Analyst,Finance,E00131,"Chennai, India",03/15/2016,,Full-Time,Active
E2295,Jonathan Nixon,jonathan.nixon@northwindmaterials.com,Software Engineer,Engineering,E00110,"Detroit, MI, USA",42562,,Full-Time,Active
E2296,Seth Sanders,seth.sanders@northwindmaterials.com,Compliance Analyst,Legal,E00085,"Atlanta, GA, USA",2020-02-09,,Full-Time,Active
2297,Jessica Bird,jessica.bird@northwindmaterials.com,Accountant,Finance,E00164,"Atlanta, GA, USA",2024-06-28,,Full-Time,Active
E02298,Caitlin Holmes,caitlin.holmes@northwindmaterials.com,Quality Inspector,Quality Assurance,E00179,"Atlanta, GA, USA",10/26/2017,,Full-Time,Active
E2299,Victoria Turner,victoria.turner@northwindmaterials.com,Support Specialist,Customer Success,E00142,"Houston, TX, USA",2025-03-26,,Full-Time,Active
2300,Kevin Walker,kevin.walker@northwindmaterials.com,Support Specialist,Customer Success,E00080,"Detroit, MI, USA",2020-12-07,,Full-Time,Active
E2301,Melissa Smith,melissa.smith@northwindmaterials.com,Systems Administrator,Information Technology,E00116,"Atlanta, GA, USA",04/17/2018,,Full-Time,Active
E2302,Lynn Norris,lynn.norris@northwindmaterials.com,Paralegal,Legal,E00123,"Detroit, MI, USA",07/02/2018,,Full-Time,Active
E2303,Joshua Spencer,joshua.spencer@northwindmaterials.com,QA Analyst,Quality Assurance,E00179,"Atlanta, GA, USA",01/29/2015,2026-01-10,Full-Time,Active
E2304,Angela Howe,angela.howe@northwindmaterials.com,Systems Administrator,Information Technology,E00112,"Houston, TX, USA",12/05/2016,,Full-Time,Active
E2305,Eric Johnson,eric.johnson@northwindmaterials.com,Software Engineer,Engineering,E00111,"Houston, TX, USA",08/25/2018,,Full-Time,Active
E02306,Michael Taylor,michael.taylor@northwindmaterials.com,Compliance Analyst,Legal,E00192,"Atlanta, GA, USA",04/09/2021,,Full-Time,Active
E2307,Michael Perkins,michael.perkins@northwindmaterials.com,Paralegal,Legal,E00104,"Pune, India",2017-06-17,,Full-Time,Active
E02308,Jesse Shepherd,jesse.shepherd@northwindmaterials.com,Paralegal,Legal,E00129,"Houston, TX, USA",46265,,Full-Time,Active
E2309,Christopher Ross,christopher.ross@northwindmaterials.com,Software Engineer,Engineering,E00183,"Chennai, India",2023-06-10,,Full-Time,Active
E2310,Samantha Navarro,samantha.navarro@northwindmaterials.com,Software Engineer,Engineering,E00045,"Detroit, MI, USA",43265,,Full-Time,Active
E02311  ,Jennifer Mcguire,jennifer.mcguire@northwindmaterials.com,Financial Analyst,Finance,E00148,"Pune, India",42521,,Full-Time,Active
E02312  ,Gerald Petersen,gerald.petersen@northwindmaterials.com,AP Specialist,Finance,E00069,"Atlanta, GA, USA",2014-12-04,,Full-Time,Active
E2313,Hannah Johnston,hannah.johnston@northwindmaterials.com,Financial Analyst,Finance,E00132,"Chennai, India",2020-10-20,,Full-Time,Active
E2314,Rebecca Larson,rebecca.larson@northwindmaterials.com,Production Associate,Manufacturing,E00115,"Cleveland, OH, USA",02/12/2018,,Full-Time,Active
E02315  ,Kevin Cross,kevin.cross@northwindmaterials.com,Machine Operator,Manufacturing,E00051,"Pune, India",07/22/2024,,Full-Time,Active
2316,Barbara Miller,barbara.miller@northwindmaterials.com,Procurement Specialist,Supply Chain,E00066,"Pune, India",09/15/2022,,Full-Time,Active
E2317,Brian Wise,brian.wise@northwindmaterials.com,Network Engineer,Information Technology,E00098,"Chennai, India",2018-08-31,2025-12-23,Full-Time,Active
E2318,Michael Montoya,michael.montoya@northwindmaterials.com,Procurement Specialist,Supply Chain,E00074,"Detroit, MI, USA",43660,,Full-Time,Active
2319,Robert Parrish,robert.parrish@northwindmaterials.com,Compliance Analyst,Legal,E00076,"Chennai, India",06/13/2015,,Full-Time,Active
2320,Molly Perez,molly.perez@northwindmaterials.com,Procurement Specialist,Supply Chain,E00187,"Detroit, MI, USA",46246,,Full-Time,Active
E2321,Denise Guzman,denise.guzman@northwindmaterials.com,QA Engineer,Engineering,E00090,"Houston, TX, USA",07/10/2019,,Full-Time,Active
E2322,Alexander Waters,alexander.waters@northwindmaterials.com,Customer Success Associate,Customer Success,E00162,"Chennai, India",2024-08-03,,Full-Time,Active
E02323,Patrick Torres,patrick.torres@northwindmaterials.com,QA Engineer,Engineering,E00159,"Atlanta, GA, USA",09/30/2015,,Full-Time,Active
E02324,Blake Fernandez,blake.fernandez@northwindmaterials.com,Accountant,Finance,E00125,"Cleveland, OH, USA",2026-05-27,,Full-Time,Active
2325,Edward Shaw,edward.shaw@northwindmaterials.com,Supply Chain Analyst,Supply Chain,E00061,"Detroit, MI, USA",12/24/2016,,Full-Time,Active
2326,Jeffrey Williams,jeffrey.williams@northwindmaterials.com,Supply Chain Analyst,Supply Chain,E00140,"Houston, TX, USA",2023-06-08,,Full-Time,Active
E02327,Jessica Long,jessica.long@northwindmaterials.com,Support Specialist,Customer Success,E00058,"Houston, TX, USA",44411,,Full-Time,Active
2328,Sean Larson,sean.larson@northwindmaterials.com,Support Specialist,Customer Success,E00088,"Detroit, MI, USA",2024-08-19,,Full-Time,Active
E2329,William Walker,william.walker@northwindmaterials.com,Financial Analyst,Finance,E00168,"Pune, India",42315,,Full-Time,Active
E02330,Keith Foster,keith.foster@northwindmaterials.com,Plant Technician,Manufacturing,E00143,"Chennai, India",10/12/2014,,Full-Time,Active
E2331,David Miller,david.miller@northwindmaterials.com,Financial Analyst,Finance,E00168,"Cleveland, OH, USA",10/07/2015,,Full-Time,Active
2332,Ashley Williams,ashley.williams@northwindmaterials.com,DevOps Engineer,Engineering,E00181,"Cleveland, OH, USA",2023-02-20,,Full-Time,Active
E2333,Raymond Miller,raymond.miller@northwindmaterials.com,QA Analyst,Quality Assurance,E00070,"Chennai, India",2019-03-14,,Full-Time,Active
E2334,Warren Ayala,warren.ayala@northwindmaterials.com,Machine Operator,Manufacturing,E00109,"Detroit, MI, USA",43931,,Full-Time,Active
E2335,David Taylor,david.taylor@northwindmaterials.com,Procurement Specialist,Supply Chain,E00061,"Pune, India",2023-01-29,,Full-Time,Active
E02336  ,Anita Freeman,anita.freeman@northwindmaterials.com,Recruiter,Human Resources,E00107,"Detroit, MI, USA",2020-01-10,,Full-Time,Active
E2337,Denise Gonzalez,denise.gonzalez@northwindmaterials.com,Operations Analyst,Operations,E00170,"Chennai, India",43524,,Full-Time,Active
E02338,Christina Fitzgerald,christina.fitzgerald@northwindmaterials.com,Paralegal,Legal,E00043,"Chennai, India",2016-09-21,,Full-Time,Active
E2339,John Jones,john.jones@northwindmaterials.com,Support Specialist,Customer Success,E00142,"Cleveland, OH, USA",42017,,Full-Time,Active
E2340,Kimberly Morris,kimberly.morris@northwindmaterials.com,DevOps Engineer,Engineering,E00127,"Pune, India",45340,,Full-Time,Active
2341,Sandra Davis,sandra.davis@northwindmaterials.com,Compliance Analyst,Legal,E00043,"Atlanta, GA, USA",04/20/2015,,Full-Time,Active
E02342  ,Emily Henderson,emily.henderson@northwindmaterials.com,Systems Administrator,Information Technology,,"Chennai, India",01/01/2015,,Full-Time,Active
E2343,Michael Flores,michael.flores@northwindmaterials.com,Customer Success Associate,Customer Success,E00060,"Detroit, MI, USA",03/27/2022,,Full-Time,Active
E2344,Brittney Johnson,brittney.johnson@northwindmaterials.com,Line Supervisor,Manufacturing,E00141,"Detroit, MI, USA",2018-12-26,,Full-Time,Active
E02345  ,Kevin Huerta,kevin.huerta@northwindmaterials.com,HR Coordinator,Human Resources,E00188,"Houston, TX, USA",2016-02-03,,Full-Time,Active
E2346,Christina Branch,christina.branch@northwindmaterials.com,QA Engineer,Engineering,E00128,"Atlanta, GA, USA",08/15/2019,2026-07-02,Full-Time,Terminated
E2347,Scott Thomas,scott.thomas@northwindmaterials.com,Software Engineer,Engineering,,"Houston, TX, USA",2016-11-03,,Full-Time,Active
E2348,Brady Meyers,brady.meyers@northwindmaterials.com,QA Analyst,Quality Assurance,,"Detroit, MI, USA",06/10/2018,,Full-Time,Active
E2349,James Brooks,james.brooks@northwindmaterials.com,Compliance Analyst,Legal,E00160,"Chennai, India",06/03/2018,,Full-Time,Active
E02350,Katherine Farrell,katherine.farrell@northwindmaterials.com,Procurement Specialist,Supply Chain,E00094,"Pune, India",42246,,Full-Time,Active
2351,Daniel Brown,daniel.brown@northwindmaterials.com,Systems Administrator,Information Technology,E00053,"Chennai, India",12/31/2023,,Full-Time,Active
E02352  ,Stacy Mcintosh,stacy.mcintosh@northwindmaterials.com,Systems Administrator,Information Technology,E00091,"Chennai, India",03/03/2026,,Full-Time,Active
E2353,Misty Wilkins,misty.wilkins@northwindmaterials.com,Customer Success Associate,Customer Success,E00142,"Chennai, India",2017-02-02,,Full-Time,Active
2354,Alexander Benson,alexander.benson@northwindmaterials.com,Line Supervisor,Manufacturing,E00134,"Detroit, MI, USA",2022-01-04,,Full-Time,Active
E02355,Daniel Cole,daniel.cole@northwindmaterials.com,Network Engineer,Information Technology,E00155,"Cleveland, OH, USA",2021-11-29,,Full-Time,Active
E2356,Andrew Clark,andrew.clark@northwindmaterials.com,Paralegal,Legal,E00078,"Cleveland, OH, USA",12/04/2018,,Full-Time,Active
E2357,Amanda Harris,amanda.harris@northwindmaterials.com,Senior Software Engineer,Engineering,E00049,"Atlanta, GA, USA",43582,,Full-Time,Active
E02358,Alexandra Green,alexandra.green@northwindmaterials.com,Customer Success Associate,Customer Success,E00142,"Pune, India",45122,,Full-Time,Active
E02359  ,Timothy Blair,timothy.blair@northwindmaterials.com,DevOps Engineer,Engineering,E00121,"Pune, India",2024-04-09,,Full-Time,Active
E2360,Donald Hale,donald.hale@northwindmaterials.com,Operations Analyst,Operations,E00158,"Detroit, MI, USA",2017-05-20,,Full-Time,Active
E2361,Andrew Aguilar,andrew.aguilar@northwindmaterials.com,Paralegal,Legal,E00129,"Houston, TX, USA",11/20/2019,,Full-Time,Active
E2362,Elizabeth Williams,elizabeth.williams@northwindmaterials.com,Systems Administrator,Information Technology,E00053,"Detroit, MI, USA",2019-06-21,2026-08-17,Full-Time,Terminated
E02363,George Campbell,george.campbell@northwindmaterials.com,QA Analyst,Quality Assurance,E00097,"Chennai, India",2017-01-18,,Full-Time,Active
E2364,Kristina Williamson,kristina.williamson@northwindmaterials.com,Financial Analyst,Finance,E00180,"Chennai, India",09/03/2022,,Full-Time,Active
E02365,Brian Pena,brian.pena@northwindmaterials.com,Procurement Specialist,Supply Chain,E00191,"Detroit, MI, USA",12/05/2021,,Full-Time,Active
E02366  ,Alan Price,alan.price@northwindmaterials.com,Procurement Specialist,Supply Chain,E00052,"Atlanta, GA, USA",07/27/2018,,Full-Time,Active
E2367,Joseph Christian,joseph.christian@northwindmaterials.com,Line Supervisor,Manufacturing,E00047,"Pune, India",42008,,Full-Time,Active
E2368,Donna Lin,donna.lin@northwindmaterials.com,Procurement Specialist,Supply Chain,E00054,"Chennai, India",09/11/2023,,Full-Time,Active
E02369,Andrew Dillon,andrew.dillon@northwindmaterials.com,Paralegal,Legal,E00076,"Cleveland, OH, USA",10/07/2021,2025-05-22,Full-Time,Terminated
2370,Debra Hall,debra.hall@northwindmaterials.com,Compliance Analyst,Legal,E00055,"Detroit, MI, USA",2014-12-11,,Full-Time,Active
2371,Oscar Bray,oscar.bray@northwindmaterials.com,Senior Software Engineer,Engineering,E00159,"Pune, India",45074,,Full-Time,Active
E02372  ,Cory Stewart,cory.stewart@northwindmaterials.com,Procurement Specialist,Supply Chain,E00059,"Detroit, MI, USA",06/12/2019,,Full-Time,Active
E02373  ,Michelle Schmidt,michelle.schmidt@northwindmaterials.com,Operations Analyst,Operations,E00170,"Detroit, MI, USA",45644,,Full-Time,Active
E2374,Jacob Mason,jacob.mason@northwindmaterials.com,Supply Chain Analyst,Supply Chain,E00094,"Houston, TX, USA",08/12/2019,,Full-Time,Active
E02375,Stephen House,stephen.house@northwindmaterials.com,QA Engineer,Engineering,E00145,"Detroit, MI, USA",42426,,Full-Time,Active
E02376  ,Andrew Wright,andrew.wright@northwindmaterials.com,Procurement Specialist,Supply Chain,E00190,"Houston, TX, USA",2020-12-02,,Full-Time,Active
E2377,Alyssa Cook,alyssa.cook@northwindmaterials.com,Quality Inspector,Quality Assurance,E00097,"Pune, India",2022-12-13,,Full-Time,Active
E02378  ,Phillip Moore,phillip.moore@northwindmaterials.com,QA Analyst,Quality Assurance,E00087,"Detroit, MI, USA",2015-08-29,,Full-Time,Active
E2379,Michael Bell,michael.bell@northwindmaterials.com,QA Analyst,Quality Assurance,E00073,"Cleveland, OH, USA",2016-03-08,,Full-Time,Active
E2380,Colleen Young,colleen.young@northwindmaterials.com,Procurement Specialist,Supply Chain,E00149,"Chennai, India",43676,,Full-Time,Active
E2381,Tiffany Mason,tiffany.mason@northwindmaterials.com,Procurement Specialist,Supply Chain,E00137,"Atlanta, GA, USA",45253,,Full-Time,Active
E02382,Lisa Garrett,lisa.garrett@northwindmaterials.com,Quality Inspector,Quality Assurance,E00105,"Cleveland, OH, USA",06/09/2021,,Full-Time,Active
E02383  ,Natasha Zamora,natasha.zamora@northwindmaterials.com,Compliance Analyst,Legal,E00068,"Cleveland, OH, USA",2025-11-17,,Full-Time,Active
E2384,Lisa Johnson,lisa.johnson@northwindmaterials.com,Line Supervisor,Manufacturing,E00047,"Detroit, MI, USA",2016-12-16,,Full-Time,Active
2385,Angela Ramirez,angela.ramirez@northwindmaterials.com,Financial Analyst,Finance,E00044,"Cleveland, OH, USA",2018-07-09,,Full-Time,Active
2386,Edward Prince,edward.prince@northwindmaterials.com,Network Engineer,Information Technology,E00065,"Chennai, India",04/28/2020,,Full-Time,Active
E02387,Diane Miller,diane.miller@northwindmaterials.com,Line Supervisor,Manufacturing,E00115,"Chennai, India",42662,,Full-Time,Active
E02388  ,Patrick Yu,patrick.yu@northwindmaterials.com,AP Specialist,Finance,E00164,"Cleveland, OH, USA",44543,,Full-Time,Active
E02389  ,Cheyenne Garrett,cheyenne.garrett@northwindmaterials.com,Financial Analyst,Finance,E00095,"Chennai, India",45069,,Full-Time,Active
2390,Jeremy Allen,jeremy.allen@northwindmaterials.com,Network Engineer,Information Technology,E00112,"Atlanta, GA, USA",2017-08-27,,Full-Time,Active
2391,Eric Waller,eric.waller@northwindmaterials.com,Financial Analyst,Finance,E00148,"Cleveland, OH, USA",02/14/2022,,Full-Time,Active
2392,Renee Murphy,renee.murphy@northwindmaterials.com,Procurement Specialist,Supply Chain,E00052,"Chennai, India",43322,,Full-Time,Active
E2393,Amy Clark,amy.clark@northwindmaterials.com,Operations Analyst,Operations,E00170,"Chennai, India",44490,,Full-Time,Active
E2394,Dillon Weaver,dillon.weaver@northwindmaterials.com,Accountant,Finance,E00120,"Atlanta, GA, USA",45835,,Full-Time,Active
E02395,Lauren Huffman,lauren.huffman@northwindmaterials.com,AP Specialist,Finance,E00044,"Cleveland, OH, USA",42439,,Full-Time,Active
E2396,Kyle Thornton,kyle.thornton@northwindmaterials.com,Procurement Specialist,Supply Chain,E00092,"Pune, India",2022-03-11,,Full-Time,Active
E2397,Alexandria Taylor,alexandria.taylor@northwindmaterials.com,Logistics Coordinator,Operations,,"Pune, India",2015-01-26,,Full-Time,Active
E2398,Wendy Daugherty,wendy.daugherty@northwindmaterials.com,Plant Technician,Manufacturing,E00172,"Atlanta, GA, USA",45563,,Full-Time,Active
E2399,Dustin Fitzpatrick,dustin.fitzpatrick@northwindmaterials.com,Supply Chain Analyst,Supply Chain,E00096,"Detroit, MI, USA",2023-04-02,,Full-Time,Active
E2400,Sally Stewart,sally.stewart@northwindmaterials.com,Procurement Specialist,Supply Chain,E00092,"Cleveland, OH, USA",02/19/2026,,Full-Time,Active
